category,path,extension,bytes
其他,.git/COMMIT_EDITMSG,,21
其他,.git/config,,308
其他,.git/description,,73
其他,.git/FETCH_HEAD,,103
其他,.git/HEAD,,23
其他,.git/hooks/applypatch-msg.sample,.sample,478
其他,.git/hooks/commit-msg.sample,.sample,1972
其他,.git/hooks/fsmonitor-watchman.sample,.sample,4611
其他,.git/hooks/post-update.sample,.sample,189
其他,.git/hooks/pre-applypatch.sample,.sample,424
其他,.git/hooks/pre-commit.sample,.sample,1649
其他,.git/hooks/pre-merge-commit.sample,.sample,416
其他,.git/hooks/pre-push.sample,.sample,1374
其他,.git/hooks/pre-rebase.sample,.sample,4898
其他,.git/hooks/pre-receive.sample,.sample,544
其他,.git/hooks/prepare-commit-msg.sample,.sample,1492
其他,.git/hooks/push-to-checkout.sample,.sample,2783
其他,.git/hooks/sendemail-validate.sample,.sample,2308
其他,.git/hooks/update.sample,.sample,3650
其他,.git/index,,50816
其他,.git/info/exclude,,240
其他,.git/info/refs,,245
其他,.git/logs/HEAD,,5600
其他,.git/logs/refs/heads/master,,5012
其他,.git/logs/refs/remotes/origin/HEAD,,183
其他,.git/logs/refs/remotes/origin/master,,4740
其他,.git/logs/refs/stash,,283
其他,.git/objects/00/4d277c0e56c991abfff4b0ba2314a54c2d28a8,,789
其他,.git/objects/05/b4ac2a9aabb9b006c5b4be2b71764d2091c8dc,,831
其他,.git/objects/05/c66e936ab0919c724228f760a3926ca9245345,,2601
其他,.git/objects/07/ce5f60259a1e0d9acb876678650b8c87a349c3,,4516
其他,.git/objects/08/e9197322291962635d8001c6607f2be748041c,,324
其他,.git/objects/09/b87ae4b71c3b91269743e289dc4a44b98ffd90,,53
其他,.git/objects/0a/70c077ab5b2a89367aa109d31ef106b813cdd9,,790
其他,.git/objects/0d/6248b77acf87f8cfe0e733cfc2f6b6820619ab,,209
其他,.git/objects/11/d4c1af9136ae4bf6dd8331e0e3be1cdae376ce,,789
其他,.git/objects/12/972b46da549d7cb5119cd32d2f3fa516483f7a,,320
其他,.git/objects/12/b93bdce2244a5b6e587b0d1781a4dd174612a1,,212
其他,.git/objects/14/426d78ff00026756a138870f5b96e0f2119bb7,,323
其他,.git/objects/15/0f73057e8ac08a49d2a17758f63710eada8144,,198
其他,.git/objects/16/1cdb5cf76df00ccdeaba883224654764f321ca,,441
其他,.git/objects/16/f802fe1459194ace0244330b72d3b4f371dd04,,325
其他,.git/objects/18/7ba3d2c0fa85bd65c6dddcc34d7e58c59073f3,,53
其他,.git/objects/19/593015993b450528c59d75385f521120369fba,,342
其他,.git/objects/19/d969f1cb3208626424f63b1495a52ce4c5cf00,,2599
其他,.git/objects/1a/2366a4b02e94bdbb55f8df7336c696881fb7ce,,117
其他,.git/objects/1c/b23e1d90b93310bf398c2c82c55aea6465584f,,1679
其他,.git/objects/1d/3fc819fbafcd6a9b5d49ae1039ee154d7f5ece,,218
其他,.git/objects/1f/01786fe4294da1285b0133e8ddf9af8d89f64e,,730
其他,.git/objects/1f/430bc8b12ffe4ff95710c22064e43c8dcc550d,,270
其他,.git/objects/1f/cc09182ffbeef2962fcd0e8eaf61172c46dfa3,,1354847
其他,.git/objects/20/09ace8577a4a18eb901fc46ae18d6a4a7bb779,,235
其他,.git/objects/22/a913db90fb4b9c9067f73525a782b6e90b5235,,913
其他,.git/objects/22/c9f6bdbc8ce42e995a62fd839b151b2903037b,,80381
其他,.git/objects/23/9b59cee7a73f7ef125b4e81b201748a3dccdb5,,2567
其他,.git/objects/28/3fc3ff504fb3c2683954c51c4441cd3237cffe,,2683
其他,.git/objects/2a/be3b385bcbc7a9098273e3d033743079c7a7a1,,204
其他,.git/objects/2b/7fdd401a1b7cfba8106ccbed27c446720f868f,,2774808
其他,.git/objects/2b/b56362c338bb47aa28390153168f89126ce46f,,39237
其他,.git/objects/2c/17644de92683d10bfe41a3442348e2c1c5e312,,910
其他,.git/objects/2d/d5e3d6ca456bfa60578df33e8089c087362714,,4913
其他,.git/objects/2e/b1fd90ab7db8cf6697364fc7c27f061e5a8372,,53
其他,.git/objects/2f/78404084001a6313e393c89d13bab60f845267,,717
其他,.git/objects/32/1ff3baf1587d30361c12411b74a90ef7d189ba,,355
其他,.git/objects/32/e4ea4d89ef91a65897da243604a757fca5ee03,,47032
其他,.git/objects/33/5399bd5e43605a19a1f109cc5d10d58455c031,,588
其他,.git/objects/34/01d7bb3553497c3b3c37a1f97a54d5d11269f5,,2328902
其他,.git/objects/36/2d629332d8950c7535b440c839026c99338c7b,,249
其他,.git/objects/39/9ba306fc3f25fd2382885fe88f791e8e5a05ab,,2603
其他,.git/objects/39/c00a0ba8fd7c0f37269a1542c2d39002f58fba,,53
其他,.git/objects/3a/1db6a882e45341113c3c4de61f589043507a18,,1034
其他,.git/objects/3b/27563f02a61927916800b2efb9b21f58c5ff57,,287
其他,.git/objects/3b/cf266acd24bed99a9634bc5290f81349d6c767,,323
其他,.git/objects/3c/17aa37d422f4e1cdcb3a7f088b18d40da198a6,,2789
其他,.git/objects/3c/f37ecde4259434362657693c713228826e4316,,2750
其他,.git/objects/3d/f67323f182a5a399a9f6ee68a20cca145feae3,,830
其他,.git/objects/3f/b3cb4d100a117581fd56c1af523945e5e4c84b,,255716
其他,.git/objects/42/d89110e45fdbbb8eef27cfc1a767f008821c09,,1030
其他,.git/objects/43/9190860b68f01801b5591cd46af76028194aac,,53
其他,.git/objects/45/dbf372ed4ecc471349106d23398fcccc2559b2,,31358
其他,.git/objects/48/29d57fc61e95970ce51d4f4d001d973e86dc9c,,1384
其他,.git/objects/48/99892fc90acb577deed0ea546b958a087314e1,,2690788
其他,.git/objects/48/e4e0e5f9f4e61446a4b570862c974a2786b066,,249
其他,.git/objects/4e/a1eb4aaaeff19133a8d68c644bf2a8d4b2df79,,22127
其他,.git/objects/50/4b6df0a49c3a5694d0589b3ff6a6b5d7182a8f,,4130
其他,.git/objects/51/d19de13f2d239dce036e94f907db70f0547e2e,,580
其他,.git/objects/53/964659ae702e4ef582f2539147e0c851b6b0f4,,2102
其他,.git/objects/55/4b84ee822ec1aeeea80df2395756419da94ba0,,7890
其他,.git/objects/55/791376c9050caf7992f2ddef5f9e35dcc1d2c8,,831
其他,.git/objects/55/eb67cf8cbf896ef63a24207b4cc787f60b59f0,,748
其他,.git/objects/56/263384be7ff1b228c413e78b93a9695dfb4e3e,,796
其他,.git/objects/58/b2cf2ec19864b81086a98fa5f6be082e40dfe6,,323
其他,.git/objects/5b/8947814d06357c3647be12d024380b36f01df1,,1687450
其他,.git/objects/5c/298a26202c1a63dd5aad64f9595c81032546be,,157
其他,.git/objects/5c/6a1fcedcb5e105a33bd0df02621b6c356f63d3,,428
其他,.git/objects/5d/9731e4943b2cf9600e51fa659f6abb71556564,,747
其他,.git/objects/5f/0f4b63efe54ac0434f14c84e8dcef2c0832a59,,325
其他,.git/objects/60/09ab952eece9c8c8e5031590532dd945b2458c,,159
其他,.git/objects/60/601dad939588b3fb1cb864d9b7bfdc5c40131e,,5961
其他,.git/objects/60/6a2b456e539cd5c5338d7005df95dae8765aeb,,936
其他,.git/objects/62/8167231a635660de9094601e25deca895bafc4,,147
其他,.git/objects/63/00e62ea2b56ded4b7108d38add1704a2cd533d,,2644
其他,.git/objects/64/594e58c3f42372482dd7122397cc49a1a91ca6,,2772
其他,.git/objects/65/a4b0d4a8f3ab883a68efbb26701f7d9f169421,,6206
其他,.git/objects/67/87488d8ebd939f3af89fca54ef95e8bb394c32,,283
其他,.git/objects/68/33d2a08ca80b29648bdbdc67c6bf90e14485a5,,120
其他,.git/objects/68/619bd185bb9a0bc3568c86f3ecf2a0cf4bd223,,2879
其他,.git/objects/68/71a3f1c540c402fa6162f28a4475581a432848,,1735063
其他,.git/objects/69/b72a6b3a8d8a2bb85c975a23c1b21349bae1cd,,53
其他,.git/objects/6b/7db588143eddee83c8584f15b03841d104744b,,7199
其他,.git/objects/6b/c7956d70a1ad220935f80b3feb3ccd9e8677cf,,51334
其他,.git/objects/6b/d53be4def4641cf57d409db11da40bdd00fcd7,,983
其他,.git/objects/6c/031ae0669d7675dcb1923cd495a32933f0e165,,983
其他,.git/objects/6c/6c411714e3d58f0d3487d00b4fc29020c837bc,,194
其他,.git/objects/6c/c289742d1d2087abc1c961141e7364aba93e4d,,520
其他,.git/objects/6e/a16c9dd4400296b8e65ffd3ff53afb9baafe3b,,779
其他,.git/objects/6f/6a5c628b476f3f08309efe386f77cfd9de909b,,897
其他,.git/objects/71/55ccdc4b0e22c7ebb23e56e6433dd370922526,,748
其他,.git/objects/71/d6402b8a633b7136319dbde24b739c9b7c8989,,183
其他,.git/objects/74/13f913d4333315789f1d536d92e2c498b7ea9b,,224
其他,.git/objects/75/88ea2aebc9b57e2e57ed0b642d049552ff816e,,181
其他,.git/objects/75/eb2e2341d6f916ff7b8dfb89d217bfe6f4cf53,,714
其他,.git/objects/78/341dd96fc515f7626ade650eb769f10c997e44,,83
其他,.git/objects/78/f9eeed678a56a0bd376861196536816ac9a62c,,960
其他,.git/objects/7a/6ea6550a1b0adc0a4bc3d295e87ed51d0caf73,,53
其他,.git/objects/7a/81449643a9ca65becc39d0768e65a12468ef13,,218
其他,.git/objects/7b/16c6a54ec6bc1fe775a04776524b084c23a8e2,,205
其他,.git/objects/7b/c0bb5b4deccedc494dffd81277ab16f78f68d6,,22242
其他,.git/objects/7c/665ed59526cee45b4bf1a12f0be959b222b19f,,1070
其他,.git/objects/7e/cd0edfcfed65d55f90c3f51e7d7eb7721cc25c,,10850
其他,.git/objects/7f/c2eaa01b5e51c6229eac0f4b20423c86f0178a,,955
其他,.git/objects/80/52eb02c9d934b3bb85d194c8924f843d318906,,159
其他,.git/objects/80/e945256e99aa0b29256c3c726aaaaf2ffe88ad,,140
其他,.git/objects/81/56dc64b5c974143bd3f576416038bf7c4ca5a7,,913
其他,.git/objects/81/584d3843e8ac9ae2edb427c265d4789608a668,,136
其他,.git/objects/82/5ec30bbe46b7e6c61b531bcd63b535df3bff62,,580
其他,.git/objects/84/af5634ce0cb5148de0bc3abad5e77f4021ffaa,,175
其他,.git/objects/85/22763f4cbc08975de85f295d23b443afd68750,,44676
其他,.git/objects/85/842eb9663aaf9b4f8961b1cd938ca4760ea465,,53
其他,.git/objects/87/564a8e90750a06d8d3bab6c9c445b50175b385,,271
其他,.git/objects/88/077f42a63ced8a4f867292985b166a1be9ce72,,188
其他,.git/objects/88/4b32b161453f5faca594fda031ad506f7ee8b6,,176509
其他,.git/objects/89/13c0cb3016937ff02be2de14fe44850609b889,,738
其他,.git/objects/8b/5b310117eaf6a17762a81df5744eadb064bea6,,589
其他,.git/objects/8c/e9820390cc3cf062730a647f11862595dac63e,,1050
其他,.git/objects/8e/b594b2543bfdffb4c3315954d75dec19f72a23,,676
其他,.git/objects/8e/d7ddfd923b1eec223b0bcf0b3b2ed4a2f0303e,,195127
其他,.git/objects/91/5e4468f8ff882eeb84ae8c40ff5715c79539be,,779
其他,.git/objects/92/b5a0f1ed40e8abc8b2f5e3a5b62ae2592be254,,1691
其他,.git/objects/94/b6bac9496c7f46d4de0db739cd3b4e0fe198ec,,287
其他,.git/objects/95/07a377ca373472e3a8edd50d99ed02d91ee28a,,2648
其他,.git/objects/99/20be06d890824859d64abcd80165272fed230e,,19881
其他,.git/objects/99/803018723f0b4d73a4022680e8848ad005f28c,,756
其他,.git/objects/99/f90fba06cbc1d933e0f147ad8a581c740a8627,,435
其他,.git/objects/9a/d39f417a2e7123d379d92288e6fa888fe1edd6,,201
其他,.git/objects/9b/60e97e87e2d6ce02fa6e600f78ca21e37d9d17,,987
其他,.git/objects/9c/1dd2108131e5597c9272cda3a36f19eb2484a5,,156
其他,.git/objects/9e/4f998bd6f6144758a7e34ff3fad879d16f0292,,485
其他,.git/objects/9e/891bd67adb3897f8f7b831f9ea09044ed2a671,,116826
其他,.git/objects/9e/99415f6d6e855d9fe324564c5e20736ebd0590,,175
其他,.git/objects/9f/1abcd095f8b029f8499c7c38d495aa8b60609d,,388
其他,.git/objects/9f/60da182a99df272e442bbec56872390201ee42,,1070
其他,.git/objects/a1/e8736de5034be28ef2cdf1633e0f188a4ab6c6,,1034
其他,.git/objects/a3/35ac5082b8817a4c4ada86c7a617e176b13e76,,510
其他,.git/objects/a3/67d1848b8f248eb7d3875c1f156e20f8d0f41b,,54
其他,.git/objects/a4/01c64bcd9153c004878e0ed4f3defb7d7cc6c3,,393
其他,.git/objects/a6/53dca2465e4a41fac9c0e00475252153a837b4,,242
其他,.git/objects/a7/95f0831af760c29db50e9a912024f418a6b75f,,303
其他,.git/objects/aa/ab318dbe9213a29be8427dff9c1ec9ac4f5d90,,2794
其他,.git/objects/aa/b2121abe0d7f098c124f6aa12935b1d60023f9,,1961
其他,.git/objects/ac/f76fc4bbacd9da397057d1a2e01647fc04006d,,53
其他,.git/objects/ae/c4c4537825fce2741df9bdbc90edc94aba204b,,577
其他,.git/objects/b0/0751f652d3d9d4d211e62655ea1da286327144,,940
其他,.git/objects/b2/7a5136e92c0b913f2da5d38c9401a1e1a91b0f,,1656
其他,.git/objects/b2/a5d563062497a37e0c881768ac462ece806c3a,,205
其他,.git/objects/b2/ae67330a207d1acdfed2c972a3bc5694f3f85d,,186
其他,.git/objects/b2/c7af253d4debb81b05428b05005c7ceb7c231a,,194
其他,.git/objects/b3/e43ead77ca71f7e25493dda9554c79655c0651,,205
其他,.git/objects/b6/cdaf22710bba02a00795bb94412afab19b6d10,,262
其他,.git/objects/b7/0bdc7280734b3f795cddaf02f2c291dcf6b23a,,108
其他,.git/objects/b7/79b80b4a6ab0fee1347d2d7ceb2b1cb6884a3e,,1716
其他,.git/objects/ba/116ec2294b3b5c3d873f0a73f1cc8dd58bcf5f,,392
其他,.git/objects/bb/3e62a7cdc9856c7e1c3f10a6cb64dbf09bb725,,186
其他,.git/objects/bc/570c37d52b09e72f601019abfe941a8daebce5,,141
其他,.git/objects/bd/1d649e1fc76c9d3c416f70cf17fee45064e5a0,,270
其他,.git/objects/bd/b87820e6f4dd58ff1ea9fa1df2b2d2d663b7dd,,325
其他,.git/objects/c1/03c3b3a8929b367232edc9d52a1a583549d0b6,,2342999
其他,.git/objects/c3/dec20ff8c3aed950ed6824b186d173a279c586,,84
其他,.git/objects/c3/e9e0b8e4d8095d4d1617cb97342533f514df6a,,48411
其他,.git/objects/c4/59a41eba8d33ed038af78201c638780449a5e2,,454
其他,.git/objects/c4/7634cc77dd5c72b3aedb9045ff96a5a00acba5,,162
其他,.git/objects/c4/ce2e81f642cc8de846e4c3c8e8e4d1c0f81ec3,,240
其他,.git/objects/c7/c5135d983bad6a5ef064f09aeb0026844ea1d2,,1056
其他,.git/objects/ca/04e9601d50016c245e0aeb5ce8a49e54a03a5c,,9433
其他,.git/objects/cd/1841696fdd7985701cc7c3a37f1a273fc493f5,,2615
其他,.git/objects/ce/a1af6089e010cb3e06bf30c3b7e2313e2662f3,,2647
其他,.git/objects/ce/b1f919902c79374e8689c27d5686317dbd1641,,2091310
其他,.git/objects/ce/d4bcab46641d7dc81f8eca3c44ed1a19e28479,,249
其他,.git/objects/ce/e621091168318d7b1fcded68ad8af500a21b06,,932
其他,.git/objects/d3/5c3478a805cb527e77935d7fb3cfcfc2c5fd3b,,1500
其他,.git/objects/d5/6fdd62d8b939bf2e9f1749ef43a453a3d06cd5,,54
其他,.git/objects/d5/ad9581feab0c051c462b8bf0a852189b98b85f,,10470
其他,.git/objects/d7/621b685af5afd6d9123f685f1ec6dc38e7e431,,2945
其他,.git/objects/d8/8b31ab9c18583ddc696ff44c048192afd3562a,,728
其他,.git/objects/da/89177c45cbd0ce065a10f13937e9a07cfb1251,,397
其他,.git/objects/da/a142c23f4c8846189ece378807e642963da131,,1031
其他,.git/objects/db/c02dbe3179e2592715d97b17613c5c8918a375,,936
其他,.git/objects/dd/2afa4208bc1c8758ab3ad54f5b8a3c13fdf20b,,184
其他,.git/objects/dd/cd6d6f0b0d76457c8672d030c026d8019cab65,,1770903
其他,.git/objects/de/eb558ced7dec03b18556963c1616ce58f86fe1,,835
其他,.git/objects/df/11feb4838864569330c34cdb1cb63730cbfaed,,177
其他,.git/objects/df/7664e191ace623d7848e94d96cb94fdd3c4f65,,283
其他,.git/objects/e5/298fec2ce118a992a59cd2cfd7c3f93ac5658d,,21878
其他,.git/objects/e5/29a7afcbaa397c5a85e39248f5bdbc136e610e,,1370
其他,.git/objects/e5/b02a004fa8496f9d7ec3f32155f724b81a618a,,710
其他,.git/objects/e8/b3caf35c0c040b876114eb8a89dcfb6856ace1,,178
其他,.git/objects/eb/c071926b149d113cb8a30887cf9cb6fe399457,,164
其他,.git/objects/ee/fcfb48dc4a4c632ce8eaa196867d8f2d3df7b3,,911
其他,.git/objects/f0/e22d5d7d09fd135ae46926c2003abb7af0763c,,680
其他,.git/objects/f1/cafcf70873e605a0073fa4daee9e49250d828a,,241
其他,.git/objects/f3/58a47d825bc15bba52042bb5d0d8461bc238c7,,240
其他,.git/objects/f4/9e11be95f302a4f1c1988009268a29c0402902,,1528
其他,.git/objects/f6/af49eb582c819899688b42c8a59d3215b2cc3f,,178
其他,.git/objects/f7/3f90173e2782a330c552bb45140d5bb22f68d7,,283
其他,.git/objects/f7/713cec9d78c21ab1491760f11f17bc77e5bb9c,,235137
其他,.git/objects/f7/ff69abb918b5bd21270fe74f23dfc9f25652d9,,3364
其他,.git/objects/f8/eeea229e68e4520adc8343b0b024b65e82f6c6,,2990322
其他,.git/objects/fa/dbfa95963b606d068c65d2b0f149e97a230478,,631
其他,.git/objects/fc/39194e8d5303cb80af793118c3fb743986d7d8,,1625
其他,.git/objects/fd/7a84b561df236ded55949f06a543d94499f265,,416
其他,.git/objects/fd/d69a98db2122b92132e9af5e19e95fdfc65c80,,2387
其他,.git/objects/fe/b02af468358d6596ac1cce06dfb22ff32b45b9,,661
其他,.git/objects/fe/c158211b485738fcaac10f0128b088d338ddf2,,933
其他,.git/objects/ff/addbe044115c87318cc52a4b533f559312608c,,181931
其他,.git/objects/ff/bc8c17fce4b2e48b71015395d874e7470abfd3,,6900
其他,.git/objects/ff/f5ee56e6fde15722f03bc821356c077a633243,,1795325
其他,.git/objects/info/packs,,107
其他,.git/objects/pack/multi-pack-index,,33332
其他,.git/objects/pack/pack-97a97ac4c6a0dbe0cd06cc756d0f2769ff3f3e61.idx,.idx,32292
其他,.git/objects/pack/pack-97a97ac4c6a0dbe0cd06cc756d0f2769ff3f3e61.pack,.pack,14115822
其他,.git/objects/pack/pack-97a97ac4c6a0dbe0cd06cc756d0f2769ff3f3e61.rev,.rev,4512
其他,.git/objects/pack/pack-d6e98d53832bd2efb112f7aec5572e83f093551d.idx,.idx,1968
其他,.git/objects/pack/pack-d6e98d53832bd2efb112f7aec5572e83f093551d.mtimes,.mtimes,180
其他,.git/objects/pack/pack-d6e98d53832bd2efb112f7aec5572e83f093551d.pack,.pack,62935
其他,.git/objects/pack/pack-d6e98d53832bd2efb112f7aec5572e83f093551d.rev,.rev,180
其他,.git/ORIG_HEAD,,41
其他,.git/packed-refs,,114
其他,.git/refs/heads/master,,41
其他,.git/refs/remotes/origin/HEAD,,32
其他,.git/refs/remotes/origin/master,,41
其他,.git/refs/stash,,41
其他,.git/tgitchangelist,,0
其他,.gitattributes,,161
其他,AssetBrowserSavedSearches.kv3,.kv3,4008
地图,maps/portraits/juggernaut_arcana_origins_v5.vmap,.vmap,144695
地图,maps/survival_dev.vmap,.vmap,8926835
地图,maps/template_map.vmap,.vmap,9093583
材质,materials/example/sand_path_example_color.tif,.tif,1812832
材质,materials/example/sand_path_example_normal.tif,.tif,2335852
材质,materials/example/sand_path_example_refl.tif,.tif,721924
材质,materials/overviews/survival_minimap.tga,.tga,786450
材质,materials/overviews/survival_minimap.txt,.txt,81
材质,materials/overviews/survival_minimap.vmat,.vmat,113
材质,materials/overviews/template_map.tga,.tga,786450
材质,materials/overviews/template_map.txt,.txt,83
材质,materials/overviews/template_map.vmat,.vmat,110
材质,materials/overviews/template_map.vtex,.vtex,1018
材质,materials/particle/basic_glow.tga,.tga,262188
材质,materials/particle/basic_glow.vtex,.vtex,813
材质,materials/particle/basic_rope.psd,.psd,188861
材质,materials/particle/basic_rope.vtex,.vtex,813
材质,materials/particle/basic_rope_energy.tga,.tga,524332
材质,materials/particle/basic_rope_energy.vtex,.vtex,820
材质,materials/particle/basic_smoke.tga,.tga,262188
材质,materials/particle/basic_smoke.vtex,.vtex,814
材质,materials/particle/basic_trail.tga,.tga,262188
材质,materials/particle/basic_trail.vtex,.vtex,814
UI源文件,panorama/fonts/licenses/source-han-sans-LICENSE.txt,.txt,4463
UI源文件,panorama/fonts/licenses/source-han-serif-LICENSE.txt,.txt,4463
UI源文件,panorama/fonts/Radiance-Survival-SourceHanSansSC-Medium.otf,.otf,16546328
UI源文件,panorama/fonts/Radiance-Survival-SourceHanSansSC-Regular.otf,.otf,16529832
UI源文件,panorama/fonts/Radiance-Survival-SourceHanSerifSC-Bold.otf,.otf,25521732
UI源文件,panorama/images/custom_game/archive_gothic/tab.png,.png,1371322
UI源文件,panorama/images/custom_game/archive_gothic/window.png,.png,2354748
UI源文件,panorama/images/custom_game/archive_gpu_256/beast_01.vtex,.vtex,817
UI源文件,panorama/images/custom_game/archive_gpu_256/beast_02.vtex,.vtex,817
UI源文件,panorama/images/custom_game/archive_gpu_256/beast_03.vtex,.vtex,817
UI源文件,panorama/images/custom_game/archive_gpu_256/building_01.vtex,.vtex,820
UI源文件,panorama/images/custom_game/archive_gpu_256/building_02.vtex,.vtex,820
UI源文件,panorama/images/custom_game/archive_gpu_256/building_03.vtex,.vtex,820
UI源文件,panorama/images/custom_game/archive_gpu_256/cage_01.vtex,.vtex,816
UI源文件,panorama/images/custom_game/archive_gpu_256/cage_02.vtex,.vtex,816
UI源文件,panorama/images/custom_game/archive_gpu_256/cage_03.vtex,.vtex,816
UI源文件,panorama/images/custom_game/archive_gpu_256/ex_01.vtex,.vtex,814
UI源文件,panorama/images/custom_game/archive_gpu_256/ex_02.vtex,.vtex,814
UI源文件,panorama/images/custom_game/archive_gpu_256/ex_03.vtex,.vtex,814
UI源文件,panorama/images/custom_game/archive_gpu_256/fragment_01.vtex,.vtex,820
UI源文件,panorama/images/custom_game/archive_gpu_256/fragment_02.vtex,.vtex,820
UI源文件,panorama/images/custom_game/archive_gpu_256/fragment_03.vtex,.vtex,820
UI源文件,panorama/images/custom_game/archive_gpu_256/friend_01.vtex,.vtex,818
UI源文件,panorama/images/custom_game/archive_gpu_256/friend_02.vtex,.vtex,818
UI源文件,panorama/images/custom_game/archive_gpu_256/friend_03.vtex,.vtex,818
UI源文件,panorama/images/custom_game/archive_gpu_256/lottery_attribute_crystal.vtex,.vtex,834
UI源文件,panorama/images/custom_game/archive_gpu_256/lottery_nature_crystal.vtex,.vtex,831
UI源文件,panorama/images/custom_game/archive_gpu_256/lottery_protection_crystal.vtex,.vtex,835
UI源文件,panorama/images/custom_game/archive_gpu_256/shadow_01.vtex,.vtex,821
UI源文件,panorama/images/custom_game/archive_gpu_256/shadow_02.vtex,.vtex,821
UI源文件,panorama/images/custom_game/archive_gpu_256/shadow_03.vtex,.vtex,821
UI源文件,panorama/images/custom_game/archive_gpu_256/shadow_04.vtex,.vtex,821
UI源文件,panorama/images/custom_game/archive_gpu_256/shop_equipment_attack_gloves_01.vtex,.vtex,840
UI源文件,panorama/images/custom_game/archive_gpu_256/shop_item_forging_hammer.vtex,.vtex,833
UI源文件,panorama/images/custom_game/archive_gpu_256/shop_weapon_growth_sword_01.vtex,.vtex,836
UI源文件,panorama/images/custom_game/archive_gpu_256/star_blessing_001.vtex,.vtex,826
UI源文件,panorama/images/custom_game/archive_gpu_256/star_blessing_002.vtex,.vtex,826
UI源文件,panorama/images/custom_game/archive_gpu_256/star_blessing_003.vtex,.vtex,826
UI源文件,panorama/images/custom_game/archive_gpu_bgra/beast_01.vtex,.vtex,860
UI源文件,panorama/images/custom_game/archive_gpu_bgra/beast_02.vtex,.vtex,860
UI源文件,panorama/images/custom_game/archive_gpu_bgra/beast_03.vtex,.vtex,860
UI源文件,panorama/images/custom_game/archive_gpu_bgra/building_01.vtex,.vtex,863
UI源文件,panorama/images/custom_game/archive_gpu_bgra/building_02.vtex,.vtex,863
UI源文件,panorama/images/custom_game/archive_gpu_bgra/building_03.vtex,.vtex,863
UI源文件,panorama/images/custom_game/archive_gpu_bgra/cage_01.vtex,.vtex,859
UI源文件,panorama/images/custom_game/archive_gpu_bgra/cage_02.vtex,.vtex,859
UI源文件,panorama/images/custom_game/archive_gpu_bgra/cage_03.vtex,.vtex,859
UI源文件,panorama/images/custom_game/archive_gpu_bgra/ex_01.vtex,.vtex,857
UI源文件,panorama/images/custom_game/archive_gpu_bgra/ex_02.vtex,.vtex,857
UI源文件,panorama/images/custom_game/archive_gpu_bgra/ex_03.vtex,.vtex,857
UI源文件,panorama/images/custom_game/archive_gpu_bgra/fragment_01.vtex,.vtex,863
UI源文件,panorama/images/custom_game/archive_gpu_bgra/fragment_02.vtex,.vtex,863
UI源文件,panorama/images/custom_game/archive_gpu_bgra/fragment_03.vtex,.vtex,863
UI源文件,panorama/images/custom_game/archive_gpu_bgra/friend_01.vtex,.vtex,861
UI源文件,panorama/images/custom_game/archive_gpu_bgra/friend_02.vtex,.vtex,861
UI源文件,panorama/images/custom_game/archive_gpu_bgra/friend_03.vtex,.vtex,861
UI源文件,panorama/images/custom_game/archive_gpu_bgra/lottery_attribute_crystal.vtex,.vtex,877
UI源文件,panorama/images/custom_game/archive_gpu_bgra/lottery_nature_crystal.vtex,.vtex,874
UI源文件,panorama/images/custom_game/archive_gpu_bgra/lottery_protection_crystal.vtex,.vtex,878
UI源文件,panorama/images/custom_game/archive_gpu_bgra/shadow_01.vtex,.vtex,864
UI源文件,panorama/images/custom_game/archive_gpu_bgra/shadow_02.vtex,.vtex,864
UI源文件,panorama/images/custom_game/archive_gpu_bgra/shadow_03.vtex,.vtex,864
UI源文件,panorama/images/custom_game/archive_gpu_bgra/shadow_04.vtex,.vtex,864
UI源文件,panorama/images/custom_game/archive_gpu_bgra/shop_equipment_attack_gloves_01.vtex,.vtex,883
UI源文件,panorama/images/custom_game/archive_gpu_bgra/shop_item_forging_hammer.vtex,.vtex,876
UI源文件,panorama/images/custom_game/archive_gpu_bgra/shop_weapon_growth_sword_01.vtex,.vtex,879
UI源文件,panorama/images/custom_game/archive_gpu_bgra/star_blessing_001.vtex,.vtex,869
UI源文件,panorama/images/custom_game/archive_gpu_bgra/star_blessing_002.vtex,.vtex,869
UI源文件,panorama/images/custom_game/archive_gpu_bgra/star_blessing_003.vtex,.vtex,869
UI源文件,panorama/images/custom_game/archive_gpu_regular/beast_01.vtex,.vtex,860
UI源文件,panorama/images/custom_game/archive_gpu_regular/beast_02.vtex,.vtex,860
UI源文件,panorama/images/custom_game/archive_gpu_regular/beast_03.vtex,.vtex,860
UI源文件,panorama/images/custom_game/archive_gpu_regular/beast_04.vtex,.vtex,860
UI源文件,panorama/images/custom_game/archive_gpu_regular/beast_05.vtex,.vtex,860
UI源文件,panorama/images/custom_game/archive_gpu_regular/beast_06.vtex,.vtex,860
UI源文件,panorama/images/custom_game/archive_gpu_regular/beast_07.vtex,.vtex,860
UI源文件,panorama/images/custom_game/archive_gpu_regular/beast_08.vtex,.vtex,860
UI源文件,panorama/images/custom_game/archive_gpu_regular/beast_09.vtex,.vtex,860
UI源文件,panorama/images/custom_game/archive_gpu_regular/beast_10.vtex,.vtex,860
UI源文件,panorama/images/custom_game/archive_gpu_regular/beast_11.vtex,.vtex,860
UI源文件,panorama/images/custom_game/archive_gpu_regular/beast_12.vtex,.vtex,860
UI源文件,panorama/images/custom_game/archive_gpu_regular/beast_13.vtex,.vtex,860
UI源文件,panorama/images/custom_game/archive_gpu_regular/beast_14.vtex,.vtex,860
UI源文件,panorama/images/custom_game/archive_gpu_regular/beast_15.vtex,.vtex,860
UI源文件,panorama/images/custom_game/archive_gpu_regular/beast_16.vtex,.vtex,860
UI源文件,panorama/images/custom_game/archive_gpu_regular/beast_17.vtex,.vtex,860
UI源文件,panorama/images/custom_game/archive_gpu_regular/beast_18.vtex,.vtex,860
UI源文件,panorama/images/custom_game/archive_gpu_regular/beast_19.vtex,.vtex,860
UI源文件,panorama/images/custom_game/archive_gpu_regular/beast_20.vtex,.vtex,860
UI源文件,panorama/images/custom_game/archive_gpu_regular/beast_21.vtex,.vtex,860
UI源文件,panorama/images/custom_game/archive_gpu_regular/beast_22.vtex,.vtex,860
UI源文件,panorama/images/custom_game/archive_gpu_regular/beast_23.vtex,.vtex,860
UI源文件,panorama/images/custom_game/archive_gpu_regular/beast_24.vtex,.vtex,860
UI源文件,panorama/images/custom_game/archive_gpu_regular/beast_25.vtex,.vtex,860
UI源文件,panorama/images/custom_game/archive_gpu_regular/beast_26.vtex,.vtex,860
UI源文件,panorama/images/custom_game/archive_gpu_regular/beast_27.vtex,.vtex,860
UI源文件,panorama/images/custom_game/archive_gpu_regular/beast_28.vtex,.vtex,860
UI源文件,panorama/images/custom_game/archive_gpu_regular/beast_29.vtex,.vtex,860
UI源文件,panorama/images/custom_game/archive_gpu_regular/beast_30.vtex,.vtex,860
UI源文件,panorama/images/custom_game/archive_gpu_regular/beast_31.vtex,.vtex,860
UI源文件,panorama/images/custom_game/archive_gpu_regular/beast_32.vtex,.vtex,860
UI源文件,panorama/images/custom_game/archive_gpu_regular/beast_33.vtex,.vtex,860
UI源文件,panorama/images/custom_game/archive_gpu_regular/beast_34.vtex,.vtex,860
UI源文件,panorama/images/custom_game/archive_gpu_regular/beast_35.vtex,.vtex,860
UI源文件,panorama/images/custom_game/archive_gpu_regular/beast_36.vtex,.vtex,860
UI源文件,panorama/images/custom_game/archive_gpu_regular/beast_37.vtex,.vtex,860
UI源文件,panorama/images/custom_game/archive_gpu_regular/beast_38.vtex,.vtex,860
UI源文件,panorama/images/custom_game/archive_gpu_regular/beast_39.vtex,.vtex,860
UI源文件,panorama/images/custom_game/archive_gpu_regular/beast_40.vtex,.vtex,860
UI源文件,panorama/images/custom_game/archive_gpu_regular/building_01.vtex,.vtex,863
UI源文件,panorama/images/custom_game/archive_gpu_regular/building_02.vtex,.vtex,863
UI源文件,panorama/images/custom_game/archive_gpu_regular/building_03.vtex,.vtex,863
UI源文件,panorama/images/custom_game/archive_gpu_regular/building_04.vtex,.vtex,863
UI源文件,panorama/images/custom_game/archive_gpu_regular/building_05.vtex,.vtex,863
UI源文件,panorama/images/custom_game/archive_gpu_regular/building_06.vtex,.vtex,863
UI源文件,panorama/images/custom_game/archive_gpu_regular/building_07.vtex,.vtex,863
UI源文件,panorama/images/custom_game/archive_gpu_regular/building_08.vtex,.vtex,863
UI源文件,panorama/images/custom_game/archive_gpu_regular/building_09.vtex,.vtex,863
UI源文件,panorama/images/custom_game/archive_gpu_regular/cage_01.vtex,.vtex,859
UI源文件,panorama/images/custom_game/archive_gpu_regular/cage_02.vtex,.vtex,859
UI源文件,panorama/images/custom_game/archive_gpu_regular/cage_03.vtex,.vtex,859
UI源文件,panorama/images/custom_game/archive_gpu_regular/cage_04.vtex,.vtex,859
UI源文件,panorama/images/custom_game/archive_gpu_regular/cage_05.vtex,.vtex,859
UI源文件,panorama/images/custom_game/archive_gpu_regular/cage_06.vtex,.vtex,859
UI源文件,panorama/images/custom_game/archive_gpu_regular/cage_07.vtex,.vtex,859
UI源文件,panorama/images/custom_game/archive_gpu_regular/cage_08.vtex,.vtex,859
UI源文件,panorama/images/custom_game/archive_gpu_regular/cage_09.vtex,.vtex,859
UI源文件,panorama/images/custom_game/archive_gpu_regular/cage_10.vtex,.vtex,859
UI源文件,panorama/images/custom_game/archive_gpu_regular/cage_11.vtex,.vtex,859
UI源文件,panorama/images/custom_game/archive_gpu_regular/cage_12.vtex,.vtex,859
UI源文件,panorama/images/custom_game/archive_gpu_regular/cage_13.vtex,.vtex,859
UI源文件,panorama/images/custom_game/archive_gpu_regular/cage_14.vtex,.vtex,859
UI源文件,panorama/images/custom_game/archive_gpu_regular/cage_15.vtex,.vtex,859
UI源文件,panorama/images/custom_game/archive_gpu_regular/cage_16.vtex,.vtex,859
UI源文件,panorama/images/custom_game/archive_gpu_regular/cage_17.vtex,.vtex,859
UI源文件,panorama/images/custom_game/archive_gpu_regular/cage_18.vtex,.vtex,859
UI源文件,panorama/images/custom_game/archive_gpu_regular/cage_19.vtex,.vtex,859
UI源文件,panorama/images/custom_game/archive_gpu_regular/cage_20.vtex,.vtex,859
UI源文件,panorama/images/custom_game/archive_gpu_regular/cage_21.vtex,.vtex,859
UI源文件,panorama/images/custom_game/archive_gpu_regular/cage_22.vtex,.vtex,859
UI源文件,panorama/images/custom_game/archive_gpu_regular/cage_23.vtex,.vtex,859
UI源文件,panorama/images/custom_game/archive_gpu_regular/cage_24.vtex,.vtex,859
UI源文件,panorama/images/custom_game/archive_gpu_regular/cage_25.vtex,.vtex,859
UI源文件,panorama/images/custom_game/archive_gpu_regular/cage_26.vtex,.vtex,859
UI源文件,panorama/images/custom_game/archive_gpu_regular/cage_27.vtex,.vtex,859
UI源文件,panorama/images/custom_game/archive_gpu_regular/cage_28.vtex,.vtex,859
UI源文件,panorama/images/custom_game/archive_gpu_regular/cage_29.vtex,.vtex,859
UI源文件,panorama/images/custom_game/archive_gpu_regular/cage_30.vtex,.vtex,859
UI源文件,panorama/images/custom_game/archive_gpu_regular/cage_31.vtex,.vtex,859
UI源文件,panorama/images/custom_game/archive_gpu_regular/cage_32.vtex,.vtex,859
UI源文件,panorama/images/custom_game/archive_gpu_regular/cage_33.vtex,.vtex,859
UI源文件,panorama/images/custom_game/archive_gpu_regular/cage_34.vtex,.vtex,859
UI源文件,panorama/images/custom_game/archive_gpu_regular/cage_35.vtex,.vtex,859
UI源文件,panorama/images/custom_game/archive_gpu_regular/cage_36.vtex,.vtex,859
UI源文件,panorama/images/custom_game/archive_gpu_regular/cage_37.vtex,.vtex,859
UI源文件,panorama/images/custom_game/archive_gpu_regular/cage_38.vtex,.vtex,859
UI源文件,panorama/images/custom_game/archive_gpu_regular/cage_39.vtex,.vtex,859
UI源文件,panorama/images/custom_game/archive_gpu_regular/cage_40.vtex,.vtex,859
UI源文件,panorama/images/custom_game/archive_gpu_regular/cage_41.vtex,.vtex,859
UI源文件,panorama/images/custom_game/archive_gpu_regular/cage_42.vtex,.vtex,859
UI源文件,panorama/images/custom_game/archive_gpu_regular/cage_43.vtex,.vtex,859
UI源文件,panorama/images/custom_game/archive_gpu_regular/cage_44.vtex,.vtex,859
UI源文件,panorama/images/custom_game/archive_gpu_regular/cage_45.vtex,.vtex,859
UI源文件,panorama/images/custom_game/archive_gpu_regular/cage_46.vtex,.vtex,859
UI源文件,panorama/images/custom_game/archive_gpu_regular/cage_47.vtex,.vtex,859
UI源文件,panorama/images/custom_game/archive_gpu_regular/cage_48.vtex,.vtex,859
UI源文件,panorama/images/custom_game/archive_gpu_regular/cage_49.vtex,.vtex,859
UI源文件,panorama/images/custom_game/archive_gpu_regular/cage_50.vtex,.vtex,859
UI源文件,panorama/images/custom_game/archive_gpu_regular/cage_51.vtex,.vtex,859
UI源文件,panorama/images/custom_game/archive_gpu_regular/cage_52.vtex,.vtex,859
UI源文件,panorama/images/custom_game/archive_gpu_regular/cage_53.vtex,.vtex,859
UI源文件,panorama/images/custom_game/archive_gpu_regular/cage_54.vtex,.vtex,859
UI源文件,panorama/images/custom_game/archive_gpu_regular/daily_ancient_tree.vtex,.vtex,870
UI源文件,panorama/images/custom_game/archive_gpu_regular/daily_attack_shard.vtex,.vtex,870
UI源文件,panorama/images/custom_game/archive_gpu_regular/daily_attribute_gem.vtex,.vtex,871
UI源文件,panorama/images/custom_game/archive_gpu_regular/daily_attribute_shard.vtex,.vtex,873
UI源文件,panorama/images/custom_game/archive_gpu_regular/daily_block_shard.vtex,.vtex,869
UI源文件,panorama/images/custom_game/archive_gpu_regular/daily_forest_origin.vtex,.vtex,871
UI源文件,panorama/images/custom_game/archive_gpu_regular/daily_gold_gem.vtex,.vtex,866
UI源文件,panorama/images/custom_game/archive_gpu_regular/daily_growth_gem.vtex,.vtex,868
UI源文件,panorama/images/custom_game/archive_gpu_regular/daily_health_gem.vtex,.vtex,868
UI源文件,panorama/images/custom_game/archive_gpu_regular/daily_regen_shard.vtex,.vtex,869
UI源文件,panorama/images/custom_game/archive_gpu_regular/daily_wealth_talisman.vtex,.vtex,873
UI源文件,panorama/images/custom_game/archive_gpu_regular/daily_wood_gem.vtex,.vtex,866
UI源文件,panorama/images/custom_game/archive_gpu_regular/ex_01.vtex,.vtex,857
UI源文件,panorama/images/custom_game/archive_gpu_regular/ex_02.vtex,.vtex,857
UI源文件,panorama/images/custom_game/archive_gpu_regular/ex_03.vtex,.vtex,857
UI源文件,panorama/images/custom_game/archive_gpu_regular/ex_04.vtex,.vtex,857
UI源文件,panorama/images/custom_game/archive_gpu_regular/ex_05.vtex,.vtex,857
UI源文件,panorama/images/custom_game/archive_gpu_regular/ex_06.vtex,.vtex,857
UI源文件,panorama/images/custom_game/archive_gpu_regular/ex_07.vtex,.vtex,857
UI源文件,panorama/images/custom_game/archive_gpu_regular/ex_08.vtex,.vtex,857
UI源文件,panorama/images/custom_game/archive_gpu_regular/ex_09.vtex,.vtex,857
UI源文件,panorama/images/custom_game/archive_gpu_regular/ex_10.vtex,.vtex,857
UI源文件,panorama/images/custom_game/archive_gpu_regular/ex_11.vtex,.vtex,857
UI源文件,panorama/images/custom_game/archive_gpu_regular/ex_12.vtex,.vtex,857
UI源文件,panorama/images/custom_game/archive_gpu_regular/ex_13.vtex,.vtex,857
UI源文件,panorama/images/custom_game/archive_gpu_regular/ex_14.vtex,.vtex,857
UI源文件,panorama/images/custom_game/archive_gpu_regular/ex_15.vtex,.vtex,857
UI源文件,panorama/images/custom_game/archive_gpu_regular/ex_16.vtex,.vtex,857
UI源文件,panorama/images/custom_game/archive_gpu_regular/ex_17.vtex,.vtex,857
UI源文件,panorama/images/custom_game/archive_gpu_regular/ex_18.vtex,.vtex,857
UI源文件,panorama/images/custom_game/archive_gpu_regular/ex_19.vtex,.vtex,857
UI源文件,panorama/images/custom_game/archive_gpu_regular/ex_20.vtex,.vtex,857
UI源文件,panorama/images/custom_game/archive_gpu_regular/ex_21.vtex,.vtex,857
UI源文件,panorama/images/custom_game/archive_gpu_regular/ex_22.vtex,.vtex,857
UI源文件,panorama/images/custom_game/archive_gpu_regular/ex_23.vtex,.vtex,857
UI源文件,panorama/images/custom_game/archive_gpu_regular/ex_24.vtex,.vtex,857
UI源文件,panorama/images/custom_game/archive_gpu_regular/ex_25.vtex,.vtex,857
UI源文件,panorama/images/custom_game/archive_gpu_regular/ex_26.vtex,.vtex,857
UI源文件,panorama/images/custom_game/archive_gpu_regular/ex_27.vtex,.vtex,857
UI源文件,panorama/images/custom_game/archive_gpu_regular/ex_28.vtex,.vtex,857
UI源文件,panorama/images/custom_game/archive_gpu_regular/ex_29.vtex,.vtex,857
UI源文件,panorama/images/custom_game/archive_gpu_regular/ex_30.vtex,.vtex,857
UI源文件,panorama/images/custom_game/archive_gpu_regular/ex_31.vtex,.vtex,857
UI源文件,panorama/images/custom_game/archive_gpu_regular/ex_32.vtex,.vtex,857
UI源文件,panorama/images/custom_game/archive_gpu_regular/ex_33.vtex,.vtex,857
UI源文件,panorama/images/custom_game/archive_gpu_regular/ex_34.vtex,.vtex,857
UI源文件,panorama/images/custom_game/archive_gpu_regular/ex_35.vtex,.vtex,857
UI源文件,panorama/images/custom_game/archive_gpu_regular/ex_36.vtex,.vtex,857
UI源文件,panorama/images/custom_game/archive_gpu_regular/ex_37.vtex,.vtex,857
UI源文件,panorama/images/custom_game/archive_gpu_regular/ex_38.vtex,.vtex,857
UI源文件,panorama/images/custom_game/archive_gpu_regular/ex_39.vtex,.vtex,857
UI源文件,panorama/images/custom_game/archive_gpu_regular/ex_40.vtex,.vtex,857
UI源文件,panorama/images/custom_game/archive_gpu_regular/fragment_01.vtex,.vtex,863
UI源文件,panorama/images/custom_game/archive_gpu_regular/fragment_02.vtex,.vtex,863
UI源文件,panorama/images/custom_game/archive_gpu_regular/fragment_03.vtex,.vtex,863
UI源文件,panorama/images/custom_game/archive_gpu_regular/fragment_04.vtex,.vtex,863
UI源文件,panorama/images/custom_game/archive_gpu_regular/fragment_05.vtex,.vtex,863
UI源文件,panorama/images/custom_game/archive_gpu_regular/fragment_06.vtex,.vtex,863
UI源文件,panorama/images/custom_game/archive_gpu_regular/fragment_07.vtex,.vtex,863
UI源文件,panorama/images/custom_game/archive_gpu_regular/fragment_08.vtex,.vtex,863
UI源文件,panorama/images/custom_game/archive_gpu_regular/fragment_09.vtex,.vtex,863
UI源文件,panorama/images/custom_game/archive_gpu_regular/fragment_10.vtex,.vtex,863
UI源文件,panorama/images/custom_game/archive_gpu_regular/fragment_11.vtex,.vtex,863
UI源文件,panorama/images/custom_game/archive_gpu_regular/fragment_12.vtex,.vtex,863
UI源文件,panorama/images/custom_game/archive_gpu_regular/friend_01.vtex,.vtex,861
UI源文件,panorama/images/custom_game/archive_gpu_regular/friend_02.vtex,.vtex,861
UI源文件,panorama/images/custom_game/archive_gpu_regular/friend_03.vtex,.vtex,861
UI源文件,panorama/images/custom_game/archive_gpu_regular/friend_04.vtex,.vtex,861
UI源文件,panorama/images/custom_game/archive_gpu_regular/friend_05.vtex,.vtex,861
UI源文件,panorama/images/custom_game/archive_gpu_regular/friend_06.vtex,.vtex,861
UI源文件,panorama/images/custom_game/archive_gpu_regular/friend_07.vtex,.vtex,861
UI源文件,panorama/images/custom_game/archive_gpu_regular/friend_08.vtex,.vtex,861
UI源文件,panorama/images/custom_game/archive_gpu_regular/friend_09.vtex,.vtex,861
UI源文件,panorama/images/custom_game/archive_gpu_regular/friend_10.vtex,.vtex,861
UI源文件,panorama/images/custom_game/archive_gpu_regular/friend_11.vtex,.vtex,861
UI源文件,panorama/images/custom_game/archive_gpu_regular/friend_12.vtex,.vtex,861
UI源文件,panorama/images/custom_game/archive_gpu_regular/friend_13.vtex,.vtex,861
UI源文件,panorama/images/custom_game/archive_gpu_regular/friend_14.vtex,.vtex,861
UI源文件,panorama/images/custom_game/archive_gpu_regular/friend_15.vtex,.vtex,861
UI源文件,panorama/images/custom_game/archive_gpu_regular/friend_16.vtex,.vtex,861
UI源文件,panorama/images/custom_game/archive_gpu_regular/friend_17.vtex,.vtex,861
UI源文件,panorama/images/custom_game/archive_gpu_regular/friend_18.vtex,.vtex,861
UI源文件,panorama/images/custom_game/archive_gpu_regular/friend_19.vtex,.vtex,861
UI源文件,panorama/images/custom_game/archive_gpu_regular/friend_20.vtex,.vtex,861
UI源文件,panorama/images/custom_game/archive_gpu_regular/friend_21.vtex,.vtex,861
UI源文件,panorama/images/custom_game/archive_gpu_regular/friend_22.vtex,.vtex,861
UI源文件,panorama/images/custom_game/archive_gpu_regular/friend_23.vtex,.vtex,861
UI源文件,panorama/images/custom_game/archive_gpu_regular/friend_24.vtex,.vtex,861
UI源文件,panorama/images/custom_game/archive_gpu_regular/friend_25.vtex,.vtex,861
UI源文件,panorama/images/custom_game/archive_gpu_regular/friend_26.vtex,.vtex,861
UI源文件,panorama/images/custom_game/archive_gpu_regular/friend_27.vtex,.vtex,861
UI源文件,panorama/images/custom_game/archive_gpu_regular/friend_28.vtex,.vtex,861
UI源文件,panorama/images/custom_game/archive_gpu_regular/friend_29.vtex,.vtex,861
UI源文件,panorama/images/custom_game/archive_gpu_regular/friend_30.vtex,.vtex,861
UI源文件,panorama/images/custom_game/archive_gpu_regular/friend_31.vtex,.vtex,861
UI源文件,panorama/images/custom_game/archive_gpu_regular/friend_32.vtex,.vtex,861
UI源文件,panorama/images/custom_game/archive_gpu_regular/friend_33.vtex,.vtex,861
UI源文件,panorama/images/custom_game/archive_gpu_regular/friend_34.vtex,.vtex,861
UI源文件,panorama/images/custom_game/archive_gpu_regular/friend_35.vtex,.vtex,861
UI源文件,panorama/images/custom_game/archive_gpu_regular/friend_36.vtex,.vtex,861
UI源文件,panorama/images/custom_game/archive_gpu_regular/friend_37.vtex,.vtex,861
UI源文件,panorama/images/custom_game/archive_gpu_regular/friend_38.vtex,.vtex,861
UI源文件,panorama/images/custom_game/archive_gpu_regular/friend_39.vtex,.vtex,861
UI源文件,panorama/images/custom_game/archive_gpu_regular/friend_40.vtex,.vtex,861
UI源文件,panorama/images/custom_game/archive_gpu_regular/head_v2_ex_01.vtex,.vtex,857
UI源文件,panorama/images/custom_game/archive_gpu_regular/head_v2_ex_02.vtex,.vtex,857
UI源文件,panorama/images/custom_game/archive_gpu_regular/head_v2_ex_03.vtex,.vtex,857
UI源文件,panorama/images/custom_game/archive_gpu_regular/head_v2_ex_04.vtex,.vtex,857
UI源文件,panorama/images/custom_game/archive_gpu_regular/head_v2_ex_05.vtex,.vtex,857
UI源文件,panorama/images/custom_game/archive_gpu_regular/head_v2_ex_06.vtex,.vtex,857
UI源文件,panorama/images/custom_game/archive_gpu_regular/head_v2_ex_07.vtex,.vtex,857
UI源文件,panorama/images/custom_game/archive_gpu_regular/head_v2_ex_08.vtex,.vtex,857
UI源文件,panorama/images/custom_game/archive_gpu_regular/head_v2_ex_09.vtex,.vtex,857
UI源文件,panorama/images/custom_game/archive_gpu_regular/head_v2_ex_10.vtex,.vtex,857
UI源文件,panorama/images/custom_game/archive_gpu_regular/head_v2_ex_11.vtex,.vtex,857
UI源文件,panorama/images/custom_game/archive_gpu_regular/head_v2_ex_12.vtex,.vtex,857
UI源文件,panorama/images/custom_game/archive_gpu_regular/head_v2_ex_13.vtex,.vtex,857
UI源文件,panorama/images/custom_game/archive_gpu_regular/head_v2_ex_14.vtex,.vtex,857
UI源文件,panorama/images/custom_game/archive_gpu_regular/head_v2_ex_15.vtex,.vtex,857
UI源文件,panorama/images/custom_game/archive_gpu_regular/head_v2_ex_16.vtex,.vtex,857
UI源文件,panorama/images/custom_game/archive_gpu_regular/head_v2_ex_17.vtex,.vtex,857
UI源文件,panorama/images/custom_game/archive_gpu_regular/head_v2_ex_18.vtex,.vtex,857
UI源文件,panorama/images/custom_game/archive_gpu_regular/head_v2_ex_19.vtex,.vtex,857
UI源文件,panorama/images/custom_game/archive_gpu_regular/head_v2_ex_20.vtex,.vtex,857
UI源文件,panorama/images/custom_game/archive_gpu_regular/head_v2_ex_21.vtex,.vtex,857
UI源文件,panorama/images/custom_game/archive_gpu_regular/head_v2_ex_22.vtex,.vtex,857
UI源文件,panorama/images/custom_game/archive_gpu_regular/head_v2_ex_23.vtex,.vtex,857
UI源文件,panorama/images/custom_game/archive_gpu_regular/head_v2_ex_24.vtex,.vtex,857
UI源文件,panorama/images/custom_game/archive_gpu_regular/head_v2_ex_25.vtex,.vtex,857
UI源文件,panorama/images/custom_game/archive_gpu_regular/head_v2_ex_26.vtex,.vtex,857
UI源文件,panorama/images/custom_game/archive_gpu_regular/head_v2_ex_27.vtex,.vtex,857
UI源文件,panorama/images/custom_game/archive_gpu_regular/head_v2_ex_28.vtex,.vtex,857
UI源文件,panorama/images/custom_game/archive_gpu_regular/head_v2_ex_29.vtex,.vtex,857
UI源文件,panorama/images/custom_game/archive_gpu_regular/head_v2_ex_30.vtex,.vtex,857
UI源文件,panorama/images/custom_game/archive_gpu_regular/head_v2_ex_31.vtex,.vtex,857
UI源文件,panorama/images/custom_game/archive_gpu_regular/head_v2_ex_32.vtex,.vtex,857
UI源文件,panorama/images/custom_game/archive_gpu_regular/head_v2_ex_33.vtex,.vtex,857
UI源文件,panorama/images/custom_game/archive_gpu_regular/head_v2_ex_34.vtex,.vtex,857
UI源文件,panorama/images/custom_game/archive_gpu_regular/head_v2_ex_35.vtex,.vtex,857
UI源文件,panorama/images/custom_game/archive_gpu_regular/head_v2_ex_36.vtex,.vtex,857
UI源文件,panorama/images/custom_game/archive_gpu_regular/head_v2_ex_37.vtex,.vtex,857
UI源文件,panorama/images/custom_game/archive_gpu_regular/head_v2_ex_38.vtex,.vtex,857
UI源文件,panorama/images/custom_game/archive_gpu_regular/head_v2_ex_39.vtex,.vtex,857
UI源文件,panorama/images/custom_game/archive_gpu_regular/head_v2_ex_40.vtex,.vtex,857
UI源文件,panorama/images/custom_game/archive_gpu_regular/head_v2_friend_01.vtex,.vtex,861
UI源文件,panorama/images/custom_game/archive_gpu_regular/head_v2_friend_02.vtex,.vtex,861
UI源文件,panorama/images/custom_game/archive_gpu_regular/head_v2_friend_03.vtex,.vtex,861
UI源文件,panorama/images/custom_game/archive_gpu_regular/head_v2_friend_04.vtex,.vtex,861
UI源文件,panorama/images/custom_game/archive_gpu_regular/head_v2_friend_05.vtex,.vtex,861
UI源文件,panorama/images/custom_game/archive_gpu_regular/head_v2_friend_06.vtex,.vtex,861
UI源文件,panorama/images/custom_game/archive_gpu_regular/head_v2_friend_07.vtex,.vtex,861
UI源文件,panorama/images/custom_game/archive_gpu_regular/head_v2_friend_08.vtex,.vtex,861
UI源文件,panorama/images/custom_game/archive_gpu_regular/head_v2_friend_09.vtex,.vtex,861
UI源文件,panorama/images/custom_game/archive_gpu_regular/head_v2_friend_10.vtex,.vtex,861
UI源文件,panorama/images/custom_game/archive_gpu_regular/head_v2_friend_11.vtex,.vtex,861
UI源文件,panorama/images/custom_game/archive_gpu_regular/head_v2_friend_12.vtex,.vtex,861
UI源文件,panorama/images/custom_game/archive_gpu_regular/head_v2_friend_13.vtex,.vtex,861
UI源文件,panorama/images/custom_game/archive_gpu_regular/head_v2_friend_14.vtex,.vtex,861
UI源文件,panorama/images/custom_game/archive_gpu_regular/head_v2_friend_15.vtex,.vtex,861
UI源文件,panorama/images/custom_game/archive_gpu_regular/head_v2_friend_16.vtex,.vtex,861
UI源文件,panorama/images/custom_game/archive_gpu_regular/head_v2_friend_17.vtex,.vtex,861
UI源文件,panorama/images/custom_game/archive_gpu_regular/head_v2_friend_18.vtex,.vtex,861
UI源文件,panorama/images/custom_game/archive_gpu_regular/head_v2_friend_19.vtex,.vtex,861
UI源文件,panorama/images/custom_game/archive_gpu_regular/head_v2_friend_20.vtex,.vtex,861
UI源文件,panorama/images/custom_game/archive_gpu_regular/head_v2_friend_21.vtex,.vtex,861
UI源文件,panorama/images/custom_game/archive_gpu_regular/head_v2_friend_22.vtex,.vtex,861
UI源文件,panorama/images/custom_game/archive_gpu_regular/head_v2_friend_23.vtex,.vtex,861
UI源文件,panorama/images/custom_game/archive_gpu_regular/head_v2_friend_24.vtex,.vtex,861
UI源文件,panorama/images/custom_game/archive_gpu_regular/head_v2_friend_25.vtex,.vtex,861
UI源文件,panorama/images/custom_game/archive_gpu_regular/head_v2_friend_26.vtex,.vtex,861
UI源文件,panorama/images/custom_game/archive_gpu_regular/head_v2_friend_27.vtex,.vtex,861
UI源文件,panorama/images/custom_game/archive_gpu_regular/head_v2_friend_28.vtex,.vtex,861
UI源文件,panorama/images/custom_game/archive_gpu_regular/head_v2_friend_29.vtex,.vtex,861
UI源文件,panorama/images/custom_game/archive_gpu_regular/head_v2_friend_30.vtex,.vtex,861
UI源文件,panorama/images/custom_game/archive_gpu_regular/head_v2_friend_31.vtex,.vtex,861
UI源文件,panorama/images/custom_game/archive_gpu_regular/head_v2_friend_32.vtex,.vtex,861
UI源文件,panorama/images/custom_game/archive_gpu_regular/head_v2_friend_33.vtex,.vtex,861
UI源文件,panorama/images/custom_game/archive_gpu_regular/head_v2_friend_34.vtex,.vtex,861
UI源文件,panorama/images/custom_game/archive_gpu_regular/head_v2_friend_35.vtex,.vtex,861
UI源文件,panorama/images/custom_game/archive_gpu_regular/head_v2_friend_36.vtex,.vtex,861
UI源文件,panorama/images/custom_game/archive_gpu_regular/head_v2_friend_37.vtex,.vtex,861
UI源文件,panorama/images/custom_game/archive_gpu_regular/head_v2_friend_38.vtex,.vtex,861
UI源文件,panorama/images/custom_game/archive_gpu_regular/head_v2_friend_39.vtex,.vtex,861
UI源文件,panorama/images/custom_game/archive_gpu_regular/head_v2_friend_40.vtex,.vtex,861
UI源文件,panorama/images/custom_game/archive_gpu_regular/lottery_aaron_cannon.vtex,.vtex,872
UI源文件,panorama/images/custom_game/archive_gpu_regular/lottery_abundance_blessing.vtex,.vtex,878
UI源文件,panorama/images/custom_game/archive_gpu_regular/lottery_ancient_pine_fortification.vtex,.vtex,886
UI源文件,panorama/images/custom_game/archive_gpu_regular/lottery_attribute_crystal.vtex,.vtex,877
UI源文件,panorama/images/custom_game/archive_gpu_regular/lottery_bombardment_crystal.vtex,.vtex,879
UI源文件,panorama/images/custom_game/archive_gpu_regular/lottery_candle_dragon_wing.vtex,.vtex,878
UI源文件,panorama/images/custom_game/archive_gpu_regular/lottery_chief_god_blessing.vtex,.vtex,878
UI源文件,panorama/images/custom_game/archive_gpu_regular/lottery_chosen_hero.vtex,.vtex,871
UI源文件,panorama/images/custom_game/archive_gpu_regular/lottery_crystalline_armor.vtex,.vtex,877
UI源文件,panorama/images/custom_game/archive_gpu_regular/lottery_cyber_overlord.vtex,.vtex,874
UI源文件,panorama/images/custom_game/archive_gpu_regular/lottery_cybernetic_implant.vtex,.vtex,878
UI源文件,panorama/images/custom_game/archive_gpu_regular/lottery_darksteel_wall.vtex,.vtex,874
UI源文件,panorama/images/custom_game/archive_gpu_regular/lottery_data_unit.vtex,.vtex,869
UI源文件,panorama/images/custom_game/archive_gpu_regular/lottery_dimensional_barrier.vtex,.vtex,879
UI源文件,panorama/images/custom_game/archive_gpu_regular/lottery_divine_spirit.vtex,.vtex,873
UI源文件,panorama/images/custom_game/archive_gpu_regular/lottery_divine_tower_blessing.vtex,.vtex,881
UI源文件,panorama/images/custom_game/archive_gpu_regular/lottery_ember_of_legacy.vtex,.vtex,875
UI源文件,panorama/images/custom_game/archive_gpu_regular/lottery_emerald_wood_origin.vtex,.vtex,879
UI源文件,panorama/images/custom_game/archive_gpu_regular/lottery_endless_growth_ring.vtex,.vtex,879
UI源文件,panorama/images/custom_game/archive_gpu_regular/lottery_expansion_crystal.vtex,.vtex,877
UI源文件,panorama/images/custom_game/archive_gpu_regular/lottery_fallen_sky_mine.vtex,.vtex,875
UI源文件,panorama/images/custom_game/archive_gpu_regular/lottery_flame_wall.vtex,.vtex,870
UI源文件,panorama/images/custom_game/archive_gpu_regular/lottery_forest_burning_edge.vtex,.vtex,879
UI源文件,panorama/images/custom_game/archive_gpu_regular/lottery_forestcast_thousand_bolts.vtex,.vtex,885
UI源文件,panorama/images/custom_game/archive_gpu_regular/lottery_gale_bow.vtex,.vtex,868
UI源文件,panorama/images/custom_game/archive_gpu_regular/lottery_gathering_divine_codex.vtex,.vtex,882
UI源文件,panorama/images/custom_game/archive_gpu_regular/lottery_gathering_grimoire.vtex,.vtex,878
UI源文件,panorama/images/custom_game/archive_gpu_regular/lottery_greenwood_nirvana.vtex,.vtex,877
UI源文件,panorama/images/custom_game/archive_gpu_regular/lottery_greenwood_rampart.vtex,.vtex,877
UI源文件,panorama/images/custom_game/archive_gpu_regular/lottery_heaven_devouring_pill.vtex,.vtex,881
UI源文件,panorama/images/custom_game/archive_gpu_regular/lottery_heaven_reaching_tower_seal.vtex,.vtex,886
UI源文件,panorama/images/custom_game/archive_gpu_regular/lottery_heavenly_puppet.vtex,.vtex,875
UI源文件,panorama/images/custom_game/archive_gpu_regular/lottery_hero_medal.vtex,.vtex,870
UI源文件,panorama/images/custom_game/archive_gpu_regular/lottery_hippogryph_onslaught.vtex,.vtex,880
UI源文件,panorama/images/custom_game/archive_gpu_regular/lottery_immortal_nirvana.vtex,.vtex,876
UI源文件,panorama/images/custom_game/archive_gpu_regular/lottery_immortal_slaying_sword_array.vtex,.vtex,888
UI源文件,panorama/images/custom_game/archive_gpu_regular/lottery_investiture_of_gods.vtex,.vtex,879
UI源文件,panorama/images/custom_game/archive_gpu_regular/lottery_jade_purity_sword_immortal.vtex,.vtex,886
UI源文件,panorama/images/custom_game/archive_gpu_regular/lottery_life_spirit.vtex,.vtex,871
UI源文件,panorama/images/custom_game/archive_gpu_regular/lottery_lumber_crystal.vtex,.vtex,874
UI源文件,panorama/images/custom_game/archive_gpu_regular/lottery_lumber_expert.vtex,.vtex,873
UI源文件,panorama/images/custom_game/archive_gpu_regular/lottery_lumber_fury.vtex,.vtex,871
UI源文件,panorama/images/custom_game/archive_gpu_regular/lottery_lumber_immortal.vtex,.vtex,875
UI源文件,panorama/images/custom_game/archive_gpu_regular/lottery_lumber_legacy.vtex,.vtex,873
UI源文件,panorama/images/custom_game/archive_gpu_regular/lottery_magical_girl_juggernaut.vtex,.vtex,883
UI源文件,panorama/images/custom_game/archive_gpu_regular/lottery_magnetic_disruption_turret.vtex,.vtex,886
UI源文件,panorama/images/custom_game/archive_gpu_regular/lottery_monkey_king.vtex,.vtex,871
UI源文件,panorama/images/custom_game/archive_gpu_regular/lottery_mountain_sea_kunpeng.vtex,.vtex,880
UI源文件,panorama/images/custom_game/archive_gpu_regular/lottery_nano_cluster.vtex,.vtex,872
UI源文件,panorama/images/custom_game/archive_gpu_regular/lottery_nature_crystal.vtex,.vtex,874
UI源文件,panorama/images/custom_game/archive_gpu_regular/lottery_nature_spirit.vtex,.vtex,873
UI源文件,panorama/images/custom_game/archive_gpu_regular/lottery_neural_reconstruction_module.vtex,.vtex,888
UI源文件,panorama/images/custom_game/archive_gpu_regular/lottery_nitride_alloy_wall.vtex,.vtex,878
UI源文件,panorama/images/custom_game/archive_gpu_regular/lottery_oak_bulwark.vtex,.vtex,871
UI源文件,panorama/images/custom_game/archive_gpu_regular/lottery_omniscience_blessing.vtex,.vtex,880
UI源文件,panorama/images/custom_game/archive_gpu_regular/lottery_orbital_cannon_core.vtex,.vtex,879
UI源文件,panorama/images/custom_game/archive_gpu_regular/lottery_protection_crystal.vtex,.vtex,878
UI源文件,panorama/images/custom_game/archive_gpu_regular/lottery_pulse_conduction_turret.vtex,.vtex,883
UI源文件,panorama/images/custom_game/archive_gpu_regular/lottery_quick_dry_cement.vtex,.vtex,876
UI源文件,panorama/images/custom_game/archive_gpu_regular/lottery_recovery_crystal.vtex,.vtex,876
UI源文件,panorama/images/custom_game/archive_gpu_regular/lottery_recovery_spirit.vtex,.vtex,875
UI源文件,panorama/images/custom_game/archive_gpu_regular/lottery_reincarnation_immortal_stele.vtex,.vtex,888
UI源文件,panorama/images/custom_game/archive_gpu_regular/lottery_reincarnation_orb.vtex,.vtex,877
UI源文件,panorama/images/custom_game/archive_gpu_regular/lottery_resistance_crystal.vtex,.vtex,878
UI源文件,panorama/images/custom_game/archive_gpu_regular/lottery_rift_implant.vtex,.vtex,872
UI源文件,panorama/images/custom_game/archive_gpu_regular/lottery_seed_of_all_wood.vtex,.vtex,876
UI源文件,panorama/images/custom_game/archive_gpu_regular/lottery_sharp_spirit.vtex,.vtex,872
UI源文件,panorama/images/custom_game/archive_gpu_regular/lottery_sharpwood_tower_core.vtex,.vtex,880
UI源文件,panorama/images/custom_game/archive_gpu_regular/lottery_shooting_crystal.vtex,.vtex,876
UI源文件,panorama/images/custom_game/archive_gpu_regular/lottery_signal_hub.vtex,.vtex,870
UI源文件,panorama/images/custom_game/archive_gpu_regular/lottery_sky_turning_seal.vtex,.vtex,876
UI源文件,panorama/images/custom_game/archive_gpu_regular/lottery_soul_devouring_blade.vtex,.vtex,880
UI源文件,panorama/images/custom_game/archive_gpu_regular/lottery_soul_lock_box.vtex,.vtex,873
UI源文件,panorama/images/custom_game/archive_gpu_regular/lottery_sovereign_under_heaven.vtex,.vtex,882
UI源文件,panorama/images/custom_game/archive_gpu_regular/lottery_steel_wall.vtex,.vtex,870
UI源文件,panorama/images/custom_game/archive_gpu_regular/lottery_struggle_diary.vtex,.vtex,874
UI源文件,panorama/images/custom_game/archive_gpu_regular/lottery_supreme_fishing_rod.vtex,.vtex,879
UI源文件,panorama/images/custom_game/archive_gpu_regular/lottery_swift_emblem.vtex,.vtex,872
UI源文件,panorama/images/custom_game/archive_gpu_regular/lottery_time_orb.vtex,.vtex,868
UI源文件,panorama/images/custom_game/archive_gpu_regular/lottery_titan_shield.vtex,.vtex,872
UI源文件,panorama/images/custom_game/archive_gpu_regular/lottery_tower_retrofit.vtex,.vtex,874
UI源文件,panorama/images/custom_game/archive_gpu_regular/lottery_unbreakable_fortress.vtex,.vtex,880
UI源文件,panorama/images/custom_game/archive_gpu_regular/lottery_universal_tool.vtex,.vtex,874
UI源文件,panorama/images/custom_game/archive_gpu_regular/lottery_void_signal_terminal.vtex,.vtex,880
UI源文件,panorama/images/custom_game/archive_gpu_regular/lottery_wealth_crystal.vtex,.vtex,874
UI源文件,panorama/images/custom_game/archive_gpu_regular/lottery_windspeed_bowstring.vtex,.vtex,879
UI源文件,panorama/images/custom_game/archive_gpu_regular/lottery_woodcraft_grandmaster.vtex,.vtex,881
UI源文件,panorama/images/custom_game/archive_gpu_regular/lottery_woodforged_thousand_arrows.vtex,.vtex,886
UI源文件,panorama/images/custom_game/archive_gpu_regular/polish_achievement_shared.vtex,.vtex,871
UI源文件,panorama/images/custom_game/archive_gpu_regular/polish_work_theme_01.vtex,.vtex,866
UI源文件,panorama/images/custom_game/archive_gpu_regular/polish_work_theme_02.vtex,.vtex,866
UI源文件,panorama/images/custom_game/archive_gpu_regular/polish_work_theme_03.vtex,.vtex,866
UI源文件,panorama/images/custom_game/archive_gpu_regular/polish_work_theme_04.vtex,.vtex,866
UI源文件,panorama/images/custom_game/archive_gpu_regular/polish_work_theme_05.vtex,.vtex,866
UI源文件,panorama/images/custom_game/archive_gpu_regular/polish_work_theme_06.vtex,.vtex,866
UI源文件,panorama/images/custom_game/archive_gpu_regular/polish_work_theme_07.vtex,.vtex,866
UI源文件,panorama/images/custom_game/archive_gpu_regular/polish_work_theme_08.vtex,.vtex,866
UI源文件,panorama/images/custom_game/archive_gpu_regular/polish_work_theme_09.vtex,.vtex,866
UI源文件,panorama/images/custom_game/archive_gpu_regular/polish_work_theme_10.vtex,.vtex,866
UI源文件,panorama/images/custom_game/archive_gpu_regular/polish_work_theme_11.vtex,.vtex,866
UI源文件,panorama/images/custom_game/archive_gpu_regular/polish_work_theme_12.vtex,.vtex,866
UI源文件,panorama/images/custom_game/archive_gpu_regular/polish_work_theme_13.vtex,.vtex,866
UI源文件,panorama/images/custom_game/archive_gpu_regular/polish_work_theme_14.vtex,.vtex,866
UI源文件,panorama/images/custom_game/archive_gpu_regular/polish_work_theme_15.vtex,.vtex,866
UI源文件,panorama/images/custom_game/archive_gpu_regular/polish_work_theme_16.vtex,.vtex,866
UI源文件,panorama/images/custom_game/archive_gpu_regular/polish_work_theme_17.vtex,.vtex,866
UI源文件,panorama/images/custom_game/archive_gpu_regular/portrait_achievement_closeup.vtex,.vtex,875
UI源文件,panorama/images/custom_game/archive_gpu_regular/portrait_boss_map_head.vtex,.vtex,869
UI源文件,panorama/images/custom_game/archive_gpu_regular/portrait_work_head_boss.vtex,.vtex,870
UI源文件,panorama/images/custom_game/archive_gpu_regular/portrait_work_head_happy.vtex,.vtex,871
UI源文件,panorama/images/custom_game/archive_gpu_regular/portrait_work_head_tired.vtex,.vtex,871
UI源文件,panorama/images/custom_game/archive_gpu_regular/shadow_01.vtex,.vtex,864
UI源文件,panorama/images/custom_game/archive_gpu_regular/shadow_02.vtex,.vtex,864
UI源文件,panorama/images/custom_game/archive_gpu_regular/shadow_03.vtex,.vtex,864
UI源文件,panorama/images/custom_game/archive_gpu_regular/shadow_04.vtex,.vtex,864
UI源文件,panorama/images/custom_game/archive_gpu_regular/shop_equipment_attack_gloves_01.vtex,.vtex,883
UI源文件,panorama/images/custom_game/archive_gpu_regular/shop_equipment_burning_blade_01.vtex,.vtex,883
UI源文件,panorama/images/custom_game/archive_gpu_regular/shop_equipment_iron_armor_01.vtex,.vtex,880
UI源文件,panorama/images/custom_game/archive_gpu_regular/shop_item_death_mask.vtex,.vtex,872
UI源文件,panorama/images/custom_game/archive_gpu_regular/shop_item_forging_hammer.vtex,.vtex,876
UI源文件,panorama/images/custom_game/archive_gpu_regular/shop_item_knowledge_book.vtex,.vtex,876
UI源文件,panorama/images/custom_game/archive_gpu_regular/shop_item_small_polar_crystal.vtex,.vtex,881
UI源文件,panorama/images/custom_game/archive_gpu_regular/shop_item_super_knowledge_book.vtex,.vtex,882
UI源文件,panorama/images/custom_game/archive_gpu_regular/shop_service_early_final_boss.vtex,.vtex,881
UI源文件,panorama/images/custom_game/archive_gpu_regular/shop_weapon_growth_sword_01.vtex,.vtex,879
UI源文件,panorama/images/custom_game/archive_gpu_regular/star_blessing_001.vtex,.vtex,869
UI源文件,panorama/images/custom_game/archive_gpu_regular/star_blessing_002.vtex,.vtex,869
UI源文件,panorama/images/custom_game/archive_gpu_regular/star_blessing_003.vtex,.vtex,869
UI源文件,panorama/images/custom_game/archive_gpu_regular/star_blessing_004.vtex,.vtex,869
UI源文件,panorama/images/custom_game/archive_gpu_regular/star_blessing_005.vtex,.vtex,869
UI源文件,panorama/images/custom_game/archive_gpu_regular/star_blessing_006.vtex,.vtex,869
UI源文件,panorama/images/custom_game/archive_gpu_regular/star_blessing_007.vtex,.vtex,869
UI源文件,panorama/images/custom_game/archive_gpu_regular/star_blessing_008.vtex,.vtex,869
UI源文件,panorama/images/custom_game/archive_gpu_regular/star_blessing_009.vtex,.vtex,869
UI源文件,panorama/images/custom_game/archive_gpu_regular/star_blessing_010.vtex,.vtex,869
UI源文件,panorama/images/custom_game/archive_gpu_regular/star_blessing_011.vtex,.vtex,869
UI源文件,panorama/images/custom_game/archive_gpu_regular/star_blessing_012.vtex,.vtex,869
UI源文件,panorama/images/custom_game/archive_gpu_regular/star_blessing_013.vtex,.vtex,869
UI源文件,panorama/images/custom_game/archive_gpu_regular/star_blessing_014.vtex,.vtex,869
UI源文件,panorama/images/custom_game/archive_gpu_regular/star_blessing_015.vtex,.vtex,869
UI源文件,panorama/images/custom_game/archive_gpu_regular/star_blessing_016.vtex,.vtex,869
UI源文件,panorama/images/custom_game/archive_gpu_regular/star_blessing_017.vtex,.vtex,869
UI源文件,panorama/images/custom_game/archive_gpu_regular/star_blessing_018.vtex,.vtex,869
UI源文件,panorama/images/custom_game/archive_gpu_regular/star_blessing_019.vtex,.vtex,869
UI源文件,panorama/images/custom_game/archive_gpu_regular/star_blessing_020.vtex,.vtex,869
UI源文件,panorama/images/custom_game/archive_gpu_regular/star_blessing_021.vtex,.vtex,869
UI源文件,panorama/images/custom_game/archive_gpu_regular/star_blessing_022.vtex,.vtex,869
UI源文件,panorama/images/custom_game/archive_gpu_regular/star_blessing_023.vtex,.vtex,869
UI源文件,panorama/images/custom_game/archive_gpu_regular/star_blessing_024.vtex,.vtex,869
UI源文件,panorama/images/custom_game/archive_gpu_regular/star_blessing_025.vtex,.vtex,869
UI源文件,panorama/images/custom_game/archive_gpu_regular/star_blessing_026.vtex,.vtex,869
UI源文件,panorama/images/custom_game/archive_gpu_small/beast_01.vtex,.vtex,859
UI源文件,panorama/images/custom_game/archive_gpu_small/beast_02.vtex,.vtex,859
UI源文件,panorama/images/custom_game/archive_gpu_small/beast_03.vtex,.vtex,859
UI源文件,panorama/images/custom_game/archive_gpu_small/beast_04.vtex,.vtex,859
UI源文件,panorama/images/custom_game/archive_gpu_small/beast_05.vtex,.vtex,859
UI源文件,panorama/images/custom_game/archive_gpu_small/beast_06.vtex,.vtex,859
UI源文件,panorama/images/custom_game/archive_gpu_small/beast_07.vtex,.vtex,859
UI源文件,panorama/images/custom_game/archive_gpu_small/beast_08.vtex,.vtex,859
UI源文件,panorama/images/custom_game/archive_gpu_small/beast_09.vtex,.vtex,859
UI源文件,panorama/images/custom_game/archive_gpu_small/beast_10.vtex,.vtex,859
UI源文件,panorama/images/custom_game/archive_gpu_small/beast_11.vtex,.vtex,859
UI源文件,panorama/images/custom_game/archive_gpu_small/beast_12.vtex,.vtex,859
UI源文件,panorama/images/custom_game/archive_gpu_small/beast_13.vtex,.vtex,859
UI源文件,panorama/images/custom_game/archive_gpu_small/beast_14.vtex,.vtex,859
UI源文件,panorama/images/custom_game/archive_gpu_small/beast_15.vtex,.vtex,859
UI源文件,panorama/images/custom_game/archive_gpu_small/beast_16.vtex,.vtex,859
UI源文件,panorama/images/custom_game/archive_gpu_small/beast_17.vtex,.vtex,859
UI源文件,panorama/images/custom_game/archive_gpu_small/beast_18.vtex,.vtex,859
UI源文件,panorama/images/custom_game/archive_gpu_small/beast_19.vtex,.vtex,859
UI源文件,panorama/images/custom_game/archive_gpu_small/beast_20.vtex,.vtex,859
UI源文件,panorama/images/custom_game/archive_gpu_small/beast_21.vtex,.vtex,859
UI源文件,panorama/images/custom_game/archive_gpu_small/beast_22.vtex,.vtex,859
UI源文件,panorama/images/custom_game/archive_gpu_small/beast_23.vtex,.vtex,859
UI源文件,panorama/images/custom_game/archive_gpu_small/beast_24.vtex,.vtex,859
UI源文件,panorama/images/custom_game/archive_gpu_small/beast_25.vtex,.vtex,859
UI源文件,panorama/images/custom_game/archive_gpu_small/beast_26.vtex,.vtex,859
UI源文件,panorama/images/custom_game/archive_gpu_small/beast_27.vtex,.vtex,859
UI源文件,panorama/images/custom_game/archive_gpu_small/beast_28.vtex,.vtex,859
UI源文件,panorama/images/custom_game/archive_gpu_small/beast_29.vtex,.vtex,859
UI源文件,panorama/images/custom_game/archive_gpu_small/beast_30.vtex,.vtex,859
UI源文件,panorama/images/custom_game/archive_gpu_small/beast_31.vtex,.vtex,859
UI源文件,panorama/images/custom_game/archive_gpu_small/beast_32.vtex,.vtex,859
UI源文件,panorama/images/custom_game/archive_gpu_small/beast_33.vtex,.vtex,859
UI源文件,panorama/images/custom_game/archive_gpu_small/beast_34.vtex,.vtex,859
UI源文件,panorama/images/custom_game/archive_gpu_small/beast_35.vtex,.vtex,859
UI源文件,panorama/images/custom_game/archive_gpu_small/beast_36.vtex,.vtex,859
UI源文件,panorama/images/custom_game/archive_gpu_small/beast_37.vtex,.vtex,859
UI源文件,panorama/images/custom_game/archive_gpu_small/beast_38.vtex,.vtex,859
UI源文件,panorama/images/custom_game/archive_gpu_small/beast_39.vtex,.vtex,859
UI源文件,panorama/images/custom_game/archive_gpu_small/beast_40.vtex,.vtex,859
UI源文件,panorama/images/custom_game/archive_gpu_small/building_01.vtex,.vtex,862
UI源文件,panorama/images/custom_game/archive_gpu_small/building_02.vtex,.vtex,862
UI源文件,panorama/images/custom_game/archive_gpu_small/building_03.vtex,.vtex,862
UI源文件,panorama/images/custom_game/archive_gpu_small/building_04.vtex,.vtex,862
UI源文件,panorama/images/custom_game/archive_gpu_small/building_05.vtex,.vtex,862
UI源文件,panorama/images/custom_game/archive_gpu_small/building_06.vtex,.vtex,862
UI源文件,panorama/images/custom_game/archive_gpu_small/building_07.vtex,.vtex,862
UI源文件,panorama/images/custom_game/archive_gpu_small/building_08.vtex,.vtex,862
UI源文件,panorama/images/custom_game/archive_gpu_small/building_09.vtex,.vtex,862
UI源文件,panorama/images/custom_game/archive_gpu_small/cage_01.vtex,.vtex,858
UI源文件,panorama/images/custom_game/archive_gpu_small/cage_02.vtex,.vtex,858
UI源文件,panorama/images/custom_game/archive_gpu_small/cage_03.vtex,.vtex,858
UI源文件,panorama/images/custom_game/archive_gpu_small/cage_04.vtex,.vtex,858
UI源文件,panorama/images/custom_game/archive_gpu_small/cage_05.vtex,.vtex,858
UI源文件,panorama/images/custom_game/archive_gpu_small/cage_06.vtex,.vtex,858
UI源文件,panorama/images/custom_game/archive_gpu_small/cage_07.vtex,.vtex,858
UI源文件,panorama/images/custom_game/archive_gpu_small/cage_08.vtex,.vtex,858
UI源文件,panorama/images/custom_game/archive_gpu_small/cage_09.vtex,.vtex,858
UI源文件,panorama/images/custom_game/archive_gpu_small/cage_10.vtex,.vtex,858
UI源文件,panorama/images/custom_game/archive_gpu_small/cage_11.vtex,.vtex,858
UI源文件,panorama/images/custom_game/archive_gpu_small/cage_12.vtex,.vtex,858
UI源文件,panorama/images/custom_game/archive_gpu_small/cage_13.vtex,.vtex,858
UI源文件,panorama/images/custom_game/archive_gpu_small/cage_14.vtex,.vtex,858
UI源文件,panorama/images/custom_game/archive_gpu_small/cage_15.vtex,.vtex,858
UI源文件,panorama/images/custom_game/archive_gpu_small/cage_16.vtex,.vtex,858
UI源文件,panorama/images/custom_game/archive_gpu_small/cage_17.vtex,.vtex,858
UI源文件,panorama/images/custom_game/archive_gpu_small/cage_18.vtex,.vtex,858
UI源文件,panorama/images/custom_game/archive_gpu_small/cage_19.vtex,.vtex,858
UI源文件,panorama/images/custom_game/archive_gpu_small/cage_20.vtex,.vtex,858
UI源文件,panorama/images/custom_game/archive_gpu_small/cage_21.vtex,.vtex,858
UI源文件,panorama/images/custom_game/archive_gpu_small/cage_22.vtex,.vtex,858
UI源文件,panorama/images/custom_game/archive_gpu_small/cage_23.vtex,.vtex,858
UI源文件,panorama/images/custom_game/archive_gpu_small/cage_24.vtex,.vtex,858
UI源文件,panorama/images/custom_game/archive_gpu_small/cage_25.vtex,.vtex,858
UI源文件,panorama/images/custom_game/archive_gpu_small/cage_26.vtex,.vtex,858
UI源文件,panorama/images/custom_game/archive_gpu_small/cage_27.vtex,.vtex,858
UI源文件,panorama/images/custom_game/archive_gpu_small/cage_28.vtex,.vtex,858
UI源文件,panorama/images/custom_game/archive_gpu_small/cage_29.vtex,.vtex,858
UI源文件,panorama/images/custom_game/archive_gpu_small/cage_30.vtex,.vtex,858
UI源文件,panorama/images/custom_game/archive_gpu_small/cage_31.vtex,.vtex,858
UI源文件,panorama/images/custom_game/archive_gpu_small/cage_32.vtex,.vtex,858
UI源文件,panorama/images/custom_game/archive_gpu_small/cage_33.vtex,.vtex,858
UI源文件,panorama/images/custom_game/archive_gpu_small/cage_34.vtex,.vtex,858
UI源文件,panorama/images/custom_game/archive_gpu_small/cage_35.vtex,.vtex,858
UI源文件,panorama/images/custom_game/archive_gpu_small/cage_36.vtex,.vtex,858
UI源文件,panorama/images/custom_game/archive_gpu_small/cage_37.vtex,.vtex,858
UI源文件,panorama/images/custom_game/archive_gpu_small/cage_38.vtex,.vtex,858
UI源文件,panorama/images/custom_game/archive_gpu_small/cage_39.vtex,.vtex,858
UI源文件,panorama/images/custom_game/archive_gpu_small/cage_40.vtex,.vtex,858
UI源文件,panorama/images/custom_game/archive_gpu_small/cage_41.vtex,.vtex,858
UI源文件,panorama/images/custom_game/archive_gpu_small/cage_42.vtex,.vtex,858
UI源文件,panorama/images/custom_game/archive_gpu_small/cage_43.vtex,.vtex,858
UI源文件,panorama/images/custom_game/archive_gpu_small/cage_44.vtex,.vtex,858
UI源文件,panorama/images/custom_game/archive_gpu_small/cage_45.vtex,.vtex,858
UI源文件,panorama/images/custom_game/archive_gpu_small/cage_46.vtex,.vtex,858
UI源文件,panorama/images/custom_game/archive_gpu_small/cage_47.vtex,.vtex,858
UI源文件,panorama/images/custom_game/archive_gpu_small/cage_48.vtex,.vtex,858
UI源文件,panorama/images/custom_game/archive_gpu_small/cage_49.vtex,.vtex,858
UI源文件,panorama/images/custom_game/archive_gpu_small/cage_50.vtex,.vtex,858
UI源文件,panorama/images/custom_game/archive_gpu_small/cage_51.vtex,.vtex,858
UI源文件,panorama/images/custom_game/archive_gpu_small/cage_52.vtex,.vtex,858
UI源文件,panorama/images/custom_game/archive_gpu_small/cage_53.vtex,.vtex,858
UI源文件,panorama/images/custom_game/archive_gpu_small/cage_54.vtex,.vtex,858
UI源文件,panorama/images/custom_game/archive_gpu_small/daily_ancient_tree.vtex,.vtex,869
UI源文件,panorama/images/custom_game/archive_gpu_small/daily_attack_shard.vtex,.vtex,869
UI源文件,panorama/images/custom_game/archive_gpu_small/daily_attribute_gem.vtex,.vtex,870
UI源文件,panorama/images/custom_game/archive_gpu_small/daily_attribute_shard.vtex,.vtex,872
UI源文件,panorama/images/custom_game/archive_gpu_small/daily_block_shard.vtex,.vtex,868
UI源文件,panorama/images/custom_game/archive_gpu_small/daily_forest_origin.vtex,.vtex,870
UI源文件,panorama/images/custom_game/archive_gpu_small/daily_gold_gem.vtex,.vtex,865
UI源文件,panorama/images/custom_game/archive_gpu_small/daily_growth_gem.vtex,.vtex,867
UI源文件,panorama/images/custom_game/archive_gpu_small/daily_health_gem.vtex,.vtex,867
UI源文件,panorama/images/custom_game/archive_gpu_small/daily_regen_shard.vtex,.vtex,868
UI源文件,panorama/images/custom_game/archive_gpu_small/daily_wealth_talisman.vtex,.vtex,872
UI源文件,panorama/images/custom_game/archive_gpu_small/daily_wood_gem.vtex,.vtex,865
UI源文件,panorama/images/custom_game/archive_gpu_small/ex_01.vtex,.vtex,856
UI源文件,panorama/images/custom_game/archive_gpu_small/ex_02.vtex,.vtex,856
UI源文件,panorama/images/custom_game/archive_gpu_small/ex_03.vtex,.vtex,856
UI源文件,panorama/images/custom_game/archive_gpu_small/ex_04.vtex,.vtex,856
UI源文件,panorama/images/custom_game/archive_gpu_small/ex_05.vtex,.vtex,856
UI源文件,panorama/images/custom_game/archive_gpu_small/ex_06.vtex,.vtex,856
UI源文件,panorama/images/custom_game/archive_gpu_small/ex_07.vtex,.vtex,856
UI源文件,panorama/images/custom_game/archive_gpu_small/ex_08.vtex,.vtex,856
UI源文件,panorama/images/custom_game/archive_gpu_small/ex_09.vtex,.vtex,856
UI源文件,panorama/images/custom_game/archive_gpu_small/ex_10.vtex,.vtex,856
UI源文件,panorama/images/custom_game/archive_gpu_small/ex_11.vtex,.vtex,856
UI源文件,panorama/images/custom_game/archive_gpu_small/ex_12.vtex,.vtex,856
UI源文件,panorama/images/custom_game/archive_gpu_small/ex_13.vtex,.vtex,856
UI源文件,panorama/images/custom_game/archive_gpu_small/ex_14.vtex,.vtex,856
UI源文件,panorama/images/custom_game/archive_gpu_small/ex_15.vtex,.vtex,856
UI源文件,panorama/images/custom_game/archive_gpu_small/ex_16.vtex,.vtex,856
UI源文件,panorama/images/custom_game/archive_gpu_small/ex_17.vtex,.vtex,856
UI源文件,panorama/images/custom_game/archive_gpu_small/ex_18.vtex,.vtex,856
UI源文件,panorama/images/custom_game/archive_gpu_small/ex_19.vtex,.vtex,856
UI源文件,panorama/images/custom_game/archive_gpu_small/ex_20.vtex,.vtex,856
UI源文件,panorama/images/custom_game/archive_gpu_small/ex_21.vtex,.vtex,856
UI源文件,panorama/images/custom_game/archive_gpu_small/ex_22.vtex,.vtex,856
UI源文件,panorama/images/custom_game/archive_gpu_small/ex_23.vtex,.vtex,856
UI源文件,panorama/images/custom_game/archive_gpu_small/ex_24.vtex,.vtex,856
UI源文件,panorama/images/custom_game/archive_gpu_small/ex_25.vtex,.vtex,856
UI源文件,panorama/images/custom_game/archive_gpu_small/ex_26.vtex,.vtex,856
UI源文件,panorama/images/custom_game/archive_gpu_small/ex_27.vtex,.vtex,856
UI源文件,panorama/images/custom_game/archive_gpu_small/ex_28.vtex,.vtex,856
UI源文件,panorama/images/custom_game/archive_gpu_small/ex_29.vtex,.vtex,856
UI源文件,panorama/images/custom_game/archive_gpu_small/ex_30.vtex,.vtex,856
UI源文件,panorama/images/custom_game/archive_gpu_small/ex_31.vtex,.vtex,856
UI源文件,panorama/images/custom_game/archive_gpu_small/ex_32.vtex,.vtex,856
UI源文件,panorama/images/custom_game/archive_gpu_small/ex_33.vtex,.vtex,856
UI源文件,panorama/images/custom_game/archive_gpu_small/ex_34.vtex,.vtex,856
UI源文件,panorama/images/custom_game/archive_gpu_small/ex_35.vtex,.vtex,856
UI源文件,panorama/images/custom_game/archive_gpu_small/ex_36.vtex,.vtex,856
UI源文件,panorama/images/custom_game/archive_gpu_small/ex_37.vtex,.vtex,856
UI源文件,panorama/images/custom_game/archive_gpu_small/ex_38.vtex,.vtex,856
UI源文件,panorama/images/custom_game/archive_gpu_small/ex_39.vtex,.vtex,856
UI源文件,panorama/images/custom_game/archive_gpu_small/ex_40.vtex,.vtex,856
UI源文件,panorama/images/custom_game/archive_gpu_small/fragment_01.vtex,.vtex,862
UI源文件,panorama/images/custom_game/archive_gpu_small/fragment_02.vtex,.vtex,862
UI源文件,panorama/images/custom_game/archive_gpu_small/fragment_03.vtex,.vtex,862
UI源文件,panorama/images/custom_game/archive_gpu_small/fragment_04.vtex,.vtex,862
UI源文件,panorama/images/custom_game/archive_gpu_small/fragment_05.vtex,.vtex,862
UI源文件,panorama/images/custom_game/archive_gpu_small/fragment_06.vtex,.vtex,862
UI源文件,panorama/images/custom_game/archive_gpu_small/fragment_07.vtex,.vtex,862
UI源文件,panorama/images/custom_game/archive_gpu_small/fragment_08.vtex,.vtex,862
UI源文件,panorama/images/custom_game/archive_gpu_small/fragment_09.vtex,.vtex,862
UI源文件,panorama/images/custom_game/archive_gpu_small/fragment_10.vtex,.vtex,862
UI源文件,panorama/images/custom_game/archive_gpu_small/fragment_11.vtex,.vtex,862
UI源文件,panorama/images/custom_game/archive_gpu_small/fragment_12.vtex,.vtex,862
UI源文件,panorama/images/custom_game/archive_gpu_small/friend_01.vtex,.vtex,860
UI源文件,panorama/images/custom_game/archive_gpu_small/friend_02.vtex,.vtex,860
UI源文件,panorama/images/custom_game/archive_gpu_small/friend_03.vtex,.vtex,860
UI源文件,panorama/images/custom_game/archive_gpu_small/friend_04.vtex,.vtex,860
UI源文件,panorama/images/custom_game/archive_gpu_small/friend_05.vtex,.vtex,860
UI源文件,panorama/images/custom_game/archive_gpu_small/friend_06.vtex,.vtex,860
UI源文件,panorama/images/custom_game/archive_gpu_small/friend_07.vtex,.vtex,860
UI源文件,panorama/images/custom_game/archive_gpu_small/friend_08.vtex,.vtex,860
UI源文件,panorama/images/custom_game/archive_gpu_small/friend_09.vtex,.vtex,860
UI源文件,panorama/images/custom_game/archive_gpu_small/friend_10.vtex,.vtex,860
UI源文件,panorama/images/custom_game/archive_gpu_small/friend_11.vtex,.vtex,860
UI源文件,panorama/images/custom_game/archive_gpu_small/friend_12.vtex,.vtex,860
UI源文件,panorama/images/custom_game/archive_gpu_small/friend_13.vtex,.vtex,860
UI源文件,panorama/images/custom_game/archive_gpu_small/friend_14.vtex,.vtex,860
UI源文件,panorama/images/custom_game/archive_gpu_small/friend_15.vtex,.vtex,860
UI源文件,panorama/images/custom_game/archive_gpu_small/friend_16.vtex,.vtex,860
UI源文件,panorama/images/custom_game/archive_gpu_small/friend_17.vtex,.vtex,860
UI源文件,panorama/images/custom_game/archive_gpu_small/friend_18.vtex,.vtex,860
UI源文件,panorama/images/custom_game/archive_gpu_small/friend_19.vtex,.vtex,860
UI源文件,panorama/images/custom_game/archive_gpu_small/friend_20.vtex,.vtex,860
UI源文件,panorama/images/custom_game/archive_gpu_small/friend_21.vtex,.vtex,860
UI源文件,panorama/images/custom_game/archive_gpu_small/friend_22.vtex,.vtex,860
UI源文件,panorama/images/custom_game/archive_gpu_small/friend_23.vtex,.vtex,860
UI源文件,panorama/images/custom_game/archive_gpu_small/friend_24.vtex,.vtex,860
UI源文件,panorama/images/custom_game/archive_gpu_small/friend_25.vtex,.vtex,860
UI源文件,panorama/images/custom_game/archive_gpu_small/friend_26.vtex,.vtex,860
UI源文件,panorama/images/custom_game/archive_gpu_small/friend_27.vtex,.vtex,860
UI源文件,panorama/images/custom_game/archive_gpu_small/friend_28.vtex,.vtex,860
UI源文件,panorama/images/custom_game/archive_gpu_small/friend_29.vtex,.vtex,860
UI源文件,panorama/images/custom_game/archive_gpu_small/friend_30.vtex,.vtex,860
UI源文件,panorama/images/custom_game/archive_gpu_small/friend_31.vtex,.vtex,860
UI源文件,panorama/images/custom_game/archive_gpu_small/friend_32.vtex,.vtex,860
UI源文件,panorama/images/custom_game/archive_gpu_small/friend_33.vtex,.vtex,860
UI源文件,panorama/images/custom_game/archive_gpu_small/friend_34.vtex,.vtex,860
UI源文件,panorama/images/custom_game/archive_gpu_small/friend_35.vtex,.vtex,860
UI源文件,panorama/images/custom_game/archive_gpu_small/friend_36.vtex,.vtex,860
UI源文件,panorama/images/custom_game/archive_gpu_small/friend_37.vtex,.vtex,860
UI源文件,panorama/images/custom_game/archive_gpu_small/friend_38.vtex,.vtex,860
UI源文件,panorama/images/custom_game/archive_gpu_small/friend_39.vtex,.vtex,860
UI源文件,panorama/images/custom_game/archive_gpu_small/friend_40.vtex,.vtex,860
UI源文件,panorama/images/custom_game/archive_gpu_small/head_v2_ex_01.vtex,.vtex,856
UI源文件,panorama/images/custom_game/archive_gpu_small/head_v2_ex_02.vtex,.vtex,856
UI源文件,panorama/images/custom_game/archive_gpu_small/head_v2_ex_03.vtex,.vtex,856
UI源文件,panorama/images/custom_game/archive_gpu_small/head_v2_ex_04.vtex,.vtex,856
UI源文件,panorama/images/custom_game/archive_gpu_small/head_v2_ex_05.vtex,.vtex,856
UI源文件,panorama/images/custom_game/archive_gpu_small/head_v2_ex_06.vtex,.vtex,856
UI源文件,panorama/images/custom_game/archive_gpu_small/head_v2_ex_07.vtex,.vtex,856
UI源文件,panorama/images/custom_game/archive_gpu_small/head_v2_ex_08.vtex,.vtex,856
UI源文件,panorama/images/custom_game/archive_gpu_small/head_v2_ex_09.vtex,.vtex,856
UI源文件,panorama/images/custom_game/archive_gpu_small/head_v2_ex_10.vtex,.vtex,856
UI源文件,panorama/images/custom_game/archive_gpu_small/head_v2_ex_11.vtex,.vtex,856
UI源文件,panorama/images/custom_game/archive_gpu_small/head_v2_ex_12.vtex,.vtex,856
UI源文件,panorama/images/custom_game/archive_gpu_small/head_v2_ex_13.vtex,.vtex,856
UI源文件,panorama/images/custom_game/archive_gpu_small/head_v2_ex_14.vtex,.vtex,856
UI源文件,panorama/images/custom_game/archive_gpu_small/head_v2_ex_15.vtex,.vtex,856
UI源文件,panorama/images/custom_game/archive_gpu_small/head_v2_ex_16.vtex,.vtex,856
UI源文件,panorama/images/custom_game/archive_gpu_small/head_v2_ex_17.vtex,.vtex,856
UI源文件,panorama/images/custom_game/archive_gpu_small/head_v2_ex_18.vtex,.vtex,856
UI源文件,panorama/images/custom_game/archive_gpu_small/head_v2_ex_19.vtex,.vtex,856
UI源文件,panorama/images/custom_game/archive_gpu_small/head_v2_ex_20.vtex,.vtex,856
UI源文件,panorama/images/custom_game/archive_gpu_small/head_v2_ex_21.vtex,.vtex,856
UI源文件,panorama/images/custom_game/archive_gpu_small/head_v2_ex_22.vtex,.vtex,856
UI源文件,panorama/images/custom_game/archive_gpu_small/head_v2_ex_23.vtex,.vtex,856
UI源文件,panorama/images/custom_game/archive_gpu_small/head_v2_ex_24.vtex,.vtex,856
UI源文件,panorama/images/custom_game/archive_gpu_small/head_v2_ex_25.vtex,.vtex,856
UI源文件,panorama/images/custom_game/archive_gpu_small/head_v2_ex_26.vtex,.vtex,856
UI源文件,panorama/images/custom_game/archive_gpu_small/head_v2_ex_27.vtex,.vtex,856
UI源文件,panorama/images/custom_game/archive_gpu_small/head_v2_ex_28.vtex,.vtex,856
UI源文件,panorama/images/custom_game/archive_gpu_small/head_v2_ex_29.vtex,.vtex,856
UI源文件,panorama/images/custom_game/archive_gpu_small/head_v2_ex_30.vtex,.vtex,856
UI源文件,panorama/images/custom_game/archive_gpu_small/head_v2_ex_31.vtex,.vtex,856
UI源文件,panorama/images/custom_game/archive_gpu_small/head_v2_ex_32.vtex,.vtex,856
UI源文件,panorama/images/custom_game/archive_gpu_small/head_v2_ex_33.vtex,.vtex,856
UI源文件,panorama/images/custom_game/archive_gpu_small/head_v2_ex_34.vtex,.vtex,856
UI源文件,panorama/images/custom_game/archive_gpu_small/head_v2_ex_35.vtex,.vtex,856
UI源文件,panorama/images/custom_game/archive_gpu_small/head_v2_ex_36.vtex,.vtex,856
UI源文件,panorama/images/custom_game/archive_gpu_small/head_v2_ex_37.vtex,.vtex,856
UI源文件,panorama/images/custom_game/archive_gpu_small/head_v2_ex_38.vtex,.vtex,856
UI源文件,panorama/images/custom_game/archive_gpu_small/head_v2_ex_39.vtex,.vtex,856
UI源文件,panorama/images/custom_game/archive_gpu_small/head_v2_ex_40.vtex,.vtex,856
UI源文件,panorama/images/custom_game/archive_gpu_small/head_v2_friend_01.vtex,.vtex,860
UI源文件,panorama/images/custom_game/archive_gpu_small/head_v2_friend_02.vtex,.vtex,860
UI源文件,panorama/images/custom_game/archive_gpu_small/head_v2_friend_03.vtex,.vtex,860
UI源文件,panorama/images/custom_game/archive_gpu_small/head_v2_friend_04.vtex,.vtex,860
UI源文件,panorama/images/custom_game/archive_gpu_small/head_v2_friend_05.vtex,.vtex,860
UI源文件,panorama/images/custom_game/archive_gpu_small/head_v2_friend_06.vtex,.vtex,860
UI源文件,panorama/images/custom_game/archive_gpu_small/head_v2_friend_07.vtex,.vtex,860
UI源文件,panorama/images/custom_game/archive_gpu_small/head_v2_friend_08.vtex,.vtex,860
UI源文件,panorama/images/custom_game/archive_gpu_small/head_v2_friend_09.vtex,.vtex,860
UI源文件,panorama/images/custom_game/archive_gpu_small/head_v2_friend_10.vtex,.vtex,860
UI源文件,panorama/images/custom_game/archive_gpu_small/head_v2_friend_11.vtex,.vtex,860
UI源文件,panorama/images/custom_game/archive_gpu_small/head_v2_friend_12.vtex,.vtex,860
UI源文件,panorama/images/custom_game/archive_gpu_small/head_v2_friend_13.vtex,.vtex,860
UI源文件,panorama/images/custom_game/archive_gpu_small/head_v2_friend_14.vtex,.vtex,860
UI源文件,panorama/images/custom_game/archive_gpu_small/head_v2_friend_15.vtex,.vtex,860
UI源文件,panorama/images/custom_game/archive_gpu_small/head_v2_friend_16.vtex,.vtex,860
UI源文件,panorama/images/custom_game/archive_gpu_small/head_v2_friend_17.vtex,.vtex,860
UI源文件,panorama/images/custom_game/archive_gpu_small/head_v2_friend_18.vtex,.vtex,860
UI源文件,panorama/images/custom_game/archive_gpu_small/head_v2_friend_19.vtex,.vtex,860
UI源文件,panorama/images/custom_game/archive_gpu_small/head_v2_friend_20.vtex,.vtex,860
UI源文件,panorama/images/custom_game/archive_gpu_small/head_v2_friend_21.vtex,.vtex,860
UI源文件,panorama/images/custom_game/archive_gpu_small/head_v2_friend_22.vtex,.vtex,860
UI源文件,panorama/images/custom_game/archive_gpu_small/head_v2_friend_23.vtex,.vtex,860
UI源文件,panorama/images/custom_game/archive_gpu_small/head_v2_friend_24.vtex,.vtex,860
UI源文件,panorama/images/custom_game/archive_gpu_small/head_v2_friend_25.vtex,.vtex,860
UI源文件,panorama/images/custom_game/archive_gpu_small/head_v2_friend_26.vtex,.vtex,860
UI源文件,panorama/images/custom_game/archive_gpu_small/head_v2_friend_27.vtex,.vtex,860
UI源文件,panorama/images/custom_game/archive_gpu_small/head_v2_friend_28.vtex,.vtex,860
UI源文件,panorama/images/custom_game/archive_gpu_small/head_v2_friend_29.vtex,.vtex,860
UI源文件,panorama/images/custom_game/archive_gpu_small/head_v2_friend_30.vtex,.vtex,860
UI源文件,panorama/images/custom_game/archive_gpu_small/head_v2_friend_31.vtex,.vtex,860
UI源文件,panorama/images/custom_game/archive_gpu_small/head_v2_friend_32.vtex,.vtex,860
UI源文件,panorama/images/custom_game/archive_gpu_small/head_v2_friend_33.vtex,.vtex,860
UI源文件,panorama/images/custom_game/archive_gpu_small/head_v2_friend_34.vtex,.vtex,860
UI源文件,panorama/images/custom_game/archive_gpu_small/head_v2_friend_35.vtex,.vtex,860
UI源文件,panorama/images/custom_game/archive_gpu_small/head_v2_friend_36.vtex,.vtex,860
UI源文件,panorama/images/custom_game/archive_gpu_small/head_v2_friend_37.vtex,.vtex,860
UI源文件,panorama/images/custom_game/archive_gpu_small/head_v2_friend_38.vtex,.vtex,860
UI源文件,panorama/images/custom_game/archive_gpu_small/head_v2_friend_39.vtex,.vtex,860
UI源文件,panorama/images/custom_game/archive_gpu_small/head_v2_friend_40.vtex,.vtex,860
UI源文件,panorama/images/custom_game/archive_gpu_small/lottery_aaron_cannon.vtex,.vtex,871
UI源文件,panorama/images/custom_game/archive_gpu_small/lottery_abundance_blessing.vtex,.vtex,877
UI源文件,panorama/images/custom_game/archive_gpu_small/lottery_ancient_pine_fortification.vtex,.vtex,885
UI源文件,panorama/images/custom_game/archive_gpu_small/lottery_attribute_crystal.vtex,.vtex,876
UI源文件,panorama/images/custom_game/archive_gpu_small/lottery_bombardment_crystal.vtex,.vtex,878
UI源文件,panorama/images/custom_game/archive_gpu_small/lottery_candle_dragon_wing.vtex,.vtex,877
UI源文件,panorama/images/custom_game/archive_gpu_small/lottery_chief_god_blessing.vtex,.vtex,877
UI源文件,panorama/images/custom_game/archive_gpu_small/lottery_chosen_hero.vtex,.vtex,870
UI源文件,panorama/images/custom_game/archive_gpu_small/lottery_crystalline_armor.vtex,.vtex,876
UI源文件,panorama/images/custom_game/archive_gpu_small/lottery_cyber_overlord.vtex,.vtex,873
UI源文件,panorama/images/custom_game/archive_gpu_small/lottery_cybernetic_implant.vtex,.vtex,877
UI源文件,panorama/images/custom_game/archive_gpu_small/lottery_darksteel_wall.vtex,.vtex,873
UI源文件,panorama/images/custom_game/archive_gpu_small/lottery_data_unit.vtex,.vtex,868
UI源文件,panorama/images/custom_game/archive_gpu_small/lottery_dimensional_barrier.vtex,.vtex,878
UI源文件,panorama/images/custom_game/archive_gpu_small/lottery_divine_spirit.vtex,.vtex,872
UI源文件,panorama/images/custom_game/archive_gpu_small/lottery_divine_tower_blessing.vtex,.vtex,880
UI源文件,panorama/images/custom_game/archive_gpu_small/lottery_ember_of_legacy.vtex,.vtex,874
UI源文件,panorama/images/custom_game/archive_gpu_small/lottery_emerald_wood_origin.vtex,.vtex,878
UI源文件,panorama/images/custom_game/archive_gpu_small/lottery_endless_growth_ring.vtex,.vtex,878
UI源文件,panorama/images/custom_game/archive_gpu_small/lottery_expansion_crystal.vtex,.vtex,876
UI源文件,panorama/images/custom_game/archive_gpu_small/lottery_fallen_sky_mine.vtex,.vtex,874
UI源文件,panorama/images/custom_game/archive_gpu_small/lottery_flame_wall.vtex,.vtex,869
UI源文件,panorama/images/custom_game/archive_gpu_small/lottery_forest_burning_edge.vtex,.vtex,878
UI源文件,panorama/images/custom_game/archive_gpu_small/lottery_forestcast_thousand_bolts.vtex,.vtex,884
UI源文件,panorama/images/custom_game/archive_gpu_small/lottery_gale_bow.vtex,.vtex,867
UI源文件,panorama/images/custom_game/archive_gpu_small/lottery_gathering_divine_codex.vtex,.vtex,881
UI源文件,panorama/images/custom_game/archive_gpu_small/lottery_gathering_grimoire.vtex,.vtex,877
UI源文件,panorama/images/custom_game/archive_gpu_small/lottery_greenwood_nirvana.vtex,.vtex,876
UI源文件,panorama/images/custom_game/archive_gpu_small/lottery_greenwood_rampart.vtex,.vtex,876
UI源文件,panorama/images/custom_game/archive_gpu_small/lottery_heaven_devouring_pill.vtex,.vtex,880
UI源文件,panorama/images/custom_game/archive_gpu_small/lottery_heaven_reaching_tower_seal.vtex,.vtex,885
UI源文件,panorama/images/custom_game/archive_gpu_small/lottery_heavenly_puppet.vtex,.vtex,874
UI源文件,panorama/images/custom_game/archive_gpu_small/lottery_hero_medal.vtex,.vtex,869
UI源文件,panorama/images/custom_game/archive_gpu_small/lottery_hippogryph_onslaught.vtex,.vtex,879
UI源文件,panorama/images/custom_game/archive_gpu_small/lottery_immortal_nirvana.vtex,.vtex,875
UI源文件,panorama/images/custom_game/archive_gpu_small/lottery_immortal_slaying_sword_array.vtex,.vtex,887
UI源文件,panorama/images/custom_game/archive_gpu_small/lottery_investiture_of_gods.vtex,.vtex,878
UI源文件,panorama/images/custom_game/archive_gpu_small/lottery_jade_purity_sword_immortal.vtex,.vtex,885
UI源文件,panorama/images/custom_game/archive_gpu_small/lottery_life_spirit.vtex,.vtex,870
UI源文件,panorama/images/custom_game/archive_gpu_small/lottery_lumber_crystal.vtex,.vtex,873
UI源文件,panorama/images/custom_game/archive_gpu_small/lottery_lumber_expert.vtex,.vtex,872
UI源文件,panorama/images/custom_game/archive_gpu_small/lottery_lumber_fury.vtex,.vtex,870
UI源文件,panorama/images/custom_game/archive_gpu_small/lottery_lumber_immortal.vtex,.vtex,874
UI源文件,panorama/images/custom_game/archive_gpu_small/lottery_lumber_legacy.vtex,.vtex,872
UI源文件,panorama/images/custom_game/archive_gpu_small/lottery_magical_girl_juggernaut.vtex,.vtex,882
UI源文件,panorama/images/custom_game/archive_gpu_small/lottery_magnetic_disruption_turret.vtex,.vtex,885
UI源文件,panorama/images/custom_game/archive_gpu_small/lottery_monkey_king.vtex,.vtex,870
UI源文件,panorama/images/custom_game/archive_gpu_small/lottery_mountain_sea_kunpeng.vtex,.vtex,879
UI源文件,panorama/images/custom_game/archive_gpu_small/lottery_nano_cluster.vtex,.vtex,871
UI源文件,panorama/images/custom_game/archive_gpu_small/lottery_nature_crystal.vtex,.vtex,873
UI源文件,panorama/images/custom_game/archive_gpu_small/lottery_nature_spirit.vtex,.vtex,872
UI源文件,panorama/images/custom_game/archive_gpu_small/lottery_neural_reconstruction_module.vtex,.vtex,887
UI源文件,panorama/images/custom_game/archive_gpu_small/lottery_nitride_alloy_wall.vtex,.vtex,877
UI源文件,panorama/images/custom_game/archive_gpu_small/lottery_oak_bulwark.vtex,.vtex,870
UI源文件,panorama/images/custom_game/archive_gpu_small/lottery_omniscience_blessing.vtex,.vtex,879
UI源文件,panorama/images/custom_game/archive_gpu_small/lottery_orbital_cannon_core.vtex,.vtex,878
UI源文件,panorama/images/custom_game/archive_gpu_small/lottery_protection_crystal.vtex,.vtex,877
UI源文件,panorama/images/custom_game/archive_gpu_small/lottery_pulse_conduction_turret.vtex,.vtex,882
UI源文件,panorama/images/custom_game/archive_gpu_small/lottery_quick_dry_cement.vtex,.vtex,875
UI源文件,panorama/images/custom_game/archive_gpu_small/lottery_recovery_crystal.vtex,.vtex,875
UI源文件,panorama/images/custom_game/archive_gpu_small/lottery_recovery_spirit.vtex,.vtex,874
UI源文件,panorama/images/custom_game/archive_gpu_small/lottery_reincarnation_immortal_stele.vtex,.vtex,887
UI源文件,panorama/images/custom_game/archive_gpu_small/lottery_reincarnation_orb.vtex,.vtex,876
UI源文件,panorama/images/custom_game/archive_gpu_small/lottery_resistance_crystal.vtex,.vtex,877
UI源文件,panorama/images/custom_game/archive_gpu_small/lottery_rift_implant.vtex,.vtex,871
UI源文件,panorama/images/custom_game/archive_gpu_small/lottery_seed_of_all_wood.vtex,.vtex,875
UI源文件,panorama/images/custom_game/archive_gpu_small/lottery_sharp_spirit.vtex,.vtex,871
UI源文件,panorama/images/custom_game/archive_gpu_small/lottery_sharpwood_tower_core.vtex,.vtex,879
UI源文件,panorama/images/custom_game/archive_gpu_small/lottery_shooting_crystal.vtex,.vtex,875
UI源文件,panorama/images/custom_game/archive_gpu_small/lottery_signal_hub.vtex,.vtex,869
UI源文件,panorama/images/custom_game/archive_gpu_small/lottery_sky_turning_seal.vtex,.vtex,875
UI源文件,panorama/images/custom_game/archive_gpu_small/lottery_soul_devouring_blade.vtex,.vtex,879
UI源文件,panorama/images/custom_game/archive_gpu_small/lottery_soul_lock_box.vtex,.vtex,872
UI源文件,panorama/images/custom_game/archive_gpu_small/lottery_sovereign_under_heaven.vtex,.vtex,881
UI源文件,panorama/images/custom_game/archive_gpu_small/lottery_steel_wall.vtex,.vtex,869
UI源文件,panorama/images/custom_game/archive_gpu_small/lottery_struggle_diary.vtex,.vtex,873
UI源文件,panorama/images/custom_game/archive_gpu_small/lottery_supreme_fishing_rod.vtex,.vtex,878
UI源文件,panorama/images/custom_game/archive_gpu_small/lottery_swift_emblem.vtex,.vtex,871
UI源文件,panorama/images/custom_game/archive_gpu_small/lottery_time_orb.vtex,.vtex,867
UI源文件,panorama/images/custom_game/archive_gpu_small/lottery_titan_shield.vtex,.vtex,871
UI源文件,panorama/images/custom_game/archive_gpu_small/lottery_tower_retrofit.vtex,.vtex,873
UI源文件,panorama/images/custom_game/archive_gpu_small/lottery_unbreakable_fortress.vtex,.vtex,879
UI源文件,panorama/images/custom_game/archive_gpu_small/lottery_universal_tool.vtex,.vtex,873
UI源文件,panorama/images/custom_game/archive_gpu_small/lottery_void_signal_terminal.vtex,.vtex,879
UI源文件,panorama/images/custom_game/archive_gpu_small/lottery_wealth_crystal.vtex,.vtex,873
UI源文件,panorama/images/custom_game/archive_gpu_small/lottery_windspeed_bowstring.vtex,.vtex,878
UI源文件,panorama/images/custom_game/archive_gpu_small/lottery_woodcraft_grandmaster.vtex,.vtex,880
UI源文件,panorama/images/custom_game/archive_gpu_small/lottery_woodforged_thousand_arrows.vtex,.vtex,885
UI源文件,panorama/images/custom_game/archive_gpu_small/polish_achievement_shared.vtex,.vtex,870
UI源文件,panorama/images/custom_game/archive_gpu_small/polish_work_theme_01.vtex,.vtex,865
UI源文件,panorama/images/custom_game/archive_gpu_small/polish_work_theme_02.vtex,.vtex,865
UI源文件,panorama/images/custom_game/archive_gpu_small/polish_work_theme_03.vtex,.vtex,865
UI源文件,panorama/images/custom_game/archive_gpu_small/polish_work_theme_04.vtex,.vtex,865
UI源文件,panorama/images/custom_game/archive_gpu_small/polish_work_theme_05.vtex,.vtex,865
UI源文件,panorama/images/custom_game/archive_gpu_small/polish_work_theme_06.vtex,.vtex,865
UI源文件,panorama/images/custom_game/archive_gpu_small/polish_work_theme_07.vtex,.vtex,865
UI源文件,panorama/images/custom_game/archive_gpu_small/polish_work_theme_08.vtex,.vtex,865
UI源文件,panorama/images/custom_game/archive_gpu_small/polish_work_theme_09.vtex,.vtex,865
UI源文件,panorama/images/custom_game/archive_gpu_small/polish_work_theme_10.vtex,.vtex,865
UI源文件,panorama/images/custom_game/archive_gpu_small/polish_work_theme_11.vtex,.vtex,865
UI源文件,panorama/images/custom_game/archive_gpu_small/polish_work_theme_12.vtex,.vtex,865
UI源文件,panorama/images/custom_game/archive_gpu_small/polish_work_theme_13.vtex,.vtex,865
UI源文件,panorama/images/custom_game/archive_gpu_small/polish_work_theme_14.vtex,.vtex,865
UI源文件,panorama/images/custom_game/archive_gpu_small/polish_work_theme_15.vtex,.vtex,865
UI源文件,panorama/images/custom_game/archive_gpu_small/polish_work_theme_16.vtex,.vtex,865
UI源文件,panorama/images/custom_game/archive_gpu_small/polish_work_theme_17.vtex,.vtex,865
UI源文件,panorama/images/custom_game/archive_gpu_small/portrait_achievement_closeup.vtex,.vtex,874
UI源文件,panorama/images/custom_game/archive_gpu_small/portrait_boss_map_head.vtex,.vtex,868
UI源文件,panorama/images/custom_game/archive_gpu_small/portrait_work_head_boss.vtex,.vtex,869
UI源文件,panorama/images/custom_game/archive_gpu_small/portrait_work_head_happy.vtex,.vtex,870
UI源文件,panorama/images/custom_game/archive_gpu_small/portrait_work_head_tired.vtex,.vtex,870
UI源文件,panorama/images/custom_game/archive_gpu_small/shadow_01.vtex,.vtex,863
UI源文件,panorama/images/custom_game/archive_gpu_small/shadow_02.vtex,.vtex,863
UI源文件,panorama/images/custom_game/archive_gpu_small/shadow_03.vtex,.vtex,863
UI源文件,panorama/images/custom_game/archive_gpu_small/shadow_04.vtex,.vtex,863
UI源文件,panorama/images/custom_game/archive_gpu_small/shop_equipment_attack_gloves_01.vtex,.vtex,882
UI源文件,panorama/images/custom_game/archive_gpu_small/shop_equipment_burning_blade_01.vtex,.vtex,882
UI源文件,panorama/images/custom_game/archive_gpu_small/shop_equipment_iron_armor_01.vtex,.vtex,879
UI源文件,panorama/images/custom_game/archive_gpu_small/shop_item_death_mask.vtex,.vtex,871
UI源文件,panorama/images/custom_game/archive_gpu_small/shop_item_forging_hammer.vtex,.vtex,875
UI源文件,panorama/images/custom_game/archive_gpu_small/shop_item_knowledge_book.vtex,.vtex,875
UI源文件,panorama/images/custom_game/archive_gpu_small/shop_item_small_polar_crystal.vtex,.vtex,880
UI源文件,panorama/images/custom_game/archive_gpu_small/shop_item_super_knowledge_book.vtex,.vtex,881
UI源文件,panorama/images/custom_game/archive_gpu_small/shop_service_early_final_boss.vtex,.vtex,880
UI源文件,panorama/images/custom_game/archive_gpu_small/shop_weapon_growth_sword_01.vtex,.vtex,878
UI源文件,panorama/images/custom_game/archive_gpu_small/star_blessing_001.vtex,.vtex,868
UI源文件,panorama/images/custom_game/archive_gpu_small/star_blessing_002.vtex,.vtex,868
UI源文件,panorama/images/custom_game/archive_gpu_small/star_blessing_003.vtex,.vtex,868
UI源文件,panorama/images/custom_game/archive_gpu_small/star_blessing_004.vtex,.vtex,868
UI源文件,panorama/images/custom_game/archive_gpu_small/star_blessing_005.vtex,.vtex,868
UI源文件,panorama/images/custom_game/archive_gpu_small/star_blessing_006.vtex,.vtex,868
UI源文件,panorama/images/custom_game/archive_gpu_small/star_blessing_007.vtex,.vtex,868
UI源文件,panorama/images/custom_game/archive_gpu_small/star_blessing_008.vtex,.vtex,868
UI源文件,panorama/images/custom_game/archive_gpu_small/star_blessing_009.vtex,.vtex,868
UI源文件,panorama/images/custom_game/archive_gpu_small/star_blessing_010.vtex,.vtex,868
UI源文件,panorama/images/custom_game/archive_gpu_small/star_blessing_011.vtex,.vtex,868
UI源文件,panorama/images/custom_game/archive_gpu_small/star_blessing_012.vtex,.vtex,868
UI源文件,panorama/images/custom_game/archive_gpu_small/star_blessing_013.vtex,.vtex,868
UI源文件,panorama/images/custom_game/archive_gpu_small/star_blessing_014.vtex,.vtex,868
UI源文件,panorama/images/custom_game/archive_gpu_small/star_blessing_015.vtex,.vtex,868
UI源文件,panorama/images/custom_game/archive_gpu_small/star_blessing_016.vtex,.vtex,868
UI源文件,panorama/images/custom_game/archive_gpu_small/star_blessing_017.vtex,.vtex,868
UI源文件,panorama/images/custom_game/archive_gpu_small/star_blessing_018.vtex,.vtex,868
UI源文件,panorama/images/custom_game/archive_gpu_small/star_blessing_019.vtex,.vtex,868
UI源文件,panorama/images/custom_game/archive_gpu_small/star_blessing_020.vtex,.vtex,868
UI源文件,panorama/images/custom_game/archive_gpu_small/star_blessing_021.vtex,.vtex,868
UI源文件,panorama/images/custom_game/archive_gpu_small/star_blessing_022.vtex,.vtex,868
UI源文件,panorama/images/custom_game/archive_gpu_small/star_blessing_023.vtex,.vtex,868
UI源文件,panorama/images/custom_game/archive_gpu_small/star_blessing_024.vtex,.vtex,868
UI源文件,panorama/images/custom_game/archive_gpu_small/star_blessing_025.vtex,.vtex,868
UI源文件,panorama/images/custom_game/archive_gpu_small/star_blessing_026.vtex,.vtex,868
UI源文件,panorama/images/custom_game/archive_handoff_v1/archive_ui_kit_v1_badge_locked.png,.png,8832
UI源文件,panorama/images/custom_game/archive_handoff_v1/archive_ui_kit_v1_badge_unlocked.png,.png,9032
UI源文件,panorama/images/custom_game/archive_handoff_v1/archive_ui_kit_v1_blessing_normal.png,.png,1370
UI源文件,panorama/images/custom_game/archive_handoff_v1/archive_ui_kit_v1_clear_selected.png,.png,998
UI源文件,panorama/images/custom_game/archive_handoff_v1/archive_ui_kit_v1_endless_normal.png,.png,1174
UI源文件,panorama/images/custom_game/archive_handoff_v1/archive_ui_kit_v1_ex_normal.png,.png,1569
UI源文件,panorama/images/custom_game/archive_handoff_v1/archive_ui_kit_v1_friends_normal.png,.png,1398
UI源文件,panorama/images/custom_game/archive_handoff_v1/archive_ui_kit_v1_points_normal.png,.png,1425
UI源文件,panorama/images/custom_game/archive_handoff_v1/archive_ui_kit_v1_spell_normal.png,.png,1549
UI源文件,panorama/images/custom_game/archive_handoff_v1/archive_ui_kit_v1_toggle_selected.png,.png,21028
UI源文件,panorama/images/custom_game/archive_handoff_v1/archive_ui_kit_v1_void_normal.png,.png,1169
UI源文件,panorama/images/custom_game/archive_handoff_v1/archive_ui_kit_v1_weapon_normal.png,.png,1093
UI源文件,panorama/images/custom_game/archive_handoff_v1/art_01.png,.png,26192
UI源文件,panorama/images/custom_game/archive_handoff_v1/art_02.png,.png,24145
UI源文件,panorama/images/custom_game/archive_handoff_v1/art_03.png,.png,23638
UI源文件,panorama/images/custom_game/archive_handoff_v1/art_04.png,.png,22232
UI源文件,panorama/images/custom_game/archive_handoff_v1/art_05.png,.png,22949
UI源文件,panorama/images/custom_game/archive_handoff_v1/art_06.png,.png,22817
UI源文件,panorama/images/custom_game/archive_handoff_v1/art_07.png,.png,23069
UI源文件,panorama/images/custom_game/archive_handoff_v1/art_08.png,.png,24682
UI源文件,panorama/images/custom_game/archive_handoff_v1/art_09.png,.png,24034
UI源文件,panorama/images/custom_game/archive_handoff_v1/art_10.png,.png,21258
UI源文件,panorama/images/custom_game/archive_handoff_v1/art_11.png,.png,23345
UI源文件,panorama/images/custom_game/archive_handoff_v1/art_12.png,.png,24630
UI源文件,panorama/images/custom_game/archive_handoff_v1/content_background.png,.png,374243
UI源文件,panorama/images/custom_game/archive_handoff_v1/detail_controls_v1_badge_counter.png,.png,518
UI源文件,panorama/images/custom_game/archive_handoff_v1/detail_controls_v1_scroll_thumb_normal.png,.png,244
UI源文件,panorama/images/custom_game/archive_handoff_v1/detail_controls_v1_scroll_track.png,.png,242
UI源文件,panorama/images/custom_game/archive_handoff_v1/filter_normal.png,.png,10625
UI源文件,panorama/images/custom_game/archive_handoff_v1/filter_selected.png,.png,22212
UI源文件,panorama/images/custom_game/archive_handoff_v1/header_alpha_v2.png,.png,726874
UI源文件,panorama/images/custom_game/archive_handoff_v1/header_background.png,.png,186995
UI源文件,panorama/images/custom_game/archive_handoff_v1/icon_check_light.png,.png,561
UI源文件,panorama/images/custom_game/archive_handoff_v1/icon_lock_light.png,.png,560
UI源文件,panorama/images/custom_game/archive_handoff_v1/interaction_components_v2_card_normal.png,.png,31615
UI源文件,panorama/images/custom_game/archive_handoff_v1/interaction_components_v2_card_selected.png,.png,31407
UI源文件,panorama/images/custom_game/archive_handoff_v1/sidebar_background.png,.png,118671
UI源文件,panorama/images/custom_game/archive_handoff_v1/tooltip_divider.png,.png,125
UI源文件,panorama/images/custom_game/archive_handoff_v1/tooltip_panel.png,.png,1402
UI源文件,panorama/images/custom_game/archive_handoff_v1/window_foundation_v1_close_normal.png,.png,638
UI源文件,panorama/images/custom_game/archive_heads_v2/ex_01.png,.png,1717351
UI源文件,panorama/images/custom_game/archive_heads_v2/ex_02.png,.png,1779939
UI源文件,panorama/images/custom_game/archive_heads_v2/ex_03.png,.png,1826387
UI源文件,panorama/images/custom_game/archive_heads_v2/ex_04.png,.png,1857887
UI源文件,panorama/images/custom_game/archive_heads_v2/ex_05.png,.png,1733520
UI源文件,panorama/images/custom_game/archive_heads_v2/ex_06.png,.png,1535265
UI源文件,panorama/images/custom_game/archive_heads_v2/ex_07.png,.png,1806055
UI源文件,panorama/images/custom_game/archive_heads_v2/ex_08.png,.png,1687012
UI源文件,panorama/images/custom_game/archive_heads_v2/ex_09.png,.png,1562698
UI源文件,panorama/images/custom_game/archive_heads_v2/ex_10.png,.png,2008131
UI源文件,panorama/images/custom_game/archive_heads_v2/ex_11.png,.png,1995005
UI源文件,panorama/images/custom_game/archive_heads_v2/ex_12.png,.png,1803961
UI源文件,panorama/images/custom_game/archive_heads_v2/ex_13.png,.png,1744342
UI源文件,panorama/images/custom_game/archive_heads_v2/ex_14.png,.png,1654883
UI源文件,panorama/images/custom_game/archive_heads_v2/ex_15.png,.png,1742459
UI源文件,panorama/images/custom_game/archive_heads_v2/ex_16.png,.png,1810346
UI源文件,panorama/images/custom_game/archive_heads_v2/ex_17.png,.png,1718168
UI源文件,panorama/images/custom_game/archive_heads_v2/ex_18.png,.png,1520695
UI源文件,panorama/images/custom_game/archive_heads_v2/ex_19.png,.png,1917170
UI源文件,panorama/images/custom_game/archive_heads_v2/ex_20.png,.png,1545865
UI源文件,panorama/images/custom_game/archive_heads_v2/ex_21.png,.png,1855127
UI源文件,panorama/images/custom_game/archive_heads_v2/ex_22.png,.png,1544838
UI源文件,panorama/images/custom_game/archive_heads_v2/ex_23.png,.png,1986724
UI源文件,panorama/images/custom_game/archive_heads_v2/ex_24.png,.png,1646890
UI源文件,panorama/images/custom_game/archive_heads_v2/ex_25.png,.png,1676883
UI源文件,panorama/images/custom_game/archive_heads_v2/ex_26.png,.png,1659051
UI源文件,panorama/images/custom_game/archive_heads_v2/ex_27.png,.png,1840819
UI源文件,panorama/images/custom_game/archive_heads_v2/ex_28.png,.png,2184947
UI源文件,panorama/images/custom_game/archive_heads_v2/ex_29.png,.png,2119673
UI源文件,panorama/images/custom_game/archive_heads_v2/ex_30.png,.png,2218392
UI源文件,panorama/images/custom_game/archive_heads_v2/ex_31.png,.png,2231176
UI源文件,panorama/images/custom_game/archive_heads_v2/ex_32.png,.png,2016779
UI源文件,panorama/images/custom_game/archive_heads_v2/ex_33.png,.png,1615933
UI源文件,panorama/images/custom_game/archive_heads_v2/ex_34.png,.png,1628699
UI源文件,panorama/images/custom_game/archive_heads_v2/ex_35.png,.png,1589448
UI源文件,panorama/images/custom_game/archive_heads_v2/ex_36.png,.png,1734635
UI源文件,panorama/images/custom_game/archive_heads_v2/ex_37.png,.png,1703926
UI源文件,panorama/images/custom_game/archive_heads_v2/ex_38.png,.png,1797697
UI源文件,panorama/images/custom_game/archive_heads_v2/ex_39.png,.png,1783444
UI源文件,panorama/images/custom_game/archive_heads_v2/ex_40.png,.png,1869383
UI源文件,panorama/images/custom_game/archive_heads_v2/friend_01.png,.png,1347459
UI源文件,panorama/images/custom_game/archive_heads_v2/friend_02.png,.png,1477482
UI源文件,panorama/images/custom_game/archive_heads_v2/friend_03.png,.png,1594550
UI源文件,panorama/images/custom_game/archive_heads_v2/friend_04.png,.png,1760967
UI源文件,panorama/images/custom_game/archive_heads_v2/friend_05.png,.png,1393012
UI源文件,panorama/images/custom_game/archive_heads_v2/friend_06.png,.png,1768362
UI源文件,panorama/images/custom_game/archive_heads_v2/friend_07.png,.png,1497231
UI源文件,panorama/images/custom_game/archive_heads_v2/friend_08.png,.png,1507327
UI源文件,panorama/images/custom_game/archive_heads_v2/friend_09.png,.png,1776538
UI源文件,panorama/images/custom_game/archive_heads_v2/friend_10.png,.png,1707267
UI源文件,panorama/images/custom_game/archive_heads_v2/friend_11.png,.png,1586081
UI源文件,panorama/images/custom_game/archive_heads_v2/friend_12.png,.png,1723972
UI源文件,panorama/images/custom_game/archive_heads_v2/friend_13.png,.png,1762010
UI源文件,panorama/images/custom_game/archive_heads_v2/friend_14.png,.png,1645623
UI源文件,panorama/images/custom_game/archive_heads_v2/friend_15.png,.png,1733053
UI源文件,panorama/images/custom_game/archive_heads_v2/friend_16.png,.png,1624084
UI源文件,panorama/images/custom_game/archive_heads_v2/friend_17.png,.png,1669941
UI源文件,panorama/images/custom_game/archive_heads_v2/friend_18.png,.png,1701147
UI源文件,panorama/images/custom_game/archive_heads_v2/friend_19.png,.png,1208024
UI源文件,panorama/images/custom_game/archive_heads_v2/friend_20.png,.png,1897709
UI源文件,panorama/images/custom_game/archive_heads_v2/friend_21.png,.png,1792846
UI源文件,panorama/images/custom_game/archive_heads_v2/friend_22.png,.png,1474469
UI源文件,panorama/images/custom_game/archive_heads_v2/friend_23.png,.png,1701247
UI源文件,panorama/images/custom_game/archive_heads_v2/friend_24.png,.png,1582965
UI源文件,panorama/images/custom_game/archive_heads_v2/friend_25.png,.png,1759709
UI源文件,panorama/images/custom_game/archive_heads_v2/friend_26.png,.png,1979494
UI源文件,panorama/images/custom_game/archive_heads_v2/friend_27.png,.png,2069333
UI源文件,panorama/images/custom_game/archive_heads_v2/friend_28.png,.png,1982221
UI源文件,panorama/images/custom_game/archive_heads_v2/friend_29.png,.png,1712207
UI源文件,panorama/images/custom_game/archive_heads_v2/friend_30.png,.png,1609009
UI源文件,panorama/images/custom_game/archive_heads_v2/friend_31.png,.png,1593002
UI源文件,panorama/images/custom_game/archive_heads_v2/friend_32.png,.png,1740755
UI源文件,panorama/images/custom_game/archive_heads_v2/friend_33.png,.png,1741346
UI源文件,panorama/images/custom_game/archive_heads_v2/friend_34.png,.png,1931790
UI源文件,panorama/images/custom_game/archive_heads_v2/friend_35.png,.png,1891868
UI源文件,panorama/images/custom_game/archive_heads_v2/friend_36.png,.png,1873825
UI源文件,panorama/images/custom_game/archive_heads_v2/friend_37.png,.png,1897604
UI源文件,panorama/images/custom_game/archive_heads_v2/friend_38.png,.png,1601933
UI源文件,panorama/images/custom_game/archive_heads_v2/friend_39.png,.png,2077821
UI源文件,panorama/images/custom_game/archive_heads_v2/friend_40.png,.png,1549657
UI源文件,panorama/images/custom_game/archive_items_v1/README.md,.md,2026
UI源文件,panorama/images/custom_game/archive_items_v1/shadow_01_v1.png,.png,1134032
UI源文件,panorama/images/custom_game/archive_items_v1/shadow_02_v1.png,.png,1685271
UI源文件,panorama/images/custom_game/archive_items_v1/shadow_03_v1.png,.png,1557211
UI源文件,panorama/images/custom_game/archive_items_v1/shadow_04_v1.png,.png,1512020
UI源文件,panorama/images/custom_game/archive_items_v2/beast_01.png,.png,1493898
UI源文件,panorama/images/custom_game/archive_items_v2/beast_02.png,.png,1584015
UI源文件,panorama/images/custom_game/archive_items_v2/beast_03.png,.png,1767879
UI源文件,panorama/images/custom_game/archive_items_v2/beast_04.png,.png,1487227
UI源文件,panorama/images/custom_game/archive_items_v2/beast_05.png,.png,1611210
UI源文件,panorama/images/custom_game/archive_items_v2/beast_06.png,.png,1644675
UI源文件,panorama/images/custom_game/archive_items_v2/beast_07.png,.png,1629060
UI源文件,panorama/images/custom_game/archive_items_v2/beast_08.png,.png,1772011
UI源文件,panorama/images/custom_game/archive_items_v2/beast_09.png,.png,1782625
UI源文件,panorama/images/custom_game/archive_items_v2/beast_10.png,.png,1625757
UI源文件,panorama/images/custom_game/archive_items_v2/beast_11.png,.png,1533840
UI源文件,panorama/images/custom_game/archive_items_v2/beast_12.png,.png,1813121
UI源文件,panorama/images/custom_game/archive_items_v2/beast_13.png,.png,978751
UI源文件,panorama/images/custom_game/archive_items_v2/beast_14.png,.png,1741830
UI源文件,panorama/images/custom_game/archive_items_v2/beast_15.png,.png,1867244
UI源文件,panorama/images/custom_game/archive_items_v2/beast_16.png,.png,1533670
UI源文件,panorama/images/custom_game/archive_items_v2/beast_17.png,.png,1476362
UI源文件,panorama/images/custom_game/archive_items_v2/beast_18.png,.png,1688964
UI源文件,panorama/images/custom_game/archive_items_v2/beast_19.png,.png,1695792
UI源文件,panorama/images/custom_game/archive_items_v2/beast_20.png,.png,1449000
UI源文件,panorama/images/custom_game/archive_items_v2/beast_21.png,.png,2074099
UI源文件,panorama/images/custom_game/archive_items_v2/beast_22.png,.png,1685279
UI源文件,panorama/images/custom_game/archive_items_v2/beast_23.png,.png,1916088
UI源文件,panorama/images/custom_game/archive_items_v2/beast_24.png,.png,1535246
UI源文件,panorama/images/custom_game/archive_items_v2/beast_25.png,.png,1560311
UI源文件,panorama/images/custom_game/archive_items_v2/beast_26.png,.png,2065727
UI源文件,panorama/images/custom_game/archive_items_v2/beast_27.png,.png,1875717
UI源文件,panorama/images/custom_game/archive_items_v2/beast_28.png,.png,1848107
UI源文件,panorama/images/custom_game/archive_items_v2/beast_29.png,.png,1717225
UI源文件,panorama/images/custom_game/archive_items_v2/beast_30.png,.png,1667236
UI源文件,panorama/images/custom_game/archive_items_v2/beast_31.png,.png,1826734
UI源文件,panorama/images/custom_game/archive_items_v2/beast_32.png,.png,1662771
UI源文件,panorama/images/custom_game/archive_items_v2/beast_33.png,.png,1707148
UI源文件,panorama/images/custom_game/archive_items_v2/beast_34.png,.png,1743410
UI源文件,panorama/images/custom_game/archive_items_v2/beast_35.png,.png,1497939
UI源文件,panorama/images/custom_game/archive_items_v2/beast_36.png,.png,1787847
UI源文件,panorama/images/custom_game/archive_items_v2/beast_37.png,.png,1416925
UI源文件,panorama/images/custom_game/archive_items_v2/beast_38.png,.png,1877849
UI源文件,panorama/images/custom_game/archive_items_v2/beast_39.png,.png,1567255
UI源文件,panorama/images/custom_game/archive_items_v2/beast_40.png,.png,2035579
UI源文件,panorama/images/custom_game/archive_items_v2/building_01.png,.png,1745856
UI源文件,panorama/images/custom_game/archive_items_v2/building_02.png,.png,869659
UI源文件,panorama/images/custom_game/archive_items_v2/building_03.png,.png,1878018
UI源文件,panorama/images/custom_game/archive_items_v2/building_04.png,.png,940830
UI源文件,panorama/images/custom_game/archive_items_v2/building_05.png,.png,1122674
UI源文件,panorama/images/custom_game/archive_items_v2/building_06.png,.png,1680989
UI源文件,panorama/images/custom_game/archive_items_v2/building_07.png,.png,1637770
UI源文件,panorama/images/custom_game/archive_items_v2/building_08.png,.png,1574233
UI源文件,panorama/images/custom_game/archive_items_v2/building_09.png,.png,1206310
UI源文件,panorama/images/custom_game/archive_items_v2/cage_01.png,.png,1189930
UI源文件,panorama/images/custom_game/archive_items_v2/cage_02.png,.png,1315565
UI源文件,panorama/images/custom_game/archive_items_v2/cage_03.png,.png,1652066
UI源文件,panorama/images/custom_game/archive_items_v2/cage_04.png,.png,1792000
UI源文件,panorama/images/custom_game/archive_items_v2/cage_05.png,.png,1512362
UI源文件,panorama/images/custom_game/archive_items_v2/cage_06.png,.png,1673870
UI源文件,panorama/images/custom_game/archive_items_v2/cage_07.png,.png,1274195
UI源文件,panorama/images/custom_game/archive_items_v2/cage_08.png,.png,1723211
UI源文件,panorama/images/custom_game/archive_items_v2/cage_09.png,.png,1424552
UI源文件,panorama/images/custom_game/archive_items_v2/cage_10.png,.png,1018643
UI源文件,panorama/images/custom_game/archive_items_v2/cage_11.png,.png,1475214
UI源文件,panorama/images/custom_game/archive_items_v2/cage_12.png,.png,1538040
UI源文件,panorama/images/custom_game/archive_items_v2/cage_13.png,.png,1351469
UI源文件,panorama/images/custom_game/archive_items_v2/cage_14.png,.png,1728445
UI源文件,panorama/images/custom_game/archive_items_v2/cage_15.png,.png,1470511
UI源文件,panorama/images/custom_game/archive_items_v2/cage_16.png,.png,1317423
UI源文件,panorama/images/custom_game/archive_items_v2/cage_17.png,.png,1416094
UI源文件,panorama/images/custom_game/archive_items_v2/cage_18.png,.png,1560582
UI源文件,panorama/images/custom_game/archive_items_v2/cage_19.png,.png,1126248
UI源文件,panorama/images/custom_game/archive_items_v2/cage_20.png,.png,1440721
UI源文件,panorama/images/custom_game/archive_items_v2/cage_21.png,.png,1597770
UI源文件,panorama/images/custom_game/archive_items_v2/cage_22.png,.png,957864
UI源文件,panorama/images/custom_game/archive_items_v2/cage_23.png,.png,1734801
UI源文件,panorama/images/custom_game/archive_items_v2/cage_24.png,.png,1634890
UI源文件,panorama/images/custom_game/archive_items_v2/cage_25.png,.png,1834433
UI源文件,panorama/images/custom_game/archive_items_v2/cage_26.png,.png,1443191
UI源文件,panorama/images/custom_game/archive_items_v2/cage_27.png,.png,1596230
UI源文件,panorama/images/custom_game/archive_items_v2/cage_28.png,.png,1280129
UI源文件,panorama/images/custom_game/archive_items_v2/cage_29.png,.png,1359208
UI源文件,panorama/images/custom_game/archive_items_v2/cage_30.png,.png,1601298
UI源文件,panorama/images/custom_game/archive_items_v2/cage_31.png,.png,2108268
UI源文件,panorama/images/custom_game/archive_items_v2/cage_32.png,.png,1683255
UI源文件,panorama/images/custom_game/archive_items_v2/cage_33.png,.png,1610328
UI源文件,panorama/images/custom_game/archive_items_v2/cage_34.png,.png,1358867
UI源文件,panorama/images/custom_game/archive_items_v2/cage_35.png,.png,1437822
UI源文件,panorama/images/custom_game/archive_items_v2/cage_36.png,.png,1689679
UI源文件,panorama/images/custom_game/archive_items_v2/cage_37.png,.png,1244708
UI源文件,panorama/images/custom_game/archive_items_v2/cage_38.png,.png,1399254
UI源文件,panorama/images/custom_game/archive_items_v2/cage_39.png,.png,1561686
UI源文件,panorama/images/custom_game/archive_items_v2/cage_40.png,.png,1769529
UI源文件,panorama/images/custom_game/archive_items_v2/cage_41.png,.png,1586167
UI源文件,panorama/images/custom_game/archive_items_v2/cage_42.png,.png,1898986
UI源文件,panorama/images/custom_game/archive_items_v2/cage_43.png,.png,1319978
UI源文件,panorama/images/custom_game/archive_items_v2/cage_44.png,.png,1460608
UI源文件,panorama/images/custom_game/archive_items_v2/cage_45.png,.png,1504969
UI源文件,panorama/images/custom_game/archive_items_v2/cage_46.png,.png,996745
UI源文件,panorama/images/custom_game/archive_items_v2/cage_47.png,.png,1263659
UI源文件,panorama/images/custom_game/archive_items_v2/cage_48.png,.png,1707838
UI源文件,panorama/images/custom_game/archive_items_v2/cage_49.png,.png,1952837
UI源文件,panorama/images/custom_game/archive_items_v2/cage_50.png,.png,1738293
UI源文件,panorama/images/custom_game/archive_items_v2/cage_51.png,.png,1595094
UI源文件,panorama/images/custom_game/archive_items_v2/cage_52.png,.png,1557725
UI源文件,panorama/images/custom_game/archive_items_v2/cage_53.png,.png,1672180
UI源文件,panorama/images/custom_game/archive_items_v2/cage_54.png,.png,1736907
UI源文件,panorama/images/custom_game/archive_items_v2/daily_ancient_tree.png,.png,1707202
UI源文件,panorama/images/custom_game/archive_items_v2/daily_attack_shard.png,.png,1088961
UI源文件,panorama/images/custom_game/archive_items_v2/daily_attribute_gem.png,.png,1302646
UI源文件,panorama/images/custom_game/archive_items_v2/daily_attribute_shard.png,.png,977540
UI源文件,panorama/images/custom_game/archive_items_v2/daily_block_shard.png,.png,1495065
UI源文件,panorama/images/custom_game/archive_items_v2/daily_forest_origin.png,.png,1936096
UI源文件,panorama/images/custom_game/archive_items_v2/daily_gold_gem.png,.png,1420025
UI源文件,panorama/images/custom_game/archive_items_v2/daily_growth_gem.png,.png,1200233
UI源文件,panorama/images/custom_game/archive_items_v2/daily_health_gem.png,.png,1458232
UI源文件,panorama/images/custom_game/archive_items_v2/daily_regen_shard.png,.png,1235181
UI源文件,panorama/images/custom_game/archive_items_v2/daily_wealth_talisman.png,.png,1265712
UI源文件,panorama/images/custom_game/archive_items_v2/daily_wood_gem.png,.png,1477544
UI源文件,panorama/images/custom_game/archive_items_v2/ex_01.png,.png,1437391
UI源文件,panorama/images/custom_game/archive_items_v2/ex_02.png,.png,1381842
UI源文件,panorama/images/custom_game/archive_items_v2/ex_03.png,.png,1439303
UI源文件,panorama/images/custom_game/archive_items_v2/ex_04.png,.png,1281192
UI源文件,panorama/images/custom_game/archive_items_v2/ex_05.png,.png,1332880
UI源文件,panorama/images/custom_game/archive_items_v2/ex_06.png,.png,1090625
UI源文件,panorama/images/custom_game/archive_items_v2/ex_07.png,.png,1356165
UI源文件,panorama/images/custom_game/archive_items_v2/ex_08.png,.png,1010110
UI源文件,panorama/images/custom_game/archive_items_v2/ex_09.png,.png,1113084
UI源文件,panorama/images/custom_game/archive_items_v2/ex_10.png,.png,1094646
UI源文件,panorama/images/custom_game/archive_items_v2/ex_11.png,.png,1298458
UI源文件,panorama/images/custom_game/archive_items_v2/ex_12.png,.png,1332766
UI源文件,panorama/images/custom_game/archive_items_v2/ex_13.png,.png,1038942
UI源文件,panorama/images/custom_game/archive_items_v2/ex_14.png,.png,850763
UI源文件,panorama/images/custom_game/archive_items_v2/ex_15.png,.png,1220799
UI源文件,panorama/images/custom_game/archive_items_v2/ex_16.png,.png,1454284
UI源文件,panorama/images/custom_game/archive_items_v2/ex_17.png,.png,1339159
UI源文件,panorama/images/custom_game/archive_items_v2/ex_18.png,.png,1310523
UI源文件,panorama/images/custom_game/archive_items_v2/ex_19.png,.png,1631102
UI源文件,panorama/images/custom_game/archive_items_v2/ex_20.png,.png,1271197
UI源文件,panorama/images/custom_game/archive_items_v2/ex_21.png,.png,1354812
UI源文件,panorama/images/custom_game/archive_items_v2/ex_22.png,.png,696182
UI源文件,panorama/images/custom_game/archive_items_v2/ex_23.png,.png,1334612
UI源文件,panorama/images/custom_game/archive_items_v2/ex_24.png,.png,1228191
UI源文件,panorama/images/custom_game/archive_items_v2/ex_25.png,.png,952632
UI源文件,panorama/images/custom_game/archive_items_v2/ex_26.png,.png,1227807
UI源文件,panorama/images/custom_game/archive_items_v2/ex_27.png,.png,1375953
UI源文件,panorama/images/custom_game/archive_items_v2/ex_28.png,.png,1457918
UI源文件,panorama/images/custom_game/archive_items_v2/ex_29.png,.png,1539654
UI源文件,panorama/images/custom_game/archive_items_v2/ex_30.png,.png,1526962
UI源文件,panorama/images/custom_game/archive_items_v2/ex_31.png,.png,1634846
UI源文件,panorama/images/custom_game/archive_items_v2/ex_32.png,.png,1600285
UI源文件,panorama/images/custom_game/archive_items_v2/ex_33.png,.png,1463476
UI源文件,panorama/images/custom_game/archive_items_v2/ex_34.png,.png,1287719
UI源文件,panorama/images/custom_game/archive_items_v2/ex_35.png,.png,1315056
UI源文件,panorama/images/custom_game/archive_items_v2/ex_36.png,.png,1278297
UI源文件,panorama/images/custom_game/archive_items_v2/ex_37.png,.png,1148503
UI源文件,panorama/images/custom_game/archive_items_v2/ex_38.png,.png,1652136
UI源文件,panorama/images/custom_game/archive_items_v2/ex_39.png,.png,1235216
UI源文件,panorama/images/custom_game/archive_items_v2/ex_40.png,.png,796707
UI源文件,panorama/images/custom_game/archive_items_v2/fragment_01.png,.png,956671
UI源文件,panorama/images/custom_game/archive_items_v2/fragment_02.png,.png,1129673
UI源文件,panorama/images/custom_game/archive_items_v2/fragment_03.png,.png,950755
UI源文件,panorama/images/custom_game/archive_items_v2/fragment_04.png,.png,1221984
UI源文件,panorama/images/custom_game/archive_items_v2/fragment_05.png,.png,1679951
UI源文件,panorama/images/custom_game/archive_items_v2/fragment_06.png,.png,1518906
UI源文件,panorama/images/custom_game/archive_items_v2/fragment_07.png,.png,893346
UI源文件,panorama/images/custom_game/archive_items_v2/fragment_08.png,.png,1137515
UI源文件,panorama/images/custom_game/archive_items_v2/fragment_09.png,.png,1091138
UI源文件,panorama/images/custom_game/archive_items_v2/fragment_10.png,.png,1484828
UI源文件,panorama/images/custom_game/archive_items_v2/fragment_11.png,.png,1091590
UI源文件,panorama/images/custom_game/archive_items_v2/fragment_12.png,.png,1107506
UI源文件,panorama/images/custom_game/archive_items_v2/friend_01.png,.png,853868
UI源文件,panorama/images/custom_game/archive_items_v2/friend_02.png,.png,1174831
UI源文件,panorama/images/custom_game/archive_items_v2/friend_03.png,.png,1155434
UI源文件,panorama/images/custom_game/archive_items_v2/friend_04.png,.png,1031059
UI源文件,panorama/images/custom_game/archive_items_v2/friend_05.png,.png,872510
UI源文件,panorama/images/custom_game/archive_items_v2/friend_06.png,.png,987726
UI源文件,panorama/images/custom_game/archive_items_v2/friend_07.png,.png,942097
UI源文件,panorama/images/custom_game/archive_items_v2/friend_08.png,.png,945261
UI源文件,panorama/images/custom_game/archive_items_v2/friend_09.png,.png,905250
UI源文件,panorama/images/custom_game/archive_items_v2/friend_10.png,.png,978282
UI源文件,panorama/images/custom_game/archive_items_v2/friend_11.png,.png,1153227
UI源文件,panorama/images/custom_game/archive_items_v2/friend_12.png,.png,1288244
UI源文件,panorama/images/custom_game/archive_items_v2/friend_13.png,.png,1193247
UI源文件,panorama/images/custom_game/archive_items_v2/friend_14.png,.png,1123854
UI源文件,panorama/images/custom_game/archive_items_v2/friend_15.png,.png,929253
UI源文件,panorama/images/custom_game/archive_items_v2/friend_16.png,.png,1042265
UI源文件,panorama/images/custom_game/archive_items_v2/friend_17.png,.png,1274514
UI源文件,panorama/images/custom_game/archive_items_v2/friend_18.png,.png,1122678
UI源文件,panorama/images/custom_game/archive_items_v2/friend_19.png,.png,949225
UI源文件,panorama/images/custom_game/archive_items_v2/friend_20.png,.png,1315571
UI源文件,panorama/images/custom_game/archive_items_v2/friend_21.png,.png,877970
UI源文件,panorama/images/custom_game/archive_items_v2/friend_22.png,.png,1132259
UI源文件,panorama/images/custom_game/archive_items_v2/friend_23.png,.png,1181599
UI源文件,panorama/images/custom_game/archive_items_v2/friend_24.png,.png,1111149
UI源文件,panorama/images/custom_game/archive_items_v2/friend_25.png,.png,1405555
UI源文件,panorama/images/custom_game/archive_items_v2/friend_26.png,.png,1552970
UI源文件,panorama/images/custom_game/archive_items_v2/friend_27.png,.png,1355070
UI源文件,panorama/images/custom_game/archive_items_v2/friend_28.png,.png,1718574
UI源文件,panorama/images/custom_game/archive_items_v2/friend_29.png,.png,1268696
UI源文件,panorama/images/custom_game/archive_items_v2/friend_30.png,.png,1362878
UI源文件,panorama/images/custom_game/archive_items_v2/friend_31.png,.png,1428254
UI源文件,panorama/images/custom_game/archive_items_v2/friend_32.png,.png,1294582
UI源文件,panorama/images/custom_game/archive_items_v2/friend_33.png,.png,1352902
UI源文件,panorama/images/custom_game/archive_items_v2/friend_34.png,.png,1409219
UI源文件,panorama/images/custom_game/archive_items_v2/friend_35.png,.png,1451671
UI源文件,panorama/images/custom_game/archive_items_v2/friend_36.png,.png,1443300
UI源文件,panorama/images/custom_game/archive_items_v2/friend_37.png,.png,1482728
UI源文件,panorama/images/custom_game/archive_items_v2/friend_38.png,.png,1189092
UI源文件,panorama/images/custom_game/archive_items_v2/friend_39.png,.png,1956836
UI源文件,panorama/images/custom_game/archive_items_v2/friend_40.png,.png,1400013
UI源文件,panorama/images/custom_game/archive_items_v2/lottery_aaron_cannon.png,.png,1803868
UI源文件,panorama/images/custom_game/archive_items_v2/lottery_abundance_blessing.png,.png,1846208
UI源文件,panorama/images/custom_game/archive_items_v2/lottery_ancient_pine_fortification.png,.png,2093457
UI源文件,panorama/images/custom_game/archive_items_v2/lottery_attribute_crystal.png,.png,1154986
UI源文件,panorama/images/custom_game/archive_items_v2/lottery_bombardment_crystal.png,.png,1523295
UI源文件,panorama/images/custom_game/archive_items_v2/lottery_candle_dragon_wing.png,.png,1746924
UI源文件,panorama/images/custom_game/archive_items_v2/lottery_chief_god_blessing.png,.png,1702684
UI源文件,panorama/images/custom_game/archive_items_v2/lottery_chosen_hero.png,.png,1537789
UI源文件,panorama/images/custom_game/archive_items_v2/lottery_crystalline_armor.png,.png,1711011
UI源文件,panorama/images/custom_game/archive_items_v2/lottery_cyber_overlord.png,.png,1670494
UI源文件,panorama/images/custom_game/archive_items_v2/lottery_cybernetic_implant.png,.png,1415986
UI源文件,panorama/images/custom_game/archive_items_v2/lottery_darksteel_wall.png,.png,1859134
UI源文件,panorama/images/custom_game/archive_items_v2/lottery_data_unit.png,.png,1425511
UI源文件,panorama/images/custom_game/archive_items_v2/lottery_dimensional_barrier.png,.png,1748482
UI源文件,panorama/images/custom_game/archive_items_v2/lottery_divine_spirit.png,.png,1533065
UI源文件,panorama/images/custom_game/archive_items_v2/lottery_divine_tower_blessing.png,.png,1424555
UI源文件,panorama/images/custom_game/archive_items_v2/lottery_ember_of_legacy.png,.png,1315411
UI源文件,panorama/images/custom_game/archive_items_v2/lottery_emerald_wood_origin.png,.png,1500183
UI源文件,panorama/images/custom_game/archive_items_v2/lottery_endless_growth_ring.png,.png,1843716
UI源文件,panorama/images/custom_game/archive_items_v2/lottery_expansion_crystal.png,.png,1379069
UI源文件,panorama/images/custom_game/archive_items_v2/lottery_fallen_sky_mine.png,.png,1934995
UI源文件,panorama/images/custom_game/archive_items_v2/lottery_flame_wall.png,.png,2085983
UI源文件,panorama/images/custom_game/archive_items_v2/lottery_forest_burning_edge.png,.png,1018347
UI源文件,panorama/images/custom_game/archive_items_v2/lottery_forestcast_thousand_bolts.png,.png,1395729
UI源文件,panorama/images/custom_game/archive_items_v2/lottery_gale_bow.png,.png,988108
UI源文件,panorama/images/custom_game/archive_items_v2/lottery_gathering_divine_codex.png,.png,2129747
UI源文件,panorama/images/custom_game/archive_items_v2/lottery_gathering_grimoire.png,.png,1885541
UI源文件,panorama/images/custom_game/archive_items_v2/lottery_greenwood_nirvana.png,.png,1749715
UI源文件,panorama/images/custom_game/archive_items_v2/lottery_greenwood_rampart.png,.png,1920352
UI源文件,panorama/images/custom_game/archive_items_v2/lottery_heaven_devouring_pill.png,.png,1725717
UI源文件,panorama/images/custom_game/archive_items_v2/lottery_heaven_reaching_tower_seal.png,.png,1272043
UI源文件,panorama/images/custom_game/archive_items_v2/lottery_heavenly_puppet.png,.png,1958653
UI源文件,panorama/images/custom_game/archive_items_v2/lottery_hero_medal.png,.png,1669464
UI源文件,panorama/images/custom_game/archive_items_v2/lottery_hippogryph_onslaught.png,.png,1751189
UI源文件,panorama/images/custom_game/archive_items_v2/lottery_immortal_nirvana.png,.png,1814462
UI源文件,panorama/images/custom_game/archive_items_v2/lottery_immortal_slaying_sword_array.png,.png,1676670
UI源文件,panorama/images/custom_game/archive_items_v2/lottery_investiture_of_gods.png,.png,1936516
UI源文件,panorama/images/custom_game/archive_items_v2/lottery_jade_purity_sword_immortal.png,.png,1323177
UI源文件,panorama/images/custom_game/archive_items_v2/lottery_life_spirit.png,.png,1461425
UI源文件,panorama/images/custom_game/archive_items_v2/lottery_lumber_crystal.png,.png,1488439
UI源文件,panorama/images/custom_game/archive_items_v2/lottery_lumber_expert.png,.png,2106885
UI源文件,panorama/images/custom_game/archive_items_v2/lottery_lumber_fury.png,.png,1934901
UI源文件,panorama/images/custom_game/archive_items_v2/lottery_lumber_immortal.png,.png,1451595
UI源文件,panorama/images/custom_game/archive_items_v2/lottery_lumber_legacy.png,.png,1791749
UI源文件,panorama/images/custom_game/archive_items_v2/lottery_magical_girl_juggernaut.png,.png,1398342
UI源文件,panorama/images/custom_game/archive_items_v2/lottery_magnetic_disruption_turret.png,.png,1668672
UI源文件,panorama/images/custom_game/archive_items_v2/lottery_monkey_king.png,.png,1652777
UI源文件,panorama/images/custom_game/archive_items_v2/lottery_mountain_sea_kunpeng.png,.png,2090308
UI源文件,panorama/images/custom_game/archive_items_v2/lottery_nano_cluster.png,.png,1518622
UI源文件,panorama/images/custom_game/archive_items_v2/lottery_nature_crystal.png,.png,1347419
UI源文件,panorama/images/custom_game/archive_items_v2/lottery_nature_spirit.png,.png,1533854
UI源文件,panorama/images/custom_game/archive_items_v2/lottery_neural_reconstruction_module.png,.png,1646069
UI源文件,panorama/images/custom_game/archive_items_v2/lottery_nitride_alloy_wall.png,.png,1624354
UI源文件,panorama/images/custom_game/archive_items_v2/lottery_oak_bulwark.png,.png,1947878
UI源文件,panorama/images/custom_game/archive_items_v2/lottery_omniscience_blessing.png,.png,1774202
UI源文件,panorama/images/custom_game/archive_items_v2/lottery_orbital_cannon_core.png,.png,1655787
UI源文件,panorama/images/custom_game/archive_items_v2/lottery_protection_crystal.png,.png,1320121
UI源文件,panorama/images/custom_game/archive_items_v2/lottery_pulse_conduction_turret.png,.png,1503288
UI源文件,panorama/images/custom_game/archive_items_v2/lottery_quick_dry_cement.png,.png,2104735
UI源文件,panorama/images/custom_game/archive_items_v2/lottery_recovery_crystal.png,.png,1393837
UI源文件,panorama/images/custom_game/archive_items_v2/lottery_recovery_spirit.png,.png,1335953
UI源文件,panorama/images/custom_game/archive_items_v2/lottery_reincarnation_immortal_stele.png,.png,1464304
UI源文件,panorama/images/custom_game/archive_items_v2/lottery_reincarnation_orb.png,.png,1535410
UI源文件,panorama/images/custom_game/archive_items_v2/lottery_resistance_crystal.png,.png,1326604
UI源文件,panorama/images/custom_game/archive_items_v2/lottery_rift_implant.png,.png,1206058
UI源文件,panorama/images/custom_game/archive_items_v2/lottery_seed_of_all_wood.png,.png,1472931
UI源文件,panorama/images/custom_game/archive_items_v2/lottery_sharp_spirit.png,.png,1232443
UI源文件,panorama/images/custom_game/archive_items_v2/lottery_sharpwood_tower_core.png,.png,1308998
UI源文件,panorama/images/custom_game/archive_items_v2/lottery_shooting_crystal.png,.png,1167548
UI源文件,panorama/images/custom_game/archive_items_v2/lottery_signal_hub.png,.png,1470894
UI源文件,panorama/images/custom_game/archive_items_v2/lottery_sky_turning_seal.png,.png,1833220
UI源文件,panorama/images/custom_game/archive_items_v2/lottery_soul_devouring_blade.png,.png,1164928
UI源文件,panorama/images/custom_game/archive_items_v2/lottery_soul_lock_box.png,.png,1875505
UI源文件,panorama/images/custom_game/archive_items_v2/lottery_sovereign_under_heaven.png,.png,1992356
UI源文件,panorama/images/custom_game/archive_items_v2/lottery_steel_wall.png,.png,1480539
UI源文件,panorama/images/custom_game/archive_items_v2/lottery_struggle_diary.png,.png,1804951
UI源文件,panorama/images/custom_game/archive_items_v2/lottery_supreme_fishing_rod.png,.png,942372
UI源文件,panorama/images/custom_game/archive_items_v2/lottery_swift_emblem.png,.png,1560986
UI源文件,panorama/images/custom_game/archive_items_v2/lottery_time_orb.png,.png,1663864
UI源文件,panorama/images/custom_game/archive_items_v2/lottery_titan_shield.png,.png,1925639
UI源文件,panorama/images/custom_game/archive_items_v2/lottery_tower_retrofit.png,.png,1432100
UI源文件,panorama/images/custom_game/archive_items_v2/lottery_unbreakable_fortress.png,.png,1966595
UI源文件,panorama/images/custom_game/archive_items_v2/lottery_universal_tool.png,.png,1658505
UI源文件,panorama/images/custom_game/archive_items_v2/lottery_void_signal_terminal.png,.png,1526183
UI源文件,panorama/images/custom_game/archive_items_v2/lottery_wealth_crystal.png,.png,1459216
UI源文件,panorama/images/custom_game/archive_items_v2/lottery_windspeed_bowstring.png,.png,1118353
UI源文件,panorama/images/custom_game/archive_items_v2/lottery_woodcraft_grandmaster.png,.png,1655198
UI源文件,panorama/images/custom_game/archive_items_v2/lottery_woodforged_thousand_arrows.png,.png,1532780
UI源文件,panorama/images/custom_game/archive_items_v2/README.md,.md,3217
UI源文件,panorama/images/custom_game/archive_items_v2/shop_equipment_attack_gloves_01.png,.png,1783337
UI源文件,panorama/images/custom_game/archive_items_v2/shop_equipment_burning_blade_01.png,.png,1099908
UI源文件,panorama/images/custom_game/archive_items_v2/shop_equipment_iron_armor_01.png,.png,1959724
UI源文件,panorama/images/custom_game/archive_items_v2/shop_item_death_mask.png,.png,1316132
UI源文件,panorama/images/custom_game/archive_items_v2/shop_item_forging_hammer.png,.png,1276304
UI源文件,panorama/images/custom_game/archive_items_v2/shop_item_knowledge_book.png,.png,1771954
UI源文件,panorama/images/custom_game/archive_items_v2/shop_item_small_polar_crystal.png,.png,968286
UI源文件,panorama/images/custom_game/archive_items_v2/shop_item_super_knowledge_book.png,.png,1710158
UI源文件,panorama/images/custom_game/archive_items_v2/shop_service_early_final_boss.png,.png,1586458
UI源文件,panorama/images/custom_game/archive_items_v2/shop_weapon_growth_sword_01.png,.png,836881
UI源文件,panorama/images/custom_game/archive_items_v2/star_blessing_001.png,.png,1516527
UI源文件,panorama/images/custom_game/archive_items_v2/star_blessing_002.png,.png,1504762
UI源文件,panorama/images/custom_game/archive_items_v2/star_blessing_003.png,.png,1686569
UI源文件,panorama/images/custom_game/archive_items_v2/star_blessing_004.png,.png,1600853
UI源文件,panorama/images/custom_game/archive_items_v2/star_blessing_005.png,.png,1497084
UI源文件,panorama/images/custom_game/archive_items_v2/star_blessing_006.png,.png,1645470
UI源文件,panorama/images/custom_game/archive_items_v2/star_blessing_007.png,.png,1564437
UI源文件,panorama/images/custom_game/archive_items_v2/star_blessing_008.png,.png,1564348
UI源文件,panorama/images/custom_game/archive_items_v2/star_blessing_009.png,.png,1509890
UI源文件,panorama/images/custom_game/archive_items_v2/star_blessing_010.png,.png,1495850
UI源文件,panorama/images/custom_game/archive_items_v2/star_blessing_011.png,.png,1552291
UI源文件,panorama/images/custom_game/archive_items_v2/star_blessing_012.png,.png,1494474
UI源文件,panorama/images/custom_game/archive_items_v2/star_blessing_013.png,.png,1516393
UI源文件,panorama/images/custom_game/archive_items_v2/star_blessing_014.png,.png,1458802
UI源文件,panorama/images/custom_game/archive_items_v2/star_blessing_015.png,.png,1467356
UI源文件,panorama/images/custom_game/archive_items_v2/star_blessing_016.png,.png,1605509
UI源文件,panorama/images/custom_game/archive_items_v2/star_blessing_017.png,.png,1670732
UI源文件,panorama/images/custom_game/archive_items_v2/star_blessing_018.png,.png,1615452
UI源文件,panorama/images/custom_game/archive_items_v2/star_blessing_019.png,.png,1525825
UI源文件,panorama/images/custom_game/archive_items_v2/star_blessing_020.png,.png,1703951
UI源文件,panorama/images/custom_game/archive_items_v2/star_blessing_021.png,.png,1566398
UI源文件,panorama/images/custom_game/archive_items_v2/star_blessing_022.png,.png,1452760
UI源文件,panorama/images/custom_game/archive_items_v2/star_blessing_023.png,.png,1826323
UI源文件,panorama/images/custom_game/archive_items_v2/star_blessing_024.png,.png,1718737
UI源文件,panorama/images/custom_game/archive_items_v2/star_blessing_025.png,.png,1693756
UI源文件,panorama/images/custom_game/archive_items_v2/star_blessing_026.png,.png,1943089
UI源文件,panorama/images/custom_game/archive_kit/art_tiles/art_01.png,.png,26192
UI源文件,panorama/images/custom_game/archive_kit/art_tiles/art_02.png,.png,24145
UI源文件,panorama/images/custom_game/archive_kit/art_tiles/art_03.png,.png,23638
UI源文件,panorama/images/custom_game/archive_kit/art_tiles/art_04.png,.png,22232
UI源文件,panorama/images/custom_game/archive_kit/art_tiles/art_05.png,.png,22949
UI源文件,panorama/images/custom_game/archive_kit/art_tiles/art_06.png,.png,22817
UI源文件,panorama/images/custom_game/archive_kit/art_tiles/art_07.png,.png,23069
UI源文件,panorama/images/custom_game/archive_kit/art_tiles/art_08.png,.png,24682
UI源文件,panorama/images/custom_game/archive_kit/art_tiles/art_09.png,.png,24034
UI源文件,panorama/images/custom_game/archive_kit/art_tiles/art_10.png,.png,21258
UI源文件,panorama/images/custom_game/archive_kit/art_tiles/art_11.png,.png,23345
UI源文件,panorama/images/custom_game/archive_kit/art_tiles/art_12.png,.png,24630
UI源文件,panorama/images/custom_game/archive_kit/background_tiles/card_slice_00.png,.png,421
UI源文件,panorama/images/custom_game/archive_kit/background_tiles/card_slice_01.png,.png,2184
UI源文件,panorama/images/custom_game/archive_kit/background_tiles/card_slice_02.png,.png,448
UI源文件,panorama/images/custom_game/archive_kit/background_tiles/card_slice_10.png,.png,1877
UI源文件,panorama/images/custom_game/archive_kit/background_tiles/card_slice_11.png,.png,35644
UI源文件,panorama/images/custom_game/archive_kit/background_tiles/card_slice_12.png,.png,1911
UI源文件,panorama/images/custom_game/archive_kit/background_tiles/card_slice_20.png,.png,439
UI源文件,panorama/images/custom_game/archive_kit/background_tiles/card_slice_21.png,.png,2986
UI源文件,panorama/images/custom_game/archive_kit/background_tiles/card_slice_22.png,.png,463
UI源文件,panorama/images/custom_game/archive_kit/background_tiles/ivory_texture.png,.png,7640
UI源文件,panorama/images/custom_game/archive_kit/background_tiles/shell_body.png,.png,775305
UI源文件,panorama/images/custom_game/archive_kit/background_tiles/teal_texture.png,.png,681
UI源文件,panorama/images/custom_game/archive_kit/clean_slices/card_00.png,.png,334
UI源文件,panorama/images/custom_game/archive_kit/clean_slices/card_01.png,.png,3069
UI源文件,panorama/images/custom_game/archive_kit/clean_slices/card_02.png,.png,338
UI源文件,panorama/images/custom_game/archive_kit/clean_slices/card_10.png,.png,2760
UI源文件,panorama/images/custom_game/archive_kit/clean_slices/card_11.png,.png,39084
UI源文件,panorama/images/custom_game/archive_kit/clean_slices/card_12.png,.png,2864
UI源文件,panorama/images/custom_game/archive_kit/clean_slices/card_20.png,.png,349
UI源文件,panorama/images/custom_game/archive_kit/clean_slices/card_21.png,.png,3024
UI源文件,panorama/images/custom_game/archive_kit/clean_slices/card_22.png,.png,360
UI源文件,panorama/images/custom_game/archive_kit/icons_rgba/blessing_disabled.png,.png,1356
UI源文件,panorama/images/custom_game/archive_kit/icons_rgba/blessing_hover.png,.png,1352
UI源文件,panorama/images/custom_game/archive_kit/icons_rgba/blessing_normal.png,.png,1370
UI源文件,panorama/images/custom_game/archive_kit/icons_rgba/blessing_selected.png,.png,1370
UI源文件,panorama/images/custom_game/archive_kit/icons_rgba/book_disabled.png,.png,1639
UI源文件,panorama/images/custom_game/archive_kit/icons_rgba/book_hover.png,.png,1626
UI源文件,panorama/images/custom_game/archive_kit/icons_rgba/book_normal.png,.png,1638
UI源文件,panorama/images/custom_game/archive_kit/icons_rgba/book_selected.png,.png,1640
UI源文件,panorama/images/custom_game/archive_kit/icons_rgba/clear_disabled.png,.png,903
UI源文件,panorama/images/custom_game/archive_kit/icons_rgba/clear_hover.png,.png,997
UI源文件,panorama/images/custom_game/archive_kit/icons_rgba/clear_normal.png,.png,1000
UI源文件,panorama/images/custom_game/archive_kit/icons_rgba/clear_selected.png,.png,998
UI源文件,panorama/images/custom_game/archive_kit/icons_rgba/close_disabled.png,.png,1055
UI源文件,panorama/images/custom_game/archive_kit/icons_rgba/close_hover.png,.png,1043
UI源文件,panorama/images/custom_game/archive_kit/icons_rgba/close_normal.png,.png,1055
UI源文件,panorama/images/custom_game/archive_kit/icons_rgba/close_selected.png,.png,1055
UI源文件,panorama/images/custom_game/archive_kit/icons_rgba/endless_disabled.png,.png,1138
UI源文件,panorama/images/custom_game/archive_kit/icons_rgba/endless_hover.png,.png,1141
UI源文件,panorama/images/custom_game/archive_kit/icons_rgba/endless_normal.png,.png,1174
UI源文件,panorama/images/custom_game/archive_kit/icons_rgba/endless_selected.png,.png,1173
UI源文件,panorama/images/custom_game/archive_kit/icons_rgba/ex_disabled.png,.png,1484
UI源文件,panorama/images/custom_game/archive_kit/icons_rgba/ex_hover.png,.png,1569
UI源文件,panorama/images/custom_game/archive_kit/icons_rgba/ex_normal.png,.png,1569
UI源文件,panorama/images/custom_game/archive_kit/icons_rgba/ex_selected.png,.png,1568
UI源文件,panorama/images/custom_game/archive_kit/icons_rgba/friends_disabled.png,.png,1259
UI源文件,panorama/images/custom_game/archive_kit/icons_rgba/friends_hover.png,.png,1403
UI源文件,panorama/images/custom_game/archive_kit/icons_rgba/friends_normal.png,.png,1398
UI源文件,panorama/images/custom_game/archive_kit/icons_rgba/friends_selected.png,.png,1397
UI源文件,panorama/images/custom_game/archive_kit/icons_rgba/hint_disabled.png,.png,498
UI源文件,panorama/images/custom_game/archive_kit/icons_rgba/hint_hover.png,.png,496
UI源文件,panorama/images/custom_game/archive_kit/icons_rgba/hint_normal.png,.png,498
UI源文件,panorama/images/custom_game/archive_kit/icons_rgba/hint_selected.png,.png,498
UI源文件,panorama/images/custom_game/archive_kit/icons_rgba/points_disabled.png,.png,1412
UI源文件,panorama/images/custom_game/archive_kit/icons_rgba/points_hover.png,.png,1417
UI源文件,panorama/images/custom_game/archive_kit/icons_rgba/points_normal.png,.png,1425
UI源文件,panorama/images/custom_game/archive_kit/icons_rgba/points_selected.png,.png,1425
UI源文件,panorama/images/custom_game/archive_kit/icons_rgba/spell_disabled.png,.png,1529
UI源文件,panorama/images/custom_game/archive_kit/icons_rgba/spell_hover.png,.png,1550
UI源文件,panorama/images/custom_game/archive_kit/icons_rgba/spell_normal.png,.png,1549
UI源文件,panorama/images/custom_game/archive_kit/icons_rgba/spell_selected.png,.png,1549
UI源文件,panorama/images/custom_game/archive_kit/icons_rgba/void_disabled.png,.png,1168
UI源文件,panorama/images/custom_game/archive_kit/icons_rgba/void_hover.png,.png,1160
UI源文件,panorama/images/custom_game/archive_kit/icons_rgba/void_normal.png,.png,1169
UI源文件,panorama/images/custom_game/archive_kit/icons_rgba/void_selected.png,.png,1166
UI源文件,panorama/images/custom_game/archive_kit/icons_rgba/weapon_disabled.png,.png,1072
UI源文件,panorama/images/custom_game/archive_kit/icons_rgba/weapon_hover.png,.png,1089
UI源文件,panorama/images/custom_game/archive_kit/icons_rgba/weapon_normal.png,.png,1093
UI源文件,panorama/images/custom_game/archive_kit/icons_rgba/weapon_selected.png,.png,1094
UI源文件,panorama/images/custom_game/archive_kit/reusable/badge_locked.png,.png,8832
UI源文件,panorama/images/custom_game/archive_kit/reusable/badge_progress.png,.png,8543
UI源文件,panorama/images/custom_game/archive_kit/reusable/badge_unlocked.png,.png,9032
UI源文件,panorama/images/custom_game/archive_kit/reusable/button_hover.png,.png,22690
UI源文件,panorama/images/custom_game/archive_kit/reusable/button_normal.png,.png,20006
UI源文件,panorama/images/custom_game/archive_kit/reusable/button_pressed.png,.png,20143
UI源文件,panorama/images/custom_game/archive_kit/reusable/card_hover.png,.png,37189
UI源文件,panorama/images/custom_game/archive_kit/reusable/card_normal.png,.png,36950
UI源文件,panorama/images/custom_game/archive_kit/reusable/card_selected.png,.png,37415
UI源文件,panorama/images/custom_game/archive_kit/reusable/toggle_hover.png,.png,24984
UI源文件,panorama/images/custom_game/archive_kit/reusable/toggle_normal.png,.png,22212
UI源文件,panorama/images/custom_game/archive_kit/reusable/toggle_selected.png,.png,21028
UI源文件,panorama/images/custom_game/archive_moon/tab.png,.png,1701178
UI源文件,panorama/images/custom_game/archive_moon/tab_selected.png,.png,1784248
UI源文件,panorama/images/custom_game/archive_moon/window.png,.png,2104899
UI源文件,panorama/images/custom_game/archive_polish_v1/achievement_shared.png,.png,2117094
UI源文件,panorama/images/custom_game/archive_polish_v1/nav/boss.svg,.svg,311
UI源文件,panorama/images/custom_game/archive_polish_v1/nav/building.svg,.svg,273
UI源文件,panorama/images/custom_game/archive_polish_v1/nav/clear.svg,.svg,467
UI源文件,panorama/images/custom_game/archive_polish_v1/nav/endless.svg,.svg,381
UI源文件,panorama/images/custom_game/archive_polish_v1/nav/fishing.svg,.svg,513
UI源文件,panorama/images/custom_game/archive_polish_v1/nav/map_level.svg,.svg,278
UI源文件,panorama/images/custom_game/archive_polish_v1/nav/work.svg,.svg,384
UI源文件,panorama/images/custom_game/archive_polish_v1/work_theme_01.png,.png,1841676
UI源文件,panorama/images/custom_game/archive_polish_v1/work_theme_02.png,.png,2101668
UI源文件,panorama/images/custom_game/archive_polish_v1/work_theme_03.png,.png,1901849
UI源文件,panorama/images/custom_game/archive_polish_v1/work_theme_04.png,.png,1750983
UI源文件,panorama/images/custom_game/archive_polish_v1/work_theme_05.png,.png,1640259
UI源文件,panorama/images/custom_game/archive_polish_v1/work_theme_06.png,.png,1261264
UI源文件,panorama/images/custom_game/archive_polish_v1/work_theme_07.png,.png,1816258
UI源文件,panorama/images/custom_game/archive_polish_v1/work_theme_08.png,.png,2359263
UI源文件,panorama/images/custom_game/archive_polish_v1/work_theme_09.png,.png,1617371
UI源文件,panorama/images/custom_game/archive_polish_v1/work_theme_10.png,.png,1493191
UI源文件,panorama/images/custom_game/archive_polish_v1/work_theme_11.png,.png,1944164
UI源文件,panorama/images/custom_game/archive_polish_v1/work_theme_12.png,.png,1623943
UI源文件,panorama/images/custom_game/archive_polish_v1/work_theme_13.png,.png,2283879
UI源文件,panorama/images/custom_game/archive_polish_v1/work_theme_14.png,.png,2106421
UI源文件,panorama/images/custom_game/archive_polish_v1/work_theme_15.png,.png,1878513
UI源文件,panorama/images/custom_game/archive_polish_v1/work_theme_16.png,.png,2188084
UI源文件,panorama/images/custom_game/archive_polish_v1/work_theme_17.png,.png,1825720
UI源文件,panorama/images/custom_game/archive_portraits_v1/achievement_closeup.png,.png,1636557
UI源文件,panorama/images/custom_game/archive_portraits_v1/boss_map_head.png,.png,1556515
UI源文件,panorama/images/custom_game/archive_portraits_v1/work_head_boss.png,.png,1513305
UI源文件,panorama/images/custom_game/archive_portraits_v1/work_head_happy.png,.png,1238224
UI源文件,panorama/images/custom_game/archive_portraits_v1/work_head_tired.png,.png,1297965
UI源文件,panorama/images/custom_game/handoff_v1/bottom/center_base.png,.png,1496558
UI源文件,panorama/images/custom_game/handoff_v1/bottom/center_base_slice_0_0.png,.png,1528
UI源文件,panorama/images/custom_game/handoff_v1/bottom/center_base_slice_0_1.png,.png,94670
UI源文件,panorama/images/custom_game/handoff_v1/bottom/center_base_slice_0_2.png,.png,1528
UI源文件,panorama/images/custom_game/handoff_v1/bottom/center_base_slice_1_0.png,.png,19559
UI源文件,panorama/images/custom_game/handoff_v1/bottom/center_base_slice_1_1.png,.png,1263129
UI源文件,panorama/images/custom_game/handoff_v1/bottom/center_base_slice_1_2.png,.png,19559
UI源文件,panorama/images/custom_game/handoff_v1/bottom/center_base_slice_2_0.png,.png,1528
UI源文件,panorama/images/custom_game/handoff_v1/bottom/center_base_slice_2_1.png,.png,94670
UI源文件,panorama/images/custom_game/handoff_v1/bottom/center_base_slice_2_2.png,.png,1528
UI源文件,panorama/images/custom_game/handoff_v1/bottom/hero_base.png,.png,543094
UI源文件,panorama/images/custom_game/handoff_v1/bottom/hp_fill.png,.png,207858
UI源文件,panorama/images/custom_game/handoff_v1/bottom/hp_frame.png,.png,247295
UI源文件,panorama/images/custom_game/handoff_v1/bottom/hp_frame_slice_0_0.png,.png,478
UI源文件,panorama/images/custom_game/handoff_v1/bottom/hp_frame_slice_0_1.png,.png,46803
UI源文件,panorama/images/custom_game/handoff_v1/bottom/hp_frame_slice_0_2.png,.png,478
UI源文件,panorama/images/custom_game/handoff_v1/bottom/hp_frame_slice_1_0.png,.png,1380
UI源文件,panorama/images/custom_game/handoff_v1/bottom/hp_frame_slice_1_1.png,.png,149648
UI源文件,panorama/images/custom_game/handoff_v1/bottom/hp_frame_slice_1_2.png,.png,1380
UI源文件,panorama/images/custom_game/handoff_v1/bottom/hp_frame_slice_2_0.png,.png,478
UI源文件,panorama/images/custom_game/handoff_v1/bottom/hp_frame_slice_2_1.png,.png,46803
UI源文件,panorama/images/custom_game/handoff_v1/bottom/hp_frame_slice_2_2.png,.png,478
UI源文件,panorama/images/custom_game/handoff_v1/bottom/hp_track.png,.png,207858
UI源文件,panorama/images/custom_game/handoff_v1/bottom/inventory_base.png,.png,492957
UI源文件,panorama/images/custom_game/handoff_v1/bottom/key_plate.png,.png,5431
UI源文件,panorama/images/custom_game/handoff_v1/bottom/level_plate.png,.png,26393
UI源文件,panorama/images/custom_game/handoff_v1/bottom/mp_fill.png,.png,207858
UI源文件,panorama/images/custom_game/handoff_v1/bottom/mp_frame.png,.png,247295
UI源文件,panorama/images/custom_game/handoff_v1/bottom/mp_frame_slice_0_0.png,.png,478
UI源文件,panorama/images/custom_game/handoff_v1/bottom/mp_frame_slice_0_1.png,.png,46803
UI源文件,panorama/images/custom_game/handoff_v1/bottom/mp_frame_slice_0_2.png,.png,478
UI源文件,panorama/images/custom_game/handoff_v1/bottom/mp_frame_slice_1_0.png,.png,1380
UI源文件,panorama/images/custom_game/handoff_v1/bottom/mp_frame_slice_1_1.png,.png,149648
UI源文件,panorama/images/custom_game/handoff_v1/bottom/mp_frame_slice_1_2.png,.png,1380
UI源文件,panorama/images/custom_game/handoff_v1/bottom/mp_frame_slice_2_0.png,.png,478
UI源文件,panorama/images/custom_game/handoff_v1/bottom/mp_frame_slice_2_1.png,.png,46803
UI源文件,panorama/images/custom_game/handoff_v1/bottom/mp_frame_slice_2_2.png,.png,478
UI源文件,panorama/images/custom_game/handoff_v1/bottom/mp_track.png,.png,207858
UI源文件,panorama/images/custom_game/handoff_v1/bottom/name_plate.png,.png,45412
UI源文件,panorama/images/custom_game/handoff_v1/bottom/portrait_frame.png,.png,234835
UI源文件,panorama/images/custom_game/handoff_v1/bottom/slot_cooldown.png,.png,54013
UI源文件,panorama/images/custom_game/handoff_v1/bottom/slot_frame.png,.png,54013
UI源文件,panorama/images/custom_game/handoff_v1/bottom/slot_frame_slice_0_0.png,.png,218
UI源文件,panorama/images/custom_game/handoff_v1/bottom/slot_frame_slice_0_1.png,.png,2570
UI源文件,panorama/images/custom_game/handoff_v1/bottom/slot_frame_slice_0_2.png,.png,218
UI源文件,panorama/images/custom_game/handoff_v1/bottom/slot_frame_slice_1_0.png,.png,2668
UI源文件,panorama/images/custom_game/handoff_v1/bottom/slot_frame_slice_1_1.png,.png,43441
UI源文件,panorama/images/custom_game/handoff_v1/bottom/slot_frame_slice_1_2.png,.png,2668
UI源文件,panorama/images/custom_game/handoff_v1/bottom/slot_frame_slice_2_0.png,.png,218
UI源文件,panorama/images/custom_game/handoff_v1/bottom/slot_frame_slice_2_1.png,.png,2570
UI源文件,panorama/images/custom_game/handoff_v1/bottom/slot_frame_slice_2_2.png,.png,218
UI源文件,panorama/images/custom_game/handoff_v1/bottom/slot_hover.png,.png,54013
UI源文件,panorama/images/custom_game/handoff_v1/bottom/slot_pressed.png,.png,54013
UI源文件,panorama/images/custom_game/handoff_v1/bottom/stat_agility.png,.png,6815
UI源文件,panorama/images/custom_game/handoff_v1/bottom/stat_armor.png,.png,6815
UI源文件,panorama/images/custom_game/handoff_v1/bottom/stat_attack.png,.png,6815
UI源文件,panorama/images/custom_game/handoff_v1/bottom/stat_attack_speed.png,.png,6815
UI源文件,panorama/images/custom_game/handoff_v1/bottom/stat_intelligence.png,.png,6815
UI源文件,panorama/images/custom_game/handoff_v1/bottom/stat_strength.png,.png,6815
UI源文件,panorama/images/custom_game/handoff_v1/top/appearance_64.png,.png,2859
UI源文件,panorama/images/custom_game/handoff_v1/top/archive_64.png,.png,2490
UI源文件,panorama/images/custom_game/handoff_v1/top/benefit_64.png,.png,2373
UI源文件,panorama/images/custom_game/handoff_v1/top/equipment_64.png,.png,2869
UI源文件,panorama/images/custom_game/handoff_v1/top/gold.png,.png,1360
UI源文件,panorama/images/custom_game/handoff_v1/top/lottery_64.png,.png,2616
UI源文件,panorama/images/custom_game/handoff_v1/top/population.png,.png,975
UI源文件,panorama/images/custom_game/handoff_v1/top/return_64.png,.png,2247
UI源文件,panorama/images/custom_game/handoff_v1/top/settings_64.png,.png,3118
UI源文件,panorama/images/custom_game/handoff_v1/top/social_64.png,.png,2435
UI源文件,panorama/images/custom_game/handoff_v1/top/top_soft_black_backdrop.png,.png,6296509
UI源文件,panorama/images/custom_game/handoff_v1/top/treasure_64.png,.png,3106
UI源文件,panorama/images/custom_game/handoff_v1/top/warning.png,.png,939
UI源文件,panorama/images/custom_game/handoff_v1/top/wave.png,.png,406
UI源文件,panorama/images/custom_game/handoff_v1/top/wood.png,.png,787
UI源文件,panorama/images/custom_game/hud_resources_v1/gold.svg,.svg,390
UI源文件,panorama/images/custom_game/hud_resources_v1/wood.svg,.svg,670
UI源文件,panorama/images/custom_game/lottery_celestial/home.png,.png,2787334
UI源文件,panorama/images/custom_game/lottery_celestial/results.png,.png,2340988
UI源文件,panorama/images/custom_game/lottery_handoff/button_gold.svg,.svg,454
UI源文件,panorama/images/custom_game/lottery_handoff/button_ivory.svg,.svg,454
UI源文件,panorama/images/custom_game/lottery_handoff/button_reference_skin.png,.png,21851
UI源文件,panorama/images/custom_game/lottery_handoff/card_back.png,.png,3098780
UI源文件,panorama/images/custom_game/lottery_handoff/card_front.png,.png,1912875
UI源文件,panorama/images/custom_game/lottery_handoff/card_reference_skin.png,.png,10828
UI源文件,panorama/images/custom_game/lottery_handoff/checkbox_off.svg,.svg,242
UI源文件,panorama/images/custom_game/lottery_handoff/checkbox_on.svg,.svg,272
UI源文件,panorama/images/custom_game/lottery_handoff/chevron.svg,.svg,221
UI源文件,panorama/images/custom_game/lottery_handoff/close.svg,.svg,227
UI源文件,panorama/images/custom_game/lottery_handoff/close_reference_skin.png,.png,1604
UI源文件,panorama/images/custom_game/lottery_handoff/history.svg,.svg,298
UI源文件,panorama/images/custom_game/lottery_handoff/icons/announcement.svg,.svg,268
UI源文件,panorama/images/custom_game/lottery_handoff/icons/check.svg,.svg,221
UI源文件,panorama/images/custom_game/lottery_handoff/icons/checkbox_off.svg,.svg,242
UI源文件,panorama/images/custom_game/lottery_handoff/icons/checkbox_on.svg,.svg,272
UI源文件,panorama/images/custom_game/lottery_handoff/icons/chevron.svg,.svg,221
UI源文件,panorama/images/custom_game/lottery_handoff/icons/close.svg,.svg,227
UI源文件,panorama/images/custom_game/lottery_handoff/icons/gift.svg,.svg,339
UI源文件,panorama/images/custom_game/lottery_handoff/icons/history.svg,.svg,298
UI源文件,panorama/images/custom_game/lottery_handoff/icons/info.svg,.svg,253
UI源文件,panorama/images/custom_game/lottery_handoff/icons/plus.svg,.svg,221
UI源文件,panorama/images/custom_game/lottery_handoff/icons/pool.svg,.svg,280
UI源文件,panorama/images/custom_game/lottery_handoff/icons/refresh.svg,.svg,239
UI源文件,panorama/images/custom_game/lottery_handoff/icons/sound.svg,.svg,268
UI源文件,panorama/images/custom_game/lottery_handoff/icons/star.svg,.svg,250
UI源文件,panorama/images/custom_game/lottery_handoff/icons/ticket.svg,.svg,285
UI源文件,panorama/images/custom_game/lottery_handoff/plus.svg,.svg,221
UI源文件,panorama/images/custom_game/lottery_handoff/pool.svg,.svg,280
UI源文件,panorama/images/custom_game/lottery_handoff/pool_compact.svg,.svg,1016
UI源文件,panorama/images/custom_game/lottery_handoff/pool_compact_rgba.png,.png,301720
UI源文件,panorama/images/custom_game/lottery_handoff/pool_fixed.svg,.svg,1200
UI源文件,panorama/images/custom_game/lottery_handoff/pool_panel.png,.png,1808147
UI源文件,panorama/images/custom_game/lottery_handoff/pool_reference_skin.png,.png,261599
UI源文件,panorama/images/custom_game/lottery_handoff/scene_clean.png,.png,2702458
UI源文件,panorama/images/custom_game/lottery_handoff/slices/panel_b.png,.png,39348
UI源文件,panorama/images/custom_game/lottery_handoff/slices/panel_bl.png,.png,2578
UI源文件,panorama/images/custom_game/lottery_handoff/slices/panel_br.png,.png,2594
UI源文件,panorama/images/custom_game/lottery_handoff/slices/panel_c.png,.png,121594
UI源文件,panorama/images/custom_game/lottery_handoff/slices/panel_l.png,.png,22215
UI源文件,panorama/images/custom_game/lottery_handoff/slices/panel_r.png,.png,22100
UI源文件,panorama/images/custom_game/lottery_handoff/slices/panel_t.png,.png,44981
UI源文件,panorama/images/custom_game/lottery_handoff/slices/panel_tl.png,.png,2580
UI源文件,panorama/images/custom_game/lottery_handoff/slices/panel_tr.png,.png,2623
UI源文件,panorama/images/custom_game/lottery_handoff/sound.svg,.svg,268
UI源文件,panorama/images/custom_game/lottery_handoff/star.svg,.svg,250
UI源文件,panorama/images/custom_game/lottery_handoff/tab_reference_skin.png,.png,19856
UI源文件,panorama/images/custom_game/lottery_handoff/tab_selected.svg,.svg,721
UI源文件,panorama/images/custom_game/lottery_handoff/tab_selected_rgba.png,.png,80924
UI源文件,panorama/images/custom_game/lottery_handoff/test_art/astrolabe-186x142.png,.png,47000
UI源文件,panorama/images/custom_game/lottery_handoff/test_art/astrolabe-372x284.png,.png,176436
UI源文件,panorama/images/custom_game/lottery_handoff/test_art/fan-186x142.png,.png,51297
UI源文件,panorama/images/custom_game/lottery_handoff/test_art/fan-372x284.png,.png,195053
UI源文件,panorama/images/custom_game/lottery_handoff/test_art/potion-186x142.png,.png,48379
UI源文件,panorama/images/custom_game/lottery_handoff/test_art/potion-372x284.png,.png,181858
UI源文件,panorama/images/custom_game/lottery_handoff/ticket.svg,.svg,285
UI源文件,panorama/images/custom_game/lottery_handoff/v3/02_rgba_icons/currency_plus_disabled.png,.png,727
UI源文件,panorama/images/custom_game/lottery_handoff/v3/02_rgba_icons/currency_plus_hover.png,.png,728
UI源文件,panorama/images/custom_game/lottery_handoff/v3/02_rgba_icons/currency_plus_normal.png,.png,728
UI源文件,panorama/images/custom_game/lottery_handoff/v3/02_rgba_icons/currency_plus_pressed.png,.png,736
UI源文件,panorama/images/custom_game/lottery_handoff/v3/02_rgba_icons/history_icon_disabled.png,.png,916
UI源文件,panorama/images/custom_game/lottery_handoff/v3/02_rgba_icons/history_icon_hover.png,.png,912
UI源文件,panorama/images/custom_game/lottery_handoff/v3/02_rgba_icons/history_icon_normal.png,.png,913
UI源文件,panorama/images/custom_game/lottery_handoff/v3/02_rgba_icons/history_icon_pressed.png,.png,916
UI源文件,panorama/images/custom_game/lottery_handoff/v3/02_rgba_icons/modal_close_disabled.png,.png,810
UI源文件,panorama/images/custom_game/lottery_handoff/v3/02_rgba_icons/modal_close_hover.png,.png,811
UI源文件,panorama/images/custom_game/lottery_handoff/v3/02_rgba_icons/modal_close_normal.png,.png,815
UI源文件,panorama/images/custom_game/lottery_handoff/v3/02_rgba_icons/modal_close_pressed.png,.png,811
UI源文件,panorama/images/custom_game/lottery_handoff/v3/02_rgba_icons/pool_details_icon_disabled.png,.png,769
UI源文件,panorama/images/custom_game/lottery_handoff/v3/02_rgba_icons/pool_details_icon_hover.png,.png,776
UI源文件,panorama/images/custom_game/lottery_handoff/v3/02_rgba_icons/pool_details_icon_normal.png,.png,769
UI源文件,panorama/images/custom_game/lottery_handoff/v3/02_rgba_icons/pool_details_icon_pressed.png,.png,770
UI源文件,panorama/images/custom_game/lottery_handoff/v3/02_rgba_icons/screen_close_disabled.png,.png,893
UI源文件,panorama/images/custom_game/lottery_handoff/v3/02_rgba_icons/screen_close_hover.png,.png,893
UI源文件,panorama/images/custom_game/lottery_handoff/v3/02_rgba_icons/screen_close_normal.png,.png,890
UI源文件,panorama/images/custom_game/lottery_handoff/v3/02_rgba_icons/screen_close_pressed.png,.png,891
UI源文件,panorama/images/custom_game/lottery_handoff/v3/02_rgba_icons/skip_checkbox_disabled.png,.png,569
UI源文件,panorama/images/custom_game/lottery_handoff/v3/02_rgba_icons/skip_checkbox_hover.png,.png,560
UI源文件,panorama/images/custom_game/lottery_handoff/v3/02_rgba_icons/skip_checkbox_normal.png,.png,560
UI源文件,panorama/images/custom_game/lottery_handoff/v3/02_rgba_icons/skip_checkbox_pressed.png,.png,568
UI源文件,panorama/images/custom_game/lottery_handoff/v3/02_rgba_icons/title_ornament_left_disabled.png,.png,1051
UI源文件,panorama/images/custom_game/lottery_handoff/v3/02_rgba_icons/title_ornament_left_hover.png,.png,1017
UI源文件,panorama/images/custom_game/lottery_handoff/v3/02_rgba_icons/title_ornament_left_normal.png,.png,1017
UI源文件,panorama/images/custom_game/lottery_handoff/v3/02_rgba_icons/title_ornament_left_pressed.png,.png,1035
UI源文件,panorama/images/custom_game/lottery_handoff/v3/02_rgba_icons/title_ornament_right_disabled.png,.png,1051
UI源文件,panorama/images/custom_game/lottery_handoff/v3/02_rgba_icons/title_ornament_right_hover.png,.png,1016
UI源文件,panorama/images/custom_game/lottery_handoff/v3/02_rgba_icons/title_ornament_right_normal.png,.png,1015
UI源文件,panorama/images/custom_game/lottery_handoff/v3/02_rgba_icons/title_ornament_right_pressed.png,.png,1032
UI源文件,panorama/images/custom_game/lottery_handoff/v3/03_states/button_gold_disabled.png,.png,2676
UI源文件,panorama/images/custom_game/lottery_handoff/v3/03_states/button_gold_disabled.svg,.svg,535
UI源文件,panorama/images/custom_game/lottery_handoff/v3/03_states/button_gold_hover.png,.png,2587
UI源文件,panorama/images/custom_game/lottery_handoff/v3/03_states/button_gold_hover.svg,.svg,532
UI源文件,panorama/images/custom_game/lottery_handoff/v3/03_states/button_gold_normal.png,.png,2688
UI源文件,panorama/images/custom_game/lottery_handoff/v3/03_states/button_gold_normal.svg,.svg,532
UI源文件,panorama/images/custom_game/lottery_handoff/v3/03_states/button_gold_pressed.png,.png,2905
UI源文件,panorama/images/custom_game/lottery_handoff/v3/03_states/button_gold_pressed.svg,.svg,532
UI源文件,panorama/images/custom_game/lottery_handoff/v3/03_states/button_ivory_disabled.png,.png,2777
UI源文件,panorama/images/custom_game/lottery_handoff/v3/03_states/button_ivory_disabled.svg,.svg,535
UI源文件,panorama/images/custom_game/lottery_handoff/v3/03_states/button_ivory_hover.png,.png,2607
UI源文件,panorama/images/custom_game/lottery_handoff/v3/03_states/button_ivory_hover.svg,.svg,532
UI源文件,panorama/images/custom_game/lottery_handoff/v3/03_states/button_ivory_normal.png,.png,2816
UI源文件,panorama/images/custom_game/lottery_handoff/v3/03_states/button_ivory_normal.svg,.svg,532
UI源文件,panorama/images/custom_game/lottery_handoff/v3/03_states/button_ivory_pressed.png,.png,2972
UI源文件,panorama/images/custom_game/lottery_handoff/v3/03_states/button_ivory_pressed.svg,.svg,532
UI源文件,panorama/images/custom_game/lottery_handoff/v3/03_states/card_outline_disabled.png,.png,717
UI源文件,panorama/images/custom_game/lottery_handoff/v3/03_states/card_outline_disabled.svg,.svg,205
UI源文件,panorama/images/custom_game/lottery_handoff/v3/03_states/card_outline_hover.png,.png,687
UI源文件,panorama/images/custom_game/lottery_handoff/v3/03_states/card_outline_hover.svg,.svg,202
UI源文件,panorama/images/custom_game/lottery_handoff/v3/03_states/card_outline_normal.png,.png,721
UI源文件,panorama/images/custom_game/lottery_handoff/v3/03_states/card_outline_normal.svg,.svg,202
UI源文件,panorama/images/custom_game/lottery_handoff/v3/03_states/card_outline_pressed.png,.png,718
UI源文件,panorama/images/custom_game/lottery_handoff/v3/03_states/card_outline_pressed.svg,.svg,202
UI源文件,panorama/images/custom_game/lottery_handoff/v3/03_states/card_outline_selected.png,.png,703
UI源文件,panorama/images/custom_game/lottery_handoff/v3/03_states/card_outline_selected.svg,.svg,300
UI源文件,panorama/images/custom_game/lottery_handoff/v3/03_states/checkbox_checked_disabled.png,.png,408
UI源文件,panorama/images/custom_game/lottery_handoff/v3/03_states/checkbox_checked_disabled.svg,.svg,237
UI源文件,panorama/images/custom_game/lottery_handoff/v3/03_states/checkbox_checked_hover.png,.png,396
UI源文件,panorama/images/custom_game/lottery_handoff/v3/03_states/checkbox_checked_hover.svg,.svg,234
UI源文件,panorama/images/custom_game/lottery_handoff/v3/03_states/checkbox_checked_normal.png,.png,415
UI源文件,panorama/images/custom_game/lottery_handoff/v3/03_states/checkbox_checked_normal.svg,.svg,234
UI源文件,panorama/images/custom_game/lottery_handoff/v3/03_states/checkbox_checked_pressed.png,.png,421
UI源文件,panorama/images/custom_game/lottery_handoff/v3/03_states/checkbox_checked_pressed.svg,.svg,234
UI源文件,panorama/images/custom_game/lottery_handoff/v3/03_states/entry_hover_underline.png,.png,131
UI源文件,panorama/images/custom_game/lottery_handoff/v3/03_states/entry_hover_underline.svg,.svg,143
UI源文件,panorama/images/custom_game/lottery_handoff/v3/03_states/tab_hover_overlay.png,.png,149
UI源文件,panorama/images/custom_game/lottery_handoff/v3/03_states/tab_hover_overlay.svg,.svg,164
UI源文件,panorama/images/custom_game/lottery_handoff/v3/03_states/tab_selected_overlay.png,.png,967
UI源文件,panorama/images/custom_game/lottery_handoff/v3/03_states/tab_selected_overlay.svg,.svg,451
UI源文件,panorama/images/custom_game/lottery_handoff/v3/03_states/ticket_disabled.png,.png,641
UI源文件,panorama/images/custom_game/lottery_handoff/v3/03_states/ticket_disabled.svg,.svg,319
UI源文件,panorama/images/custom_game/lottery_handoff/v3/03_states/ticket_hover.png,.png,611
UI源文件,panorama/images/custom_game/lottery_handoff/v3/03_states/ticket_hover.svg,.svg,316
UI源文件,panorama/images/custom_game/lottery_handoff/v3/03_states/ticket_normal.png,.png,656
UI源文件,panorama/images/custom_game/lottery_handoff/v3/03_states/ticket_normal.svg,.svg,316
UI源文件,panorama/images/custom_game/lottery_handoff/v3/03_states/ticket_pressed.png,.png,660
UI源文件,panorama/images/custom_game/lottery_handoff/v3/03_states/ticket_pressed.svg,.svg,316
UI源文件,panorama/images/custom_game/lottery_handoff/v3/04_slices/body_texture_sample.png,.png,3343
UI源文件,panorama/images/custom_game/lottery_handoff/v3/04_slices/card_border_bl.png,.png,720
UI源文件,panorama/images/custom_game/lottery_handoff/v3/04_slices/card_border_bottom.png,.png,1670
UI源文件,panorama/images/custom_game/lottery_handoff/v3/04_slices/card_border_br.png,.png,714
UI源文件,panorama/images/custom_game/lottery_handoff/v3/04_slices/card_border_left.png,.png,1479
UI源文件,panorama/images/custom_game/lottery_handoff/v3/04_slices/card_border_right.png,.png,1363
UI源文件,panorama/images/custom_game/lottery_handoff/v3/04_slices/card_border_tl.png,.png,726
UI源文件,panorama/images/custom_game/lottery_handoff/v3/04_slices/card_border_top.png,.png,1635
UI源文件,panorama/images/custom_game/lottery_handoff/v3/04_slices/card_border_tr.png,.png,726
UI源文件,panorama/images/custom_game/lottery_handoff_v1/badge_discount.png,.png,471
UI源文件,panorama/images/custom_game/lottery_handoff_v1/checkbox_checked_normal.png,.png,415
UI源文件,panorama/images/custom_game/lottery_handoff_v1/close_normal.png,.png,638
UI源文件,panorama/images/custom_game/lottery_handoff_v1/currency_plus_normal.png,.png,728
UI源文件,panorama/images/custom_game/lottery_handoff_v1/frame_reading_overlay.png,.png,17989
UI源文件,panorama/images/custom_game/lottery_handoff_v1/history_icon_normal.png,.png,913
UI源文件,panorama/images/custom_game/lottery_handoff_v1/logo.png,.png,1370
UI源文件,panorama/images/custom_game/lottery_handoff_v1/pool_details_icon_normal.png,.png,769
UI源文件,panorama/images/custom_game/lottery_handoff_v1/scene.png,.png,2702458
UI源文件,panorama/images/custom_game/lottery_handoff_v1/single_button.png,.png,12739
UI源文件,panorama/images/custom_game/lottery_handoff_v1/skip_checkbox_normal.png,.png,560
UI源文件,panorama/images/custom_game/lottery_handoff_v1/tab_glow.png,.png,100766
UI源文件,panorama/images/custom_game/lottery_handoff_v1/ten_button.png,.png,14842
UI源文件,panorama/images/custom_game/lottery_handoff_v1/ten_button_hover.png,.png,15425
UI源文件,panorama/images/custom_game/lottery_handoff_v1/ticket_illustrated.png,.png,4861
UI源文件,panorama/images/custom_game/lottery_handoff_v1/ticket_normal.png,.png,656
UI源文件,panorama/images/custom_game/lottery_handoff_v1/ticket_silhouette.svg,.svg,290
UI源文件,panorama/images/custom_game/main_hud_v1/appearance_64.png,.png,2859
UI源文件,panorama/images/custom_game/main_hud_v1/archive_64.png,.png,2490
UI源文件,panorama/images/custom_game/main_hud_v1/benefit_64.png,.png,2373
UI源文件,panorama/images/custom_game/main_hud_v1/command_slot_bl.png,.png,120
UI源文件,panorama/images/custom_game/main_hud_v1/command_slot_bottom.png,.png,384
UI源文件,panorama/images/custom_game/main_hud_v1/command_slot_br.png,.png,120
UI源文件,panorama/images/custom_game/main_hud_v1/command_slot_left.png,.png,418
UI源文件,panorama/images/custom_game/main_hud_v1/command_slot_right.png,.png,384
UI源文件,panorama/images/custom_game/main_hud_v1/command_slot_tl.png,.png,120
UI源文件,panorama/images/custom_game/main_hud_v1/command_slot_top.png,.png,401
UI源文件,panorama/images/custom_game/main_hud_v1/command_slot_tr.png,.png,120
UI源文件,panorama/images/custom_game/main_hud_v1/commands_bl.png,.png,500
UI源文件,panorama/images/custom_game/main_hud_v1/commands_bottom.png,.png,4506
UI源文件,panorama/images/custom_game/main_hud_v1/commands_br.png,.png,493
UI源文件,panorama/images/custom_game/main_hud_v1/commands_left.png,.png,3434
UI源文件,panorama/images/custom_game/main_hud_v1/commands_right.png,.png,3179
UI源文件,panorama/images/custom_game/main_hud_v1/commands_tl.png,.png,512
UI源文件,panorama/images/custom_game/main_hud_v1/commands_top.png,.png,4700
UI源文件,panorama/images/custom_game/main_hud_v1/commands_tr.png,.png,512
UI源文件,panorama/images/custom_game/main_hud_v1/currency_icon_64.png,.png,1598
UI源文件,panorama/images/custom_game/main_hud_v1/equipment_64.png,.png,2869
UI源文件,panorama/images/custom_game/main_hud_v1/hero_bl.png,.png,451
UI源文件,panorama/images/custom_game/main_hud_v1/hero_bottom.png,.png,8028
UI源文件,panorama/images/custom_game/main_hud_v1/hero_br.png,.png,448
UI源文件,panorama/images/custom_game/main_hud_v1/hero_left.png,.png,2994
UI源文件,panorama/images/custom_game/main_hud_v1/hero_right.png,.png,2771
UI源文件,panorama/images/custom_game/main_hud_v1/hero_tl.png,.png,512
UI源文件,panorama/images/custom_game/main_hud_v1/hero_top.png,.png,7093
UI源文件,panorama/images/custom_game/main_hud_v1/hero_tr.png,.png,470
UI源文件,panorama/images/custom_game/main_hud_v1/hp_fill_clean.png,.png,1524
UI源文件,panorama/images/custom_game/main_hud_v1/hp_track_clean.png,.png,723
UI源文件,panorama/images/custom_game/main_hud_v1/inventory_bl.png,.png,486
UI源文件,panorama/images/custom_game/main_hud_v1/inventory_bottom.png,.png,2968
UI源文件,panorama/images/custom_game/main_hud_v1/inventory_br.png,.png,484
UI源文件,panorama/images/custom_game/main_hud_v1/inventory_left.png,.png,2698
UI源文件,panorama/images/custom_game/main_hud_v1/inventory_right.png,.png,2729
UI源文件,panorama/images/custom_game/main_hud_v1/inventory_tl.png,.png,512
UI源文件,panorama/images/custom_game/main_hud_v1/inventory_top.png,.png,3357
UI源文件,panorama/images/custom_game/main_hud_v1/inventory_tr.png,.png,503
UI源文件,panorama/images/custom_game/main_hud_v1/item_slot_bl.png,.png,120
UI源文件,panorama/images/custom_game/main_hud_v1/item_slot_bottom.png,.png,327
UI源文件,panorama/images/custom_game/main_hud_v1/item_slot_br.png,.png,120
UI源文件,panorama/images/custom_game/main_hud_v1/item_slot_left.png,.png,406
UI源文件,panorama/images/custom_game/main_hud_v1/item_slot_right.png,.png,375
UI源文件,panorama/images/custom_game/main_hud_v1/item_slot_tl.png,.png,120
UI源文件,panorama/images/custom_game/main_hud_v1/item_slot_top.png,.png,389
UI源文件,panorama/images/custom_game/main_hud_v1/item_slot_tr.png,.png,120
UI源文件,panorama/images/custom_game/main_hud_v1/lottery_64.png,.png,2616
UI源文件,panorama/images/custom_game/main_hud_v1/minimap_bl.png,.png,491
UI源文件,panorama/images/custom_game/main_hud_v1/minimap_bottom.png,.png,3216
UI源文件,panorama/images/custom_game/main_hud_v1/minimap_br.png,.png,485
UI源文件,panorama/images/custom_game/main_hud_v1/minimap_left.png,.png,3430
UI源文件,panorama/images/custom_game/main_hud_v1/minimap_right.png,.png,3475
UI源文件,panorama/images/custom_game/main_hud_v1/minimap_tl.png,.png,512
UI源文件,panorama/images/custom_game/main_hud_v1/minimap_top.png,.png,4094
UI源文件,panorama/images/custom_game/main_hud_v1/minimap_tr.png,.png,512
UI源文件,panorama/images/custom_game/main_hud_v1/mp_fill_clean.png,.png,1535
UI源文件,panorama/images/custom_game/main_hud_v1/mp_track_clean.png,.png,1374
UI源文件,panorama/images/custom_game/main_hud_v1/return_64.png,.png,2247
UI源文件,panorama/images/custom_game/main_hud_v1/scoreboard_bl.png,.png,444
UI源文件,panorama/images/custom_game/main_hud_v1/scoreboard_bottom.png,.png,5282
UI源文件,panorama/images/custom_game/main_hud_v1/scoreboard_br.png,.png,442
UI源文件,panorama/images/custom_game/main_hud_v1/scoreboard_left.png,.png,1023
UI源文件,panorama/images/custom_game/main_hud_v1/scoreboard_right.png,.png,1033
UI源文件,panorama/images/custom_game/main_hud_v1/scoreboard_tl.png,.png,477
UI源文件,panorama/images/custom_game/main_hud_v1/scoreboard_top.png,.png,5564
UI源文件,panorama/images/custom_game/main_hud_v1/scoreboard_tr.png,.png,489
UI源文件,panorama/images/custom_game/main_hud_v1/settings_64.png,.png,3118
UI源文件,panorama/images/custom_game/main_hud_v1/social_64.png,.png,2435
UI源文件,panorama/images/custom_game/main_hud_v1/stat_agility_icon_64.png,.png,2202
UI源文件,panorama/images/custom_game/main_hud_v1/stat_armor_icon_64.png,.png,2084
UI源文件,panorama/images/custom_game/main_hud_v1/stat_attack_icon_64.png,.png,2174
UI源文件,panorama/images/custom_game/main_hud_v1/stat_intelligence_icon_64.png,.png,2236
UI源文件,panorama/images/custom_game/main_hud_v1/stat_strength_icon_64.png,.png,2169
UI源文件,panorama/images/custom_game/main_hud_v1/treasure_64.png,.png,3106
UI源文件,panorama/images/custom_game/main_hud_v1/utility_bag_icon_64.png,.png,2611
UI源文件,panorama/images/custom_game/main_hud_v1/utility_button_bl.png,.png,120
UI源文件,panorama/images/custom_game/main_hud_v1/utility_button_bottom.png,.png,344
UI源文件,panorama/images/custom_game/main_hud_v1/utility_button_br.png,.png,120
UI源文件,panorama/images/custom_game/main_hud_v1/utility_button_left.png,.png,342
UI源文件,panorama/images/custom_game/main_hud_v1/utility_button_right.png,.png,338
UI源文件,panorama/images/custom_game/main_hud_v1/utility_button_tl.png,.png,120
UI源文件,panorama/images/custom_game/main_hud_v1/utility_button_top.png,.png,317
UI源文件,panorama/images/custom_game/main_hud_v1/utility_button_tr.png,.png,120
UI源文件,panorama/images/custom_game/main_hud_v1/utility_flag_icon_64.png,.png,2176
UI源文件,panorama/images/custom_game/main_hud_v1/utility_target_icon_64.png,.png,2587
UI源文件,panorama/images/custom_game/main_hud_v1/utility_zoom_icon_64.png,.png,2708
UI源文件,panorama/images/custom_game/remaining_handoff/history_empty.png,.png,1942
UI源文件,panorama/images/custom_game/remaining_handoff/history_icon.png,.png,913
UI源文件,panorama/images/custom_game/remaining_handoff/pool_content.png,.png,37409
UI源文件,panorama/images/custom_game/remaining_handoff/reward_card.png,.png,31615
UI源文件,panorama/images/custom_game/remaining_handoff/scroll_thumb.png,.png,244
UI源文件,panorama/images/custom_game/remaining_handoff/scroll_track.png,.png,242
UI源文件,panorama/images/custom_game/remaining_handoff/tab_glow.png,.png,100766
UI源文件,panorama/images/custom_game/remaining_handoff/tab_left.png,.png,449
UI源文件,panorama/images/custom_game/remaining_handoff/tab_middle.png,.png,297
UI源文件,panorama/images/custom_game/remaining_handoff/tab_right.png,.png,509
UI源文件,panorama/images/custom_game/remaining_handoff/window_bottom.png,.png,19142
UI源文件,panorama/images/custom_game/remaining_handoff/window_bottom_left.png,.png,2601
UI源文件,panorama/images/custom_game/remaining_handoff/window_bottom_right.png,.png,2661
UI源文件,panorama/images/custom_game/remaining_handoff/window_center.png,.png,76331
UI源文件,panorama/images/custom_game/remaining_handoff/window_close_hover.png,.png,638
UI源文件,panorama/images/custom_game/remaining_handoff/window_close_normal.png,.png,638
UI源文件,panorama/images/custom_game/remaining_handoff/window_close_pressed.png,.png,638
UI源文件,panorama/images/custom_game/remaining_handoff/window_header_texture.png,.png,4124
UI源文件,panorama/images/custom_game/remaining_handoff/window_left.png,.png,5108
UI源文件,panorama/images/custom_game/remaining_handoff/window_right.png,.png,5242
UI源文件,panorama/images/custom_game/remaining_handoff/window_title_ornament_left.png,.png,534
UI源文件,panorama/images/custom_game/remaining_handoff/window_title_ornament_right.png,.png,660
UI源文件,panorama/images/custom_game/remaining_handoff/window_top.png,.png,27442
UI源文件,panorama/images/custom_game/remaining_handoff/window_top_left.png,.png,3922
UI源文件,panorama/images/custom_game/remaining_handoff/window_top_right.png,.png,4151
UI源文件,panorama/images/custom_game/remaining_handoff_ready/action_check.png,.png,589
UI源文件,panorama/images/custom_game/remaining_handoff_ready/action_chevron.png,.png,325
UI源文件,panorama/images/custom_game/remaining_handoff_ready/boss_warning_icon.png,.png,939
UI源文件,panorama/images/custom_game/remaining_handoff_ready/button_primary_disabled.png,.png,10865
UI源文件,panorama/images/custom_game/remaining_handoff_ready/button_primary_hover.png,.png,10251
UI源文件,panorama/images/custom_game/remaining_handoff_ready/button_primary_normal.png,.png,12378
UI源文件,panorama/images/custom_game/remaining_handoff_ready/button_primary_pressed.png,.png,11879
UI源文件,panorama/images/custom_game/remaining_handoff_ready/button_secondary_disabled.png,.png,10532
UI源文件,panorama/images/custom_game/remaining_handoff_ready/button_secondary_hover.png,.png,9325
UI源文件,panorama/images/custom_game/remaining_handoff_ready/button_secondary_normal.png,.png,10625
UI源文件,panorama/images/custom_game/remaining_handoff_ready/button_secondary_pressed.png,.png,10839
UI源文件,panorama/images/custom_game/remaining_handoff_ready/daily_calendar.png,.png,1011
UI源文件,panorama/images/custom_game/remaining_handoff_ready/daily_claimed.png,.png,2295
UI源文件,panorama/images/custom_game/remaining_handoff_ready/daily_crystals.png,.png,38355
UI源文件,panorama/images/custom_game/remaining_handoff_ready/daily_day.png,.png,33833
UI源文件,panorama/images/custom_game/remaining_handoff_ready/daily_info.png,.png,910
UI源文件,panorama/images/custom_game/remaining_handoff_ready/daily_locked.png,.png,513
UI源文件,panorama/images/custom_game/remaining_handoff_ready/daily_premium.png,.png,474
UI源文件,panorama/images/custom_game/remaining_handoff_ready/daily_ready.png,.png,497
UI源文件,panorama/images/custom_game/remaining_handoff_ready/daily_rules.png,.png,821
UI源文件,panorama/images/custom_game/remaining_handoff_ready/daily_week.png,.png,61467
UI源文件,panorama/images/custom_game/remaining_handoff_ready/history_empty.png,.png,1942
UI源文件,panorama/images/custom_game/remaining_handoff_ready/history_icon.png,.png,913
UI源文件,panorama/images/custom_game/remaining_handoff_ready/pool_content.png,.png,37409
UI源文件,panorama/images/custom_game/remaining_handoff_ready/reward_card.png,.png,31615
UI源文件,panorama/images/custom_game/remaining_handoff_ready/rogue_back.png,.png,1150186
UI源文件,panorama/images/custom_game/remaining_handoff_ready/rogue_combat.png,.png,1150186
UI源文件,panorama/images/custom_game/remaining_handoff_ready/rogue_defense.png,.png,1150186
UI源文件,panorama/images/custom_game/remaining_handoff_ready/rogue_growth.png,.png,1150186
UI源文件,panorama/images/custom_game/remaining_handoff_ready/scroll_thumb.png,.png,244
UI源文件,panorama/images/custom_game/remaining_handoff_ready/scroll_track.png,.png,242
UI源文件,panorama/images/custom_game/remaining_handoff_ready/shop_bundle_compact.png,.png,2829
UI源文件,panorama/images/custom_game/remaining_handoff_ready/shop_bundle_footer_compact.png,.png,470
UI源文件,panorama/images/custom_game/remaining_handoff_ready/shop_card_hover_native.png,.png,65785
UI源文件,panorama/images/custom_game/remaining_handoff_ready/shop_card_normal_native.png,.png,63595
UI源文件,panorama/images/custom_game/remaining_handoff_ready/shop_icon_points_dark.png,.png,628
UI源文件,panorama/images/custom_game/remaining_handoff_ready/shop_icon_u_currency_dark.png,.png,1147
UI源文件,panorama/images/custom_game/remaining_handoff_ready/shop_payment_normal.png,.png,947
UI源文件,panorama/images/custom_game/remaining_handoff_ready/shop_payment_selected.png,.png,1001
UI源文件,panorama/images/custom_game/remaining_handoff_ready/shop_product_hover_scrim.png,.png,370
UI源文件,panorama/images/custom_game/remaining_handoff_ready/shop_qr_loading.png,.png,1614
UI源文件,panorama/images/custom_game/remaining_handoff_ready/shop_qr_outer.png,.png,1984
UI源文件,panorama/images/custom_game/remaining_handoff_ready/shop_quantity_step.png,.png,703
UI源文件,panorama/images/custom_game/remaining_handoff_ready/shop_quantity_value.png,.png,722
UI源文件,panorama/images/custom_game/remaining_handoff_ready/tab_glow.png,.png,100766
UI源文件,panorama/images/custom_game/remaining_handoff_ready/tab_left.png,.png,449
UI源文件,panorama/images/custom_game/remaining_handoff_ready/tab_middle.png,.png,297
UI源文件,panorama/images/custom_game/remaining_handoff_ready/tab_right.png,.png,509
UI源文件,panorama/images/custom_game/remaining_handoff_ready/window_bottom.png,.png,19142
UI源文件,panorama/images/custom_game/remaining_handoff_ready/window_bottom_left.png,.png,2601
UI源文件,panorama/images/custom_game/remaining_handoff_ready/window_bottom_right.png,.png,2661
UI源文件,panorama/images/custom_game/remaining_handoff_ready/window_center.png,.png,76331
UI源文件,panorama/images/custom_game/remaining_handoff_ready/window_close_hover.png,.png,638
UI源文件,panorama/images/custom_game/remaining_handoff_ready/window_close_normal.png,.png,638
UI源文件,panorama/images/custom_game/remaining_handoff_ready/window_close_pressed.png,.png,638
UI源文件,panorama/images/custom_game/remaining_handoff_ready/window_header_texture.png,.png,4124
UI源文件,panorama/images/custom_game/remaining_handoff_ready/window_left.png,.png,5108
UI源文件,panorama/images/custom_game/remaining_handoff_ready/window_right.png,.png,5242
UI源文件,panorama/images/custom_game/remaining_handoff_ready/window_title_ornament_left.png,.png,534
UI源文件,panorama/images/custom_game/remaining_handoff_ready/window_title_ornament_right.png,.png,660
UI源文件,panorama/images/custom_game/remaining_handoff_ready/window_top.png,.png,27442
UI源文件,panorama/images/custom_game/remaining_handoff_ready/window_top_left.png,.png,3922
UI源文件,panorama/images/custom_game/remaining_handoff_ready/window_top_right.png,.png,4151
UI源文件,panorama/images/custom_game/rogue_cards_gpu/allround_tempering.vtex,.vtex,868
UI源文件,panorama/images/custom_game/rogue_cards_gpu/bloodthirst_potion.vtex,.vtex,868
UI源文件,panorama/images/custom_game/rogue_cards_gpu/boss_promise.vtex,.vtex,862
UI源文件,panorama/images/custom_game/rogue_cards_gpu/bounty_order.vtex,.vtex,862
UI源文件,panorama/images/custom_game/rogue_cards_gpu/burst_potion.vtex,.vtex,862
UI源文件,panorama/images/custom_game/rogue_cards_gpu/command_change.vtex,.vtex,864
UI源文件,panorama/images/custom_game/rogue_cards_gpu/construction_order.vtex,.vtex,868
UI源文件,panorama/images/custom_game/rogue_cards_gpu/corrosive_shield.vtex,.vtex,866
UI源文件,panorama/images/custom_game/rogue_cards_gpu/divine_wish.vtex,.vtex,861
UI源文件,panorama/images/custom_game/rogue_cards_gpu/emergency_reinforcement.vtex,.vtex,873
UI源文件,panorama/images/custom_game/rogue_cards_gpu/endless_rebirth.vtex,.vtex,865
UI源文件,panorama/images/custom_game/rogue_cards_gpu/far_sighted.vtex,.vtex,861
UI源文件,panorama/images/custom_game/rogue_cards_gpu/feast.vtex,.vtex,855
UI源文件,panorama/images/custom_game/rogue_cards_gpu/first_to_strike.vtex,.vtex,865
UI源文件,panorama/images/custom_game/rogue_cards_gpu/fiscal_subsidy.vtex,.vtex,864
UI源文件,panorama/images/custom_game/rogue_cards_gpu/fortifications.vtex,.vtex,864
UI源文件,panorama/images/custom_game/rogue_cards_gpu/fortified_defense.vtex,.vtex,867
UI源文件,panorama/images/custom_game/rogue_cards_gpu/frozen_wall.vtex,.vtex,861
UI源文件,panorama/images/custom_game/rogue_cards_gpu/goblin_duplicator.vtex,.vtex,867
UI源文件,panorama/images/custom_game/rogue_cards_gpu/gold_mining_secret.vtex,.vtex,868
UI源文件,panorama/images/custom_game/rogue_cards_gpu/gunpowder_splash.vtex,.vtex,866
UI源文件,panorama/images/custom_game/rogue_cards_gpu/heavy_hand.vtex,.vtex,860
UI源文件,panorama/images/custom_game/rogue_cards_gpu/hero_descent.vtex,.vtex,862
UI源文件,panorama/images/custom_game/rogue_cards_gpu/high_morale.vtex,.vtex,861
UI源文件,panorama/images/custom_game/rogue_cards_gpu/in_step.vtex,.vtex,857
UI源文件,panorama/images/custom_game/rogue_cards_gpu/infrastructure_maniac.vtex,.vtex,871
UI源文件,panorama/images/custom_game/rogue_cards_gpu/infrastructure_maniac_start.vtex,.vtex,877
UI源文件,panorama/images/custom_game/rogue_cards_gpu/infrastructure_outsourcing.vtex,.vtex,876
UI源文件,panorama/images/custom_game/rogue_cards_gpu/instant_wood.vtex,.vtex,862
UI源文件,panorama/images/custom_game/rogue_cards_gpu/internship_certificate.vtex,.vtex,872
UI源文件,panorama/images/custom_game/rogue_cards_gpu/ion_shield.vtex,.vtex,860
UI源文件,panorama/images/custom_game/rogue_cards_gpu/iron_fist_policy.vtex,.vtex,866
UI源文件,panorama/images/custom_game/rogue_cards_gpu/kick_when_down.vtex,.vtex,864
UI源文件,panorama/images/custom_game/rogue_cards_gpu/long_range_volley.vtex,.vtex,867
UI源文件,panorama/images/custom_game/rogue_cards_gpu/lucky_watch.vtex,.vtex,861
UI源文件,panorama/images/custom_game/rogue_cards_gpu/lumberjack_assault.vtex,.vtex,868
UI源文件,panorama/images/custom_game/rogue_cards_gpu/natures_gift.vtex,.vtex,862
UI源文件,panorama/images/custom_game/rogue_cards_gpu/nuclear_bomb.vtex,.vtex,862
UI源文件,panorama/images/custom_game/rogue_cards_gpu/peaceful_labor.vtex,.vtex,864
UI源文件,panorama/images/custom_game/rogue_cards_gpu/population_expansion.vtex,.vtex,870
UI源文件,panorama/images/custom_game/rogue_cards_gpu/precision_lumber.vtex,.vtex,866
UI源文件,panorama/images/custom_game/rogue_cards_gpu/radiant_sapling.vtex,.vtex,865
UI源文件,panorama/images/custom_game/rogue_cards_gpu/recruit_training.vtex,.vtex,866
UI源文件,panorama/images/custom_game/rogue_cards_gpu/sharp_volley.vtex,.vtex,862
UI源文件,panorama/images/custom_game/rogue_cards_gpu/tower_growth.vtex,.vtex,862
UI源文件,panorama/images/custom_game/rogue_cards_gpu/tower_network.vtex,.vtex,863
UI源文件,panorama/images/custom_game/rogue_cards_gpu/training_dummy.vtex,.vtex,864
UI源文件,panorama/images/custom_game/rogue_cards_gpu/wall_recovery.vtex,.vtex,863
UI源文件,panorama/images/custom_game/rogue_cards_gpu/weakening_orb.vtex,.vtex,863
UI源文件,panorama/images/custom_game/rogue_cards_gpu/wealthy_start.vtex,.vtex,863
UI源文件,panorama/images/custom_game/rogue_cards_gpu/wind_strategy.vtex,.vtex,863
UI源文件,panorama/images/custom_game/rogue_cards_gpu/woodcutting_bounty.vtex,.vtex,868
UI源文件,panorama/images/custom_game/rogue_cards_v1/allround_tempering.png,.png,2791784
UI源文件,panorama/images/custom_game/rogue_cards_v1/bloodthirst_potion.png,.png,2482317
UI源文件,panorama/images/custom_game/rogue_cards_v1/boss_promise.png,.png,3026011
UI源文件,panorama/images/custom_game/rogue_cards_v1/bounty_order.png,.png,2687214
UI源文件,panorama/images/custom_game/rogue_cards_v1/burst_potion.png,.png,2458245
UI源文件,panorama/images/custom_game/rogue_cards_v1/command_change.png,.png,2557773
UI源文件,panorama/images/custom_game/rogue_cards_v1/construction_order.png,.png,2786516
UI源文件,panorama/images/custom_game/rogue_cards_v1/corrosive_shield.png,.png,2958425
UI源文件,panorama/images/custom_game/rogue_cards_v1/divine_wish.png,.png,2957240
UI源文件,panorama/images/custom_game/rogue_cards_v1/emergency_reinforcement.png,.png,2816907
UI源文件,panorama/images/custom_game/rogue_cards_v1/endless_rebirth.png,.png,2856263
UI源文件,panorama/images/custom_game/rogue_cards_v1/far_sighted.png,.png,3017168
UI源文件,panorama/images/custom_game/rogue_cards_v1/feast.png,.png,2958457
UI源文件,panorama/images/custom_game/rogue_cards_v1/first_to_strike.png,.png,3114905
UI源文件,panorama/images/custom_game/rogue_cards_v1/fiscal_subsidy.png,.png,3158706
UI源文件,panorama/images/custom_game/rogue_cards_v1/fortifications.png,.png,2642141
UI源文件,panorama/images/custom_game/rogue_cards_v1/fortified_defense.png,.png,2866851
UI源文件,panorama/images/custom_game/rogue_cards_v1/frozen_wall.png,.png,2934572
UI源文件,panorama/images/custom_game/rogue_cards_v1/goblin_duplicator.png,.png,2719371
UI源文件,panorama/images/custom_game/rogue_cards_v1/gold_mining_secret.png,.png,2692577
UI源文件,panorama/images/custom_game/rogue_cards_v1/gunpowder_splash.png,.png,2569082
UI源文件,panorama/images/custom_game/rogue_cards_v1/heavy_hand.png,.png,3015304
UI源文件,panorama/images/custom_game/rogue_cards_v1/hero_descent.png,.png,2683086
UI源文件,panorama/images/custom_game/rogue_cards_v1/high_morale.png,.png,2696193
UI源文件,panorama/images/custom_game/rogue_cards_v1/in_step.png,.png,2842863
UI源文件,panorama/images/custom_game/rogue_cards_v1/infrastructure_maniac.png,.png,2829925
UI源文件,panorama/images/custom_game/rogue_cards_v1/infrastructure_maniac_start.png,.png,2539727
UI源文件,panorama/images/custom_game/rogue_cards_v1/infrastructure_outsourcing.png,.png,2744832
UI源文件,panorama/images/custom_game/rogue_cards_v1/instant_wood.png,.png,2805376
UI源文件,panorama/images/custom_game/rogue_cards_v1/internship_certificate.png,.png,2751027
UI源文件,panorama/images/custom_game/rogue_cards_v1/ion_shield.png,.png,2500943
UI源文件,panorama/images/custom_game/rogue_cards_v1/iron_fist_policy.png,.png,2881320
UI源文件,panorama/images/custom_game/rogue_cards_v1/kick_when_down.png,.png,2904533
UI源文件,panorama/images/custom_game/rogue_cards_v1/long_range_volley.png,.png,2761297
UI源文件,panorama/images/custom_game/rogue_cards_v1/lucky_watch.png,.png,2577797
UI源文件,panorama/images/custom_game/rogue_cards_v1/lumberjack_assault.png,.png,3084265
UI源文件,panorama/images/custom_game/rogue_cards_v1/natures_gift.png,.png,2587735
UI源文件,panorama/images/custom_game/rogue_cards_v1/nuclear_bomb.png,.png,2474060
UI源文件,panorama/images/custom_game/rogue_cards_v1/peaceful_labor.png,.png,2967184
UI源文件,panorama/images/custom_game/rogue_cards_v1/population_expansion.png,.png,2955442
UI源文件,panorama/images/custom_game/rogue_cards_v1/precision_lumber.png,.png,2765780
UI源文件,panorama/images/custom_game/rogue_cards_v1/radiant_sapling.png,.png,2690835
UI源文件,panorama/images/custom_game/rogue_cards_v1/recruit_training.png,.png,2663490
UI源文件,panorama/images/custom_game/rogue_cards_v1/sharp_volley.png,.png,2497443
UI源文件,panorama/images/custom_game/rogue_cards_v1/tower_growth.png,.png,2665327
UI源文件,panorama/images/custom_game/rogue_cards_v1/tower_network.png,.png,2613861
UI源文件,panorama/images/custom_game/rogue_cards_v1/training_dummy.png,.png,2512173
UI源文件,panorama/images/custom_game/rogue_cards_v1/wall_recovery.png,.png,2840232
UI源文件,panorama/images/custom_game/rogue_cards_v1/weakening_orb.png,.png,2614746
UI源文件,panorama/images/custom_game/rogue_cards_v1/wealthy_start.png,.png,3019448
UI源文件,panorama/images/custom_game/rogue_cards_v1/wind_strategy.png,.png,2783537
UI源文件,panorama/images/custom_game/rogue_cards_v1/woodcutting_bounty.png,.png,2994724
UI源文件,panorama/images/custom_game/rogue_clean_base_v1/blank.png,.png,1888359
UI源文件,panorama/images/custom_game/roguelike_v1/back.png,.png,506565
UI源文件,panorama/images/custom_game/roguelike_v1/combat.png,.png,490330
UI源文件,panorama/images/custom_game/roguelike_v1/defense.png,.png,501964
UI源文件,panorama/images/custom_game/roguelike_v1/growth.png,.png,496804
UI源文件,panorama/images/custom_game/shop_preview_v1/preview_qr.png,.png,391
UI源文件,panorama/images/custom_game/shop_preview_v1/shop.png,.png,2693
UI源文件,panorama/images/custom_game/shop_preview_v1/shop.svg,.svg,264
UI源文件,panorama/images/custom_game/st2_darkfantasy/common/st2_close_button.png,.png,7024
UI源文件,panorama/images/custom_game/st2_darkfantasy/common/st2_minimap_frame.png,.png,76911
UI源文件,panorama/images/custom_game/st2_darkfantasy/common/st2_modal_header.png,.png,27505
UI源文件,panorama/images/custom_game/st2_darkfantasy/common/st2_modal_header_left.png,.png,4802
UI源文件,panorama/images/custom_game/st2_darkfantasy/common/st2_modal_header_middle.png,.png,18000
UI源文件,panorama/images/custom_game/st2_darkfantasy/common/st2_modal_header_right.png,.png,5266
UI源文件,panorama/images/custom_game/st2_darkfantasy/common/st2_notification_dot.png,.png,2426
UI源文件,panorama/images/custom_game/st2_darkfantasy/common/st2_resource_bar_bg.png,.png,34540
UI源文件,panorama/images/custom_game/st2_darkfantasy/common/st2_resource_bar_bg_left.png,.png,3004
UI源文件,panorama/images/custom_game/st2_darkfantasy/common/st2_resource_bar_bg_middle.png,.png,28270
UI源文件,panorama/images/custom_game/st2_darkfantasy/common/st2_resource_bar_bg_right.png,.png,3570
UI源文件,panorama/images/custom_game/st2_darkfantasy/common/st2_separator_h.png,.png,3993
UI源文件,panorama/images/custom_game/st2_darkfantasy/common/st2_separator_h_left.png,.png,760
UI源文件,panorama/images/custom_game/st2_darkfantasy/common/st2_separator_h_middle.png,.png,2743
UI源文件,panorama/images/custom_game/st2_darkfantasy/common/st2_separator_h_right.png,.png,800
UI源文件,panorama/images/custom_game/st2_darkfantasy/common/st2_separator_v.png,.png,8673
UI源文件,panorama/images/custom_game/st2_darkfantasy/common/st2_shop_button_bg.png,.png,15516
UI源文件,panorama/images/custom_game/st2_darkfantasy/common/st2_wave_bar_bg.png,.png,36059
UI源文件,panorama/images/custom_game/st2_darkfantasy/common/st2_wave_bar_bg_left.png,.png,3025
UI源文件,panorama/images/custom_game/st2_darkfantasy/common/st2_wave_bar_bg_middle.png,.png,29133
UI源文件,panorama/images/custom_game/st2_darkfantasy/common/st2_wave_bar_bg_right.png,.png,3906
UI源文件,panorama/images/custom_game/st2_darkfantasy/equipment/st2_equipment_slot_accessory.png,.png,17575
UI源文件,panorama/images/custom_game/st2_darkfantasy/equipment/st2_equipment_slot_armor.png,.png,17504
UI源文件,panorama/images/custom_game/st2_darkfantasy/equipment/st2_equipment_slot_empty.png,.png,10675
UI源文件,panorama/images/custom_game/st2_darkfantasy/equipment/st2_equipment_slot_helmet.png,.png,17847
UI源文件,panorama/images/custom_game/st2_darkfantasy/equipment/st2_equipment_slot_weapon.png,.png,14921
UI源文件,panorama/images/custom_game/st2_darkfantasy/hero/st2_icon_agility.png,.png,2732
UI源文件,panorama/images/custom_game/st2_darkfantasy/hero/st2_icon_armor.png,.png,3363
UI源文件,panorama/images/custom_game/st2_darkfantasy/hero/st2_icon_attack.png,.png,2407
UI源文件,panorama/images/custom_game/st2_darkfantasy/hero/st2_icon_intelligence.png,.png,4054
UI源文件,panorama/images/custom_game/st2_darkfantasy/hero/st2_icon_speed.png,.png,3657
UI源文件,panorama/images/custom_game/st2_darkfantasy/hero/st2_icon_strength.png,.png,2205
UI源文件,panorama/images/custom_game/st2_darkfantasy/hero/st2_level_badge.png,.png,35888
UI源文件,panorama/images/custom_game/st2_darkfantasy/hero/st2_portrait_frame.png,.png,36899
UI源文件,panorama/images/custom_game/st2_darkfantasy/hero/st2_stat_box.png,.png,13408
UI源文件,panorama/images/custom_game/st2_darkfantasy/hero/st2_stat_box_left.png,.png,1583
UI源文件,panorama/images/custom_game/st2_darkfantasy/hero/st2_stat_box_middle.png,.png,9583
UI源文件,panorama/images/custom_game/st2_darkfantasy/hero/st2_stat_box_right.png,.png,2485
UI源文件,panorama/images/custom_game/st2_darkfantasy/icons/st2_icon_boots.png,.png,27824
UI源文件,panorama/images/custom_game/st2_darkfantasy/icons/st2_icon_gold.png,.png,31131
UI源文件,panorama/images/custom_game/st2_darkfantasy/icons/st2_icon_population.png,.png,28179
UI源文件,panorama/images/custom_game/st2_darkfantasy/icons/st2_icon_shield.png,.png,28172
UI源文件,panorama/images/custom_game/st2_darkfantasy/icons/st2_icon_shop.png,.png,3715
UI源文件,panorama/images/custom_game/st2_darkfantasy/icons/st2_icon_skill_rune.png,.png,28647
UI源文件,panorama/images/custom_game/st2_darkfantasy/icons/st2_icon_sword.png,.png,27264
UI源文件,panorama/images/custom_game/st2_darkfantasy/icons/st2_icon_wood.png,.png,30508
UI源文件,panorama/images/custom_game/st2_darkfantasy/inventory/st2_inventory_panel_bg.png,.png,108034
UI源文件,panorama/images/custom_game/st2_darkfantasy/inventory/st2_inventory_slot_empty.png,.png,10675
UI源文件,panorama/images/custom_game/st2_darkfantasy/inventory/st2_inventory_slot_hover.png,.png,12969
UI源文件,panorama/images/custom_game/st2_darkfantasy/inventory/st2_inventory_slot_normal.png,.png,12196
UI源文件,panorama/images/custom_game/st2_darkfantasy/inventory/st2_inventory_slot_stack.png,.png,16437
UI源文件,panorama/images/custom_game/st2_darkfantasy/skills/st2_hp_bar_bg.png,.png,30801
UI源文件,panorama/images/custom_game/st2_darkfantasy/skills/st2_hp_bar_bg_left.png,.png,2863
UI源文件,panorama/images/custom_game/st2_darkfantasy/skills/st2_hp_bar_bg_middle.png,.png,23749
UI源文件,panorama/images/custom_game/st2_darkfantasy/skills/st2_hp_bar_bg_right.png,.png,4689
UI源文件,panorama/images/custom_game/st2_darkfantasy/skills/st2_hp_bar_fill.png,.png,18065
UI源文件,panorama/images/custom_game/st2_darkfantasy/skills/st2_mp_bar_bg.png,.png,30431
UI源文件,panorama/images/custom_game/st2_darkfantasy/skills/st2_mp_bar_bg_left.png,.png,2627
UI源文件,panorama/images/custom_game/st2_darkfantasy/skills/st2_mp_bar_bg_middle.png,.png,23508
UI源文件,panorama/images/custom_game/st2_darkfantasy/skills/st2_mp_bar_bg_right.png,.png,4713
UI源文件,panorama/images/custom_game/st2_darkfantasy/skills/st2_mp_bar_fill.png,.png,19015
UI源文件,panorama/images/custom_game/st2_darkfantasy/skills/st2_skill_panel_bg.png,.png,216247
UI源文件,panorama/images/custom_game/st2_darkfantasy/skills/st2_skill_slot_cooldown.png,.png,18403
UI源文件,panorama/images/custom_game/st2_darkfantasy/skills/st2_skill_slot_disabled.png,.png,18628
UI源文件,panorama/images/custom_game/st2_darkfantasy/skills/st2_skill_slot_empty.png,.png,10675
UI源文件,panorama/images/custom_game/st2_darkfantasy/skills/st2_skill_slot_hover.png,.png,17236
UI源文件,panorama/images/custom_game/st2_darkfantasy/skills/st2_skill_slot_normal.png,.png,15502
UI源文件,panorama/images/custom_game/st2_darkfantasy/skills/st2_skill_slot_passive.png,.png,20509
UI源文件,panorama/images/custom_game/st2_darkfantasy/skills/st2_skill_slot_pressed.png,.png,18704
UI源文件,panorama/images/custom_game/st2_darkfantasy/tooltip/st2_tooltip_body.png,.png,102487
UI源文件,panorama/images/custom_game/st2_darkfantasy/tooltip/st2_tooltip_corner_bl.png,.png,6125
UI源文件,panorama/images/custom_game/st2_darkfantasy/tooltip/st2_tooltip_corner_br.png,.png,4728
UI源文件,panorama/images/custom_game/st2_darkfantasy/tooltip/st2_tooltip_corner_tl.png,.png,7757
UI源文件,panorama/images/custom_game/st2_darkfantasy/tooltip/st2_tooltip_corner_tr.png,.png,7041
UI源文件,panorama/images/custom_game/st2_darkfantasy/tooltip/st2_tooltip_footer.png,.png,21537
UI源文件,panorama/images/custom_game/st2_darkfantasy/tooltip/st2_tooltip_footer_left.png,.png,2895
UI源文件,panorama/images/custom_game/st2_darkfantasy/tooltip/st2_tooltip_footer_middle.png,.png,15580
UI源文件,panorama/images/custom_game/st2_darkfantasy/tooltip/st2_tooltip_footer_right.png,.png,3340
UI源文件,panorama/images/custom_game/st2_darkfantasy/tooltip/st2_tooltip_separator.png,.png,3654
UI源文件,panorama/images/custom_game/st2_darkfantasy/tooltip/st2_tooltip_separator_left.png,.png,750
UI源文件,panorama/images/custom_game/st2_darkfantasy/tooltip/st2_tooltip_separator_middle.png,.png,2466
UI源文件,panorama/images/custom_game/st2_darkfantasy/tooltip/st2_tooltip_separator_right.png,.png,754
UI源文件,panorama/images/custom_game/st2_darkfantasy/tooltip/st2_tooltip_title.png,.png,31630
UI源文件,panorama/images/custom_game/st2_darkfantasy/tooltip/st2_tooltip_title_left.png,.png,4593
UI源文件,panorama/images/custom_game/st2_darkfantasy/tooltip/st2_tooltip_title_middle.png,.png,22536
UI源文件,panorama/images/custom_game/st2_darkfantasy/tooltip/st2_tooltip_title_right.png,.png,4472
UI源文件,panorama/images/custom_game/st2_localmount/bars/st2_top_resource_360x42.png,.png,17609
UI源文件,panorama/images/custom_game/st2_localmount/bars/st2_top_wave_520x40.png,.png,21569
UI源文件,panorama/images/custom_game/st2_localmount/common/st2_shop_button_128x42.png,.png,6785
UI源文件,panorama/images/custom_game/st2_localmount/hero/st2_level_badge_34x32.png,.png,2388
UI源文件,panorama/images/custom_game/st2_localmount/hero/st2_portrait_overlay_124x120.png,.png,18806
UI源文件,panorama/images/custom_game/st2_localmount/hero/st2_stats_frame_238x96.png,.png,18441
UI源文件,panorama/images/custom_game/st2_localmount/inventory/st2_inventory_panel_180x120.png,.png,17359
UI源文件,panorama/images/custom_game/st2_localmount/inventory/st2_inventory_slot_54x54.png,.png,4691
UI源文件,panorama/images/custom_game/st2_localmount/skills/st2_hp_frame_238x18.png,.png,3600
UI源文件,panorama/images/custom_game/st2_localmount/skills/st2_mp_frame_238x18.png,.png,3672
UI源文件,panorama/images/custom_game/st2_localmount/skills/st2_skill_panel_320x138.png,.png,25531
UI源文件,panorama/images/custom_game/st2_localmount/skills/st2_skill_slot_54x54.png,.png,5256
UI源文件,panorama/images/custom_game/survival_native/ability_bevel.png,.png,4889
UI源文件,panorama/images/custom_game/survival_native/ability_bg.png,.png,52448
UI源文件,panorama/images/custom_game/survival_native/ability_inset_shadow.png,.png,393
UI源文件,panorama/images/custom_game/survival_native/active_ability_border.png,.png,2398
UI源文件,panorama/images/custom_game/survival_native/icon_agility.png,.png,1336
UI源文件,panorama/images/custom_game/survival_native/icon_armor.png,.png,904
UI源文件,panorama/images/custom_game/survival_native/icon_attack_speed.png,.png,1671
UI源文件,panorama/images/custom_game/survival_native/icon_damage.png,.png,1395
UI源文件,panorama/images/custom_game/survival_native/icon_intelligence.png,.png,1658
UI源文件,panorama/images/custom_game/survival_native/icon_speed.png,.png,1420
UI源文件,panorama/images/custom_game/survival_native/icon_strength.png,.png,1503
UI源文件,panorama/images/custom_game/survival_native/inventory_bg.png,.png,85169
UI源文件,panorama/images/custom_game/survival_native/inventory_bg_dark.png,.png,66962
UI源文件,panorama/images/custom_game/survival_native/inventory_item_bevel.png,.png,384
UI源文件,panorama/images/custom_game/survival_native/inventory_item_well.png,.png,3499
UI源文件,panorama/images/custom_game/survival_native/inventory_panel.png,.png,30141
UI源文件,panorama/images/ui/daily_rewards/badges/pass_active.png,.png,14050
UI源文件,panorama/images/ui/daily_rewards/badges/pass_inactive.png,.png,11993
UI源文件,panorama/images/ui/daily_rewards/badges/premium.png,.png,7454
UI源文件,panorama/images/ui/daily_rewards/badges/today.png,.png,12924
UI源文件,panorama/images/ui/daily_rewards/buttons/claim_disabled.png,.png,22744
UI源文件,panorama/images/ui/daily_rewards/buttons/claim_hover.png,.png,25527
UI源文件,panorama/images/ui/daily_rewards/buttons/claim_normal.png,.png,27346
UI源文件,panorama/images/ui/daily_rewards/buttons/claim_pressed.png,.png,31104
UI源文件,panorama/images/ui/daily_rewards/cards/day_body.png,.png,51006
UI源文件,panorama/images/ui/daily_rewards/cards/day_disabled.png,.png,41584
UI源文件,panorama/images/ui/daily_rewards/cards/day_empty.png,.png,10672
UI源文件,panorama/images/ui/daily_rewards/cards/day_empty_disabled.png,.png,9137
UI源文件,panorama/images/ui/daily_rewards/cards/day_empty_hover.png,.png,10215
UI源文件,panorama/images/ui/daily_rewards/cards/day_empty_pressed.png,.png,12295
UI源文件,panorama/images/ui/daily_rewards/cards/day_hover.png,.png,49737
UI源文件,panorama/images/ui/daily_rewards/cards/day_pressed.png,.png,58794
UI源文件,panorama/images/ui/daily_rewards/cards/today_border.png,.png,22022
UI源文件,panorama/images/ui/daily_rewards/cards/week_end_body.png,.png,124321
UI源文件,panorama/images/ui/daily_rewards/cards/week_end_disabled.png,.png,106260
UI源文件,panorama/images/ui/daily_rewards/cards/week_end_hover.png,.png,120808
UI源文件,panorama/images/ui/daily_rewards/cards/week_end_pressed.png,.png,141664
UI源文件,panorama/images/ui/daily_rewards/frame/empty_window_candidate.png,.png,1516563
UI源文件,panorama/images/ui/daily_rewards/frame/nine/r0c0.png,.png,3135
UI源文件,panorama/images/ui/daily_rewards/frame/nine/r0c1.png,.png,57223
UI源文件,panorama/images/ui/daily_rewards/frame/nine/r0c2.png,.png,3170
UI源文件,panorama/images/ui/daily_rewards/frame/nine/r1c0.png,.png,33252
UI源文件,panorama/images/ui/daily_rewards/frame/nine/r1c1.png,.png,1259423
UI源文件,panorama/images/ui/daily_rewards/frame/nine/r1c2.png,.png,34981
UI源文件,panorama/images/ui/daily_rewards/frame/nine/r2c0.png,.png,3075
UI源文件,panorama/images/ui/daily_rewards/frame/nine/r2c1.png,.png,57869
UI源文件,panorama/images/ui/daily_rewards/frame/nine/r2c2.png,.png,3128
UI源文件,panorama/images/ui/daily_rewards/frame/window_layout_candidate.png,.png,1009966
UI源文件,panorama/images/ui/daily_rewards/icons/calendar_disabled.png,.png,930
UI源文件,panorama/images/ui/daily_rewards/icons/calendar_hover.png,.png,1011
UI源文件,panorama/images/ui/daily_rewards/icons/calendar_normal.png,.png,1011
UI源文件,panorama/images/ui/daily_rewards/icons/calendar_pressed.png,.png,1011
UI源文件,panorama/images/ui/daily_rewards/icons/check_claimed.png,.png,2295
UI源文件,panorama/images/ui/daily_rewards/icons/clock.png,.png,1535
UI源文件,panorama/images/ui/daily_rewards/icons/close_local_disabled.png,.png,677
UI源文件,panorama/images/ui/daily_rewards/icons/close_local_hover.png,.png,692
UI源文件,panorama/images/ui/daily_rewards/icons/close_local_normal.png,.png,692
UI源文件,panorama/images/ui/daily_rewards/icons/close_local_pressed.png,.png,692
UI源文件,panorama/images/ui/daily_rewards/icons/info_disabled.png,.png,823
UI源文件,panorama/images/ui/daily_rewards/icons/info_hover.png,.png,859
UI源文件,panorama/images/ui/daily_rewards/icons/info_normal.png,.png,859
UI源文件,panorama/images/ui/daily_rewards/icons/info_pressed.png,.png,859
UI源文件,panorama/images/ui/daily_rewards/icons/lock.png,.png,1001
UI源文件,panorama/images/ui/daily_rewards/icons/pass_disabled.png,.png,865
UI源文件,panorama/images/ui/daily_rewards/icons/pass_hover.png,.png,873
UI源文件,panorama/images/ui/daily_rewards/icons/pass_normal.png,.png,873
UI源文件,panorama/images/ui/daily_rewards/icons/pass_pressed.png,.png,873
UI源文件,panorama/images/ui/daily_rewards/icons/rules_local_disabled.png,.png,786
UI源文件,panorama/images/ui/daily_rewards/icons/rules_local_hover.png,.png,821
UI源文件,panorama/images/ui/daily_rewards/icons/rules_local_normal.png,.png,821
UI源文件,panorama/images/ui/daily_rewards/icons/rules_local_pressed.png,.png,821
UI源文件,panorama/images/ui/daily_rewards/icons/spinner.png,.png,1159
UI源文件,panorama/images/ui/daily_rewards/items/book_medallion.png,.png,40599
UI源文件,panorama/images/ui/daily_rewards/items/coins_medallion.png,.png,39360
UI源文件,panorama/images/ui/daily_rewards/items/crystals_medallion.png,.png,38355
UI源文件,panorama/images/ui/daily_rewards/items/material_medallion.png,.png,42363
UI源文件,panorama/images/ui/daily_rewards/items/ticket_medallion.png,.png,38330
UI源文件,panorama/images/ui/daily_rewards/items/ticket_small_estimated_alpha.png,.png,22492
UI源文件,panorama/images/ui/daily_rewards/items/weapon_estimated_alpha.png,.png,72958
UI源文件,panorama/images/ui/daily_rewards/items/wood_medallion.png,.png,40123
UI源文件,panorama/images/ui/page_assets/frame/hud/bl.png,.png,451
UI源文件,panorama/images/ui/page_assets/frame/hud/bottom.png,.png,8028
UI源文件,panorama/images/ui/page_assets/frame/hud/br.png,.png,448
UI源文件,panorama/images/ui/page_assets/frame/hud/left.png,.png,2994
UI源文件,panorama/images/ui/page_assets/frame/hud/right.png,.png,2771
UI源文件,panorama/images/ui/page_assets/frame/hud/tl.png,.png,512
UI源文件,panorama/images/ui/page_assets/frame/hud/top.png,.png,7093
UI源文件,panorama/images/ui/page_assets/frame/hud/tr.png,.png,470
UI源文件,panorama/images/ui/page_assets/roguelike/back.png,.png,506565
UI源文件,panorama/images/ui/page_assets/roguelike/combat.png,.png,490330
UI源文件,panorama/images/ui/page_assets/roguelike/defense.png,.png,501964
UI源文件,panorama/images/ui/page_assets/roguelike/growth.png,.png,496804
UI源文件,panorama/images/ui/page_assets/scene/treasure.png,.png,2702458
UI源文件,panorama/images/ui/shared/badge/locked.png,.png,8832
UI源文件,panorama/images/ui/shared/badge/progress.png,.png,8543
UI源文件,panorama/images/ui/shared/badge/unlocked.png,.png,9032
UI源文件,panorama/images/ui/shared/button/gold/disabled.png,.png,2676
UI源文件,panorama/images/ui/shared/button/gold/hover.png,.png,2587
UI源文件,panorama/images/ui/shared/button/gold/normal.png,.png,2688
UI源文件,panorama/images/ui/shared/button/gold/pressed.png,.png,2905
UI源文件,panorama/images/ui/shared/button/ivory/disabled.png,.png,2777
UI源文件,panorama/images/ui/shared/button/ivory/hover.png,.png,2607
UI源文件,panorama/images/ui/shared/button/ivory/normal.png,.png,2816
UI源文件,panorama/images/ui/shared/button/ivory/pressed.png,.png,2972
UI源文件,panorama/images/ui/shared/card/body/ivory.png,.png,36950
UI源文件,panorama/images/ui/shared/card/border/disabled.png,.png,717
UI源文件,panorama/images/ui/shared/card/border/hover.png,.png,687
UI源文件,panorama/images/ui/shared/card/border/normal.png,.png,721
UI源文件,panorama/images/ui/shared/card/border/pressed.png,.png,718
UI源文件,panorama/images/ui/shared/card/border/selected.png,.png,703
UI源文件,panorama/images/ui/shared/checkbox/off.png,.png,560
UI源文件,panorama/images/ui/shared/checkbox/on/disabled.png,.png,408
UI源文件,panorama/images/ui/shared/checkbox/on/hover.png,.png,396
UI源文件,panorama/images/ui/shared/checkbox/on/normal.png,.png,415
UI源文件,panorama/images/ui/shared/checkbox/on/pressed.png,.png,421
UI源文件,panorama/images/ui/shared/icon/add.png,.png,728
UI源文件,panorama/images/ui/shared/icon/archive/blessing.png,.png,1370
UI源文件,panorama/images/ui/shared/icon/archive/endless.png,.png,1174
UI源文件,panorama/images/ui/shared/icon/archive/ex.png,.png,1569
UI源文件,panorama/images/ui/shared/icon/archive/friends.png,.png,1398
UI源文件,panorama/images/ui/shared/icon/archive/points.png,.png,1425
UI源文件,panorama/images/ui/shared/icon/archive/spell.png,.png,1549
UI源文件,panorama/images/ui/shared/icon/archive/void.png,.png,1169
UI源文件,panorama/images/ui/shared/icon/archive/weapon.png,.png,1093
UI源文件,panorama/images/ui/shared/icon/close.png,.png,1055
UI源文件,panorama/images/ui/shared/icon/history.png,.png,913
UI源文件,panorama/images/ui/shared/icon/nav/appearance.png,.png,2859
UI源文件,panorama/images/ui/shared/icon/nav/archive.png,.png,2490
UI源文件,panorama/images/ui/shared/icon/nav/benefit.png,.png,2373
UI源文件,panorama/images/ui/shared/icon/nav/equipment.png,.png,2869
UI源文件,panorama/images/ui/shared/icon/nav/lottery.png,.png,2616
UI源文件,panorama/images/ui/shared/icon/nav/return.png,.png,2247
UI源文件,panorama/images/ui/shared/icon/nav/settings.png,.png,3118
UI源文件,panorama/images/ui/shared/icon/nav/social.png,.png,2435
UI源文件,panorama/images/ui/shared/icon/nav/treasure.png,.png,3106
UI源文件,panorama/images/ui/shared/icon/pool_details.png,.png,769
UI源文件,panorama/images/ui/shared/icon/ticket.png,.png,656
UI源文件,panorama/images/ui/shared/nav/toggle/hover.png,.png,24984
UI源文件,panorama/images/ui/shared/nav/toggle/normal.png,.png,22212
UI源文件,panorama/images/ui/shared/nav/toggle/selected.png,.png,21028
UI源文件,panorama/images/ui/shared/overlay/entry_hover_underline.png,.png,131
UI源文件,panorama/images/ui/shared/overlay/tab_hover_overlay.png,.png,149
UI源文件,panorama/images/ui/shared/overlay/tab_selected_overlay.png,.png,967
UI源文件,panorama/images/ui/shared/texture/ivory.png,.png,7640
UI源文件,panorama/images/ui/shared/texture/teal.png,.png,681
UI源文件,panorama/layout/custom_game/archive.xml,.xml,8203
UI源文件,panorama/layout/custom_game/custom_ui_manifest.xml,.xml,624
UI源文件,panorama/layout/custom_game/font_test.xml,.xml,2260
UI源文件,panorama/layout/custom_game/hero_skill_ui.xml,.xml,2233
UI源文件,panorama/layout/custom_game/lottery_window.xml,.xml,7543
UI源文件,panorama/layout/custom_game/remaining_5d5c1152eb_assets.xml,.xml,84192
UI源文件,panorama/layout/custom_game/rogue_reward_ui.xml,.xml,1612
UI源文件,panorama/layout/custom_game/survival_grid_placement.xml,.xml,808
UI源文件,panorama/layout/custom_game/survival_hud.xml,.xml,38901
UI源文件,panorama/localization/addon_english.txt,.txt,69106
UI源文件,panorama/localization/addon_schinese.txt,.txt,65944
UI源文件,panorama/scripts/custom_game/ability_tooltip.js,.js,100620
UI源文件,panorama/scripts/custom_game/archive.js,.js,21449
UI源文件,panorama/scripts/custom_game/archive_180de7e38b.js,.js,17812
UI源文件,panorama/scripts/custom_game/archive_handoff_180de7e38b.js,.js,10475
UI源文件,panorama/scripts/custom_game/archive_handoff_assets.js,.js,4252
UI源文件,panorama/scripts/custom_game/attack_range_input.js,.js,1384
UI源文件,panorama/scripts/custom_game/boss_warning_remaining_5d5c1152eb.js,.js,2400
UI源文件,panorama/scripts/custom_game/building_move.js,.js,7109
UI源文件,panorama/scripts/custom_game/combat_stats.js,.js,127803
UI源文件,panorama/scripts/custom_game/commerce_remaining_5d5c1152eb.js,.js,45971
UI源文件,panorama/scripts/custom_game/common/ui_components.js,.js,17511
UI源文件,panorama/scripts/custom_game/common/ui_registry.js,.js,161899
UI源文件,panorama/scripts/custom_game/common/ui_typography.js,.js,1256
UI源文件,panorama/scripts/custom_game/daily_remaining_5d5c1152eb.js,.js,11548
UI源文件,panorama/scripts/custom_game/daily_resources.js,.js,14748
UI源文件,panorama/scripts/custom_game/daily_rewards.js,.js,10152
UI源文件,panorama/scripts/custom_game/game_info_panel.js,.js,5825
UI源文件,panorama/scripts/custom_game/geometry_remaining_5d5c1152eb.js,.js,1131
UI源文件,panorama/scripts/custom_game/gold_mine_income_numbers.js,.js,3207
UI源文件,panorama/scripts/custom_game/handoff_assets.js,.js,7343
UI源文件,panorama/scripts/custom_game/handoff_boot.js,.js,449
UI源文件,panorama/scripts/custom_game/handoff_geometry.js,.js,989
UI源文件,panorama/scripts/custom_game/handoff_hud.js,.js,30762
UI源文件,panorama/scripts/custom_game/hero_skill_ui.js,.js,8774
UI源文件,panorama/scripts/custom_game/hero_world_health_bar.js,.js,6646
UI源文件,panorama/scripts/custom_game/hud_takeover.js,.js,69806
UI源文件,panorama/scripts/custom_game/icons_remaining_5d5c1152eb.js,.js,439789
UI源文件,panorama/scripts/custom_game/inventory_tooltip.js,.js,9800
UI源文件,panorama/scripts/custom_game/item_art_remaining_5d5c1152eb.js,.js,435097
UI源文件,panorama/scripts/custom_game/lottery_handoff_bb9968eef7.js,.js,4062
UI源文件,panorama/scripts/custom_game/lottery_ui.js,.js,31708
UI源文件,panorama/scripts/custom_game/lottery_ui_remaining_5d5c1152eb.js,.js,32995
UI源文件,panorama/scripts/custom_game/navigation_remaining_5d5c1152eb.js,.js,3981
UI源文件,panorama/scripts/custom_game/portrait_camera_editor.js,.js,5979
UI源文件,panorama/scripts/custom_game/remaining_5d5c1152eb.js,.js,35660
UI源文件,panorama/scripts/custom_game/reward_presentation.js,.js,1163
UI源文件,panorama/scripts/custom_game/rogue_art_remaining_5d5c1152eb.js,.js,7554
UI源文件,panorama/scripts/custom_game/rogue_remaining_5d5c1152eb.js,.js,7725
UI源文件,panorama/scripts/custom_game/rogue_reward_ui.js,.js,7086
UI源文件,panorama/scripts/custom_game/shop_debug.js,.js,689
UI源文件,panorama/scripts/custom_game/shop_remaining_5d5c1152eb.js,.js,34443
UI源文件,panorama/scripts/custom_game/shop_tooltip.js,.js,7767
UI源文件,panorama/scripts/custom_game/shop_tooltip_remaining_5d5c1152eb.js,.js,8132
UI源文件,panorama/scripts/custom_game/shop_ui.js,.js,35166
UI源文件,panorama/scripts/custom_game/shop_ui.js.orig,.orig,20930
UI源文件,panorama/scripts/custom_game/survival_grid_placement.js,.js,24850
UI源文件,panorama/scripts/custom_game/survival_ui.js,.js,16855
UI源文件,panorama/scripts/custom_game/tooltip_position.js,.js,4994
UI源文件,panorama/scripts/custom_game/topnav_remaining_5d5c1152eb.js,.js,31798
UI源文件,panorama/scripts/custom_game/treasure_history.js,.js,1913
UI源文件,panorama/scripts/custom_game/ui_bootstrap.js,.js,16652
UI源文件,panorama/scripts/custom_game/ui_layers.js,.js,2702
UI源文件,panorama/scripts/custom_game/weapon_growth_hud.js,.js,3269
UI源文件,panorama/styles/custom_game/ability_tooltip.css,.css,9509
UI源文件,panorama/styles/custom_game/archive.css,.css,9101
UI源文件,panorama/styles/custom_game/archive_difficulty.css,.css,117
UI源文件,panorama/styles/custom_game/archive_gothic.css,.css,7568
UI源文件,panorama/styles/custom_game/archive_handoff_180de7e38b.css,.css,15041
UI源文件,panorama/styles/custom_game/archive_kit.css,.css,19078
UI源文件,panorama/styles/custom_game/archive_typography_180de7e38b.css,.css,1623
UI源文件,panorama/styles/custom_game/combat_stats.css,.css,3969
UI源文件,panorama/styles/custom_game/common/font_test.css,.css,1401
UI源文件,panorama/styles/custom_game/common/ui_assets.css,.css,33770
UI源文件,panorama/styles/custom_game/common/ui_components.css,.css,11471
UI源文件,panorama/styles/custom_game/common/ui_typography.css,.css,2822
UI源文件,panorama/styles/custom_game/daily_assets.css,.css,11171
UI源文件,panorama/styles/custom_game/daily_rewards.css,.css,6335
UI源文件,panorama/styles/custom_game/game_info_panel.css,.css,1993
UI源文件,panorama/styles/custom_game/gold_mine_income_numbers.css,.css,444
UI源文件,panorama/styles/custom_game/handoff_assets.css,.css,9445
UI源文件,panorama/styles/custom_game/handoff_v1.css,.css,1280
UI源文件,panorama/styles/custom_game/hero_skill_ui.css,.css,5550
UI源文件,panorama/styles/custom_game/hero_world_health_bar.css,.css,1605
UI源文件,panorama/styles/custom_game/inventory_tooltip.css,.css,2056
UI源文件,panorama/styles/custom_game/lottery.css,.css,9521
UI源文件,panorama/styles/custom_game/lottery_celestial.css,.css,45669
UI源文件,panorama/styles/custom_game/lottery_handoff_bb9968eef7.css,.css,11142
UI源文件,panorama/styles/custom_game/remaining_5d5c1152eb.css,.css,36700
UI源文件,panorama/styles/custom_game/rogue_reward_ui.css,.css,2906
UI源文件,panorama/styles/custom_game/shop.css,.css,7902
UI源文件,panorama/styles/custom_game/survival_dota_theme.css,.css,697
UI源文件,panorama/styles/custom_game/survival_grid_placement.css,.css,1401
UI源文件,panorama/styles/custom_game/survival_hud.css,.css,14822
UI源文件,panorama/styles/custom_game/survival_hud_native.css,.css,7697
UI源文件,panorama/styles/custom_game/survival_hud_st2_local.css,.css,11303
UI源文件,panorama/styles/custom_game/weapon_growth_hud.css,.css,1413
UI源文件,panorama/videos/portraits/monkey_king.webm,.webm,117136
粒子特效,particles/basic_ambient/basic_ambient.vpcf,.vpcf,2339
粒子特效,particles/basic_ambient/basic_ambient_readme.txt,.txt,955
粒子特效,particles/basic_explosion/basic_explosion.vpcf,.vpcf,498
粒子特效,particles/basic_explosion/basic_explosion_bits.vpcf,.vpcf,1670
粒子特效,particles/basic_explosion/basic_explosion_burst.vpcf,.vpcf,1964
粒子特效,particles/basic_explosion/basic_explosion_flash.vpcf,.vpcf,1024
粒子特效,particles/basic_explosion/basic_explosion_readme.txt,.txt,1346
粒子特效,particles/basic_projectile/basic_projectile.vpcf,.vpcf,2042
粒子特效,particles/basic_projectile/basic_projectile_explosion.vpcf,.vpcf,1794
粒子特效,particles/basic_projectile/basic_projectile_explosion_flash.vpcf,.vpcf,1149
粒子特效,particles/basic_projectile/basic_projectile_launch.vpcf,.vpcf,1880
粒子特效,particles/basic_projectile/basic_projectile_readme.txt,.txt,2878
粒子特效,particles/basic_projectile/basic_projectile_trail.vpcf,.vpcf,1870
粒子特效,particles/basic_rope/basic_rope.vpcf,.vpcf,1787
粒子特效,particles/basic_rope/basic_rope_readme.txt,.txt,1986
粒子特效,particles/basic_trail/basic_trail.vpcf,.vpcf,1508
粒子特效,particles/survival_earth_line/survival_earth_line_chaos_meteor.vpcf,.vpcf,7412
粒子特效,particles/survival_echo_slash/survival_echo_slash_follow.vpcf,.vpcf,29443
粒子特效,particles/survival_monkey_king/survival_monkey_king_staff_drop.vpcf,.vpcf,2097
粒子特效,particles/survival_tornado/survival_tornado_follow.vpcf,.vpcf,621
资源与本地化,resource/localization/addon_schinese.txt,.txt,35851
其他,SURVIVAL_PROJECT_CONTEXT.md,.md,7146
