mtllib reference_topiary_2.mtl
o leaves
usemtl leaves
v -33.440442066493 467.21845161257767 12.75410098353709
v -16.610053345913023 533.300572492945 -18.65564955501106
v -71.47884744358814 482.6995143740196 -9.974493520466362
v -32.60459956221693 538.2856233852116 -43.57755184173584
v -79.86861889756571 443.71488526111517 42.41429914639691
v -55.09254031293975 533.83485538753 -19.379198316514024
v -83.83855106323723 436.8855634073573 -5.4263640341796275
v -34.98163983577818 518.2584627406803 -50.44755503887267
v 8.229747649252884 411.29600344680426 51.920015042222396
v 51.08918261340284 404.10541173979993 12.54668855291652
v 14.355102861960104 513.9437622911348 5.737187590186052
v -30.796450423443414 524.0232737984245 14.07559697083601
v 69.84424403333288 129.70990083349034 -1.0965171996064074
v 134.6986500297006 227.54843779436248 20.354732753723624
v 22.80563820065476 165.25839257428026 -13.011365424929641
v 89.80526698855904 263.58705805981253 7.204756610036835
v -140.07448211429627 329.76041628619816 28.58156294334592
v -165.51648537943683 484.14478151817025 -34.395665165007586
v -80.70970144797498 466.90302570973796 -19.667582718406138
v -24.387561899470533 89.23876942612056 -42.09726344882034
v -40.244230135219304 208.89924267145594 -123.58953633646327
v -9.500562675355926 139.7846627423144 -3.0997392582142447
v -19.316778877588707 247.42064513559419 -80.36394757548655
v -12.379293366679995 116.10052717013622 49.16192039730042
v 35.25816549466351 112.25766084325596 24.623019019449792
v 45.208747931352754 209.44726748729317 120.74779337785375
v -17.157575980884822 223.97880479106755 137.28755665576364
v -6.662591353176147 139.45290422815037 -2.7885088535744376
v -4.7462873571501 88.4557615114948 -46.452208766787074
v 24.421808757181243 192.67104742095228 -120.65652787216067
v 23.359233938802884 235.75694542231523 -73.12880726311151
v -15.154519653695775 490.7943695548951 19.500824644809633
v -16.81093273200388 397.4114440557525 66.11764430999756
v -52.94360983090138 416.64574089951407 83.50533763254721
v -52.04266450536533 506.83374479999696 33.18723261825682
v 25.698425262931764 414.05137129655975 -45.814232563409284
v 30.246264352573185 511.5700518991065 -28.178297628567915
v 8.63339370629919 510.34683317650024 7.477265408658607
v 35.17727448245672 402.87198044183685 4.971409289855657
v -61.59901149629608 490.7751458836353 14.630625332434347
v -19.899494066013126 472.32639132522223 17.330064548282174
v -12.788326721491776 537.9431641946628 -15.785349166299415
v -39.94045764442504 549.1049458661417 -30.16542496643667
v -68.56827285346084 385.40994088480795 106.13556921951414
v -84.95070802883839 501.37020471527825 40.80263179118239
v -35.34860967651127 476.8090360746609 25.774106735319606
v -28.108567234099382 364.45107047013414 58.69935816667211
v -43.36106495594415 491.58453002689396 -41.035474754693944
v -30.230288430461734 485.8851620531458 -6.864899842757879
v -7.4748859161467065 545.4257529551589 -28.95061425336703
v 2.0131627171058355 541.9349294947828 -52.251914354759876
v -20.36613038205725 176.9872350016917 -34.24521271638044
v 20.486785201575813 138.65049429765838 -67.8552933565275
v 90.77742343812477 244.73616457360936 -93.22922999464622
v 38.62955204145177 284.5084761071393 -69.38751288286345
v 27.147615988423507 346.2174558264064 10.278220251789243
v 61.14622739356334 446.61615777203417 19.082507983906062
v 10.516716269996223 460.44244540957953 6.566367398096821
v -5.493439792648076 93.72930827103262 44.357513818215196
v -8.65351555384989 77.2082524036798 28.96667465450257
v -14.280660415258934 96.62175741721326 66.74054570085421
v -2.1161407408282513 66.43434678475688 34.53443369527501
v -10.79108184716833 94.62879398676354 74.21686424045113
v -9.091019513100152 104.79254046763023 67.66302848425437
v -20.349964382141593 106.62806315684882 75.29532815527729
v -14.629009671098604 100.32851864972453 82.02500230684055
v -32.9831876154021 159.65279631727324 86.7745069068248
v -11.370600912514634 108.00679837624858 72.15357671572468
v -4.115633842513318 103.94831342021311 76.13348679279719
v 13.161484650739535 77.70905813832921 37.9421767287367
v -36.072095078746166 163.19836218526044 79.84971436928576
v -43.13133363648662 233.84435909000908 65.27965932380496
v -44.88117112888126 234.39204598974996 62.35059790723906
v -29.64498255196519 165.15174249964437 78.6980587666429
v -41.570363082285006 236.98031432985323 60.23965951964611
v -39.745268859262545 236.39581334872508 63.09880515721839
v -5.0677722833288 110.01799050278551 85.12379616264283
v -25.682782563637563 165.90649687399076 87.55898851109302
v -43.13133363648662 233.84435909000908 65.27965932380496
v -29.217990364615375 161.89073953102894 89.08667902308187
v -32.9831876154021 159.65279631727324 86.7745069068248
v -7.2934666252511695 104.68024907149669 86.51948350621021
v -14.629009671098604 100.32851864972453 82.02500230684055
v -10.79108184716833 94.62879398676354 74.21686424045113
v 0.38200201041351156 100.61029374130129 81.75002308342401
v -4.430645270141091 95.38184939406989 79.14270003010908
v 7.92159750236301 67.38175088026392 36.345049152224085
v -2.1161407408282513 66.43434678475688 34.53443369527501
v 31.177720685643475 202.592320329561 66.24015766804612
v 2.83343966786317 334.4111555204617 105.57020743062178
v 14.756942593206572 194.63865775761641 126.39364858311932
v -38.13543188290333 339.3904618390902 158.47498976339506
v 86.83564156059205 233.27528961061495 28.278379459080735
v 79.48712101132851 232.74393532219835 -25.921569565149746
v 94.02377398933952 334.4469370804434 0.6933095241625479
v 79.52195452892875 339.58630299004983 51.19400230918344
v -22.81629194424847 486.4961519016056 -15.33519447319151
v -16.16927465115945 495.1661027322604 -50.0615375248466
v -14.631220205562322 546.4461844737136 -19.414878970994724
v 5.657139608240503 549.2004259364812 -40.19676700351745
v 12.28711501819881 408.37453106256925 26.911931244407114
v 24.754782830636334 408.29699809157006 76.48849111842358
v -28.29307176935391 524.8276642927035 31.12817373801404
v -9.393434472910062 516.0030229823795 -3.4305465033673865
v 4.7083111025217015 353.57291304220365 -24.654245752049246
v 42.11437045119879 349.260953467662 -77.58869899539498
v 59.6222821183092 451.533625445028 -45.89005718081017
v 59.6222821183092 451.533625445028 -45.89005718081017
v 7.586797743331729 462.06132633479564 -21.496077222148266
v -113.98587639876239 349.2590386097826 69.18949405039389
v -142.98616431829498 479.68718010609547 14.878201672411342
v -82.91128113513857 465.0883787260281 6.692332662935332
v -69.97775374435065 263.05788145290586 -40.229164709256395
v -62.10242669413409 393.1419492706539 -52.528756809985545
v -47.84448409643699 266.84779820479747 -105.8118643723135
v -14.887404019438376 385.27177074762784 -102.7689580842266
v 10.178604229228704 206.53401772806964 -35.44680246217983
v 46.36301769046333 321.6476140059824 -37.125384244393175
v 111.81796629597822 294.6350893636388 -43.97869110107422
v 67.18389631256345 183.90411467064084 -59.98177321877067
v -79.54733578238901 260.1820840610294 14.586853464757365
v -141.71830312473568 280.10321414376807 -38.302245102529454
v -82.70132260059748 379.49648429089643 4.479278201662649
v -121.62888143944929 394.8197026891033 -55.66639693703239
v -12.007065880017018 166.26725985309272 59.89241787767786
v 45.04722873056968 146.02693047110492 76.89276548821157
v -2.0380928291110543 275.92878642044667 162.93061999824104
v -59.062852634219674 304.51410398708555 114.70654818016713
v 26.64955347541749 169.01806583554728 47.473306730976255
v 8.543163655311105 140.25736042833705 93.00135252043957
v -14.114411562446534 298.34724786713366 119.43132858576737
v -46.92340460349256 280.8957024822085 164.39366528368373
v -115.08853416743241 356.71448144387074 25.063107802173285
v -64.22883882297306 336.9594183493787 74.44267197856753
v -98.95735838281827 465.8919432031827 39.76139496630571
v -124.32496378740927 476.20792088546153 -14.72572524716535
v 41.27149976144626 250.09481925663988 -15.730722917346505
v 84.51565982788567 235.01871139045775 -57.930716379420964
v 107.2031212603952 334.42425915575404 -30.602998151553898
v 41.27149976144626 250.09481925663988 -15.730722917346505
v 52.22671613918515 353.8848846916139 -3.400484583978578
v -56.94548914751669 437.43948298176446 84.4520001899539
v -23.858978992372048 339.38092509592616 105.76388028662974
v -90.05173923462395 409.5211179237666 69.97956535008949
v -59.386350977139216 310.96473453551766 94.897305871558
v -23.383927626872627 259.8115402882494 -63.503262564891905
v -97.63712958088071 271.0999278571662 -83.99219024838425
v -11.673412454409863 383.4574241337814 -56.16425998567596
v -69.07631093122828 396.42014841395104 -100.48945119061808
v 60.64620543652632 186.41284131628322 94.82212892667515
v 46.47999767243393 199.37194238497517 38.90418161557415
v 42.48331381580022 321.6187034066268 79.33840038269524
v 32.91194833169772 314.5866882143997 142.73017410218247
v 59.85210261006994 339.4218504898192 32.99858861082182
v 56.36501499987024 339.78556084820605 -23.820972818089285
v 47.373363352197366 450.3617324228362 -8.530180871955992
v 22.397585741178258 457.31048884354243 35.982455794266826
v -101.41031009944406 281.84015919843057 101.13914181866984
v -141.98246903306855 416.35945087342753 52.82607604199507
v -89.2833555777242 400.5943133136419 35.3936721959452
v -54.126766722972 320.308039507528 122.72342922180657
v -92.3711296141617 463.37255342738837 68.09388558695636
v -24.228656855155165 433.4052904384343 85.66697751443218
v 17.16390721441254 295.5519495986578 97.08790328558975
v -37.37323396787869 179.98646563432348 -25.16416818138183
v -14.394508806739267 144.06942945765698 -73.96747746805507
v 30.884479913185903 261.5892042325238 -129.01498576787515
v -5.545156208548959 297.9128567252572 -83.4874562391146
v -88.2297238027017 326.37047955370326 23.813883619984306
v -110.32035031656581 337.51397620974564 -40.937436847236214
v -85.99138635350025 455.44076153612514 -13.242734698798714
v -73.96882443916141 452.24997002308766 -65.08498210606612
v -57.63742398089312 443.9108390507736 -57.10747767621138
v 2.292204266927374 523.0086994922068 -58.26062104833408
v -31.693739684547968 529.0337810366173 -28.9992014254172
v -61.61087141262265 436.3938203946812 -2.9199438418929033
v 66.15850869126207 134.57765729408564 39.40089950411339
v 95.35017914659396 241.491081207756 98.49109048918477
v 34.54426142174428 167.29501288706862 4.305548848598961
v 71.38872709799939 273.7661421768309 60.02990748938613
v -2.9377125966267323 191.7643246688242 68.13220621093991
v -33.59975777273103 326.3369132214644 113.43009828582524
v -26.53778772654496 177.37356696541855 120.36989992997778
v -79.5444916552446 327.12241796058 153.84371825090545
v -63.86319952686941 252.8711566774864 -41.422177487470975
v -119.04188967126561 246.77937425027682 -43.722959015313094
v -75.84405226970283 360.01498304952787 -63.27933213842197
v -139.30377059095488 365.7450638418123 -80.73619031530666
v -32.88208968996063 298.26027201855277 -35.908313717429095
v -52.263858750110536 306.2083214286744 -107.20323389909399
v -10.571246306727252 418.62821954441824 -38.45295802814754
v 4.141407864769613 138.2692029157023 16.03627064096646
v 42.977375308359704 87.88575337627742 8.230495053952135
v 118.57422318045549 174.6530044735886 34.90102807367881
v 73.57788836862159 223.2511400237797 46.051261931892455
v -60.934429093608706 424.8011957003376 -64.10794933949869
v -5.732496071049548 504.35276482048937 -64.21490917055625
v -3.3613344229112463 398.2196267195574 -45.67564941766694
v 24.270344906904565 492.0166871679111 -31.334426928692917
v 3.287457516343575 115.30673410010151 49.89280944734108
v 34.13706079242736 112.04144147437388 3.7876320049518677
v 86.00439612321028 201.13580808864805 71.96252270946353
v 37.61193649036678 212.16572739007907 121.32899967704233
v 52.42609132931927 410.470474423386 58.061039353918844
v 72.21702515609621 281.8228316119337 26.12889986338578
v 60.96613219403845 299.6443012567956 -21.968418218958096
v 62.254127555006136 432.31153112696853 9.750779571495658
v 6.243861683710354 163.90522633950542 57.42158476761946
v 65.90677058602881 143.37886036850335 41.64391615259366
v 63.70241717090757 257.2733398497574 125.46165721622978
v -7.374526008846253 289.0537291999877 125.83205080407811
v -47.38053468268688 331.6164392185962 -48.10810089111328
v -113.84565999188762 343.3916136974425 -51.250988104212006
v -32.82986991987454 429.76848722442867 -64.13702420362338
v -93.2249027913011 442.72009781965124 -85.18475247180368
v 75.25260992876188 354.6027686652236 -13.419562202738966
v 64.77921497164749 220.50465185811203 -37.413650140987606
v 33.46475325231477 237.261160152165 -74.32367388657698
v 61.99645714497003 369.4757326381413 -62.20990747917356
v -84.07498907855177 462.86402724859283 19.53943859873794
v -84.10040787824497 370.73724851833555 67.50427362487072
v -117.8998552908109 445.1622174480769 -0.5498335616091106
v -121.00016976904682 355.26354481854776 49.94491892536794
v 27.111332247576378 285.8761164147084 62.26072161216436
v 99.18911250557487 264.51773530854956 53.16310980188565
v 59.89749600568156 394.0950228473333 79.16004638972245
v 3.6512599803331334 417.4335735050712 58.22779625419557
v -27.448328461234027 213.60810347429413 70.57334494403028
v -72.35535486476628 359.1243113119771 75.21737748243677
v -76.8223991544228 211.89207167137326 103.34227028794176
v -140.11690935750647 372.61865270419383 75.4646053464394
v -69.75583204134243 277.64508104699803 56.7371873405036
v -101.41031009944406 281.84015919843057 101.13914181866984
v -89.2833555777242 400.5943133136419 35.3936721959452
v 4.725708501545463 264.05970881304404 81.23216666574554
v -56.89170886212447 268.6221768536906 112.12887726430819
v -55.65195102391281 417.2585705133874 94.17880238510493
v -125.54311376857007 435.64394703061566 82.47965902794064
v -106.43607988132267 374.6510678388941 -38.08136296084547
v -79.38732312420223 469.2155357420914 -81.53559654716432
v -18.722043028027993 455.84367016169034 -63.53084496625765
v -39.48339796441746 358.89047337329293 -39.60672325975313
v -63.789928053307726 323.78557160144715 130.43129537987897
v -22.173537982730416 230.6527603329636 115.17811947920191
v -92.42921363650345 307.00531531506635 102.34756732550193
v -53.39099666265052 210.4337572112797 89.52952745392567
v -94.89656433345765 455.2918531763272 4.089328893057004
v -47.73101468724529 533.983688654862 -39.90439448769637
v -61.595942091754104 435.7686380701741 -28.775686354149045
v -6.9692414107285146 514.9443318524699 -51.531331745658335
v -19.28233372883534 312.37855670958993 69.00264991549996
v -88.00938373475563 321.85479411928674 45.37827855958714
v -89.41286192165586 455.70482419231746 57.640573171180066
v -141.95062982754445 465.07001861812563 9.526753519463727
v -21.146747070973316 412.42993722750447 -84.07281139704186
v 31.345636825861895 495.4595265426035 -61.812302259009655
v -10.611425469240805 502.4230761790839 -34.17131938333586
v -40.83074922636738 410.4939032727339 -28.017160930032805
v -56.041544816625404 225.84126690241297 48.88852280894603
v -115.37238368837852 372.62987902783976 43.15900051687646
v -118.78805836354654 222.38695715356062 42.06625964697891
v -183.51233850313923 380.12072795958034 7.955535776971832
v 21.651532706313247 253.75602752204955 73.86319280609372
v 15.13462719016188 357.826037669745 137.7902631684551
v 0.4982942436623761 368.1836916705755 83.86363194683406
v -51.855792210796686 280.09409040916626 -45.262626775606414
v -115.22497717789778 285.49842008455533 -35.16829389286792
v -43.26215409857082 386.78724934735635 -69.38252392716295
v -110.66967108118253 400.6306956133505 -78.75734426843839
v -30.85177949094397 167.97704020823082 31.807715967884214
v -77.46166131627841 141.49920208247627 -11.519310981269896
v -126.17745737391195 338.6450189305103 0.010025338040606126
v -172.9067104069267 327.2009646798682 -55.058279375391685
v -36.86843190606185 187.75801020344412 130.74319193682334
v -12.745091060953817 120.96298022533027 73.80211916495496
v -7.716073529926811 163.38342756736935 49.029335262268546
v -16.564131956400836 227.70406692985475 112.67904221542238
v 51.09194226152315 196.43147160687786 -19.163448275543573
v 25.18916693259412 193.6983686732495 -78.21172710478776
v 78.329622276186 304.8624767093208 -72.14080630324958
v 79.45481247789279 310.7331118245763 -10.334227498122088
v -96.10080343531811 387.3888901838168 26.01600303424625
v -100.49351557033269 495.00172532449557 -27.31403262596431
v -71.66000801747239 382.11754926546354 -20.96127572022085
v -59.29859604422502 481.50794712577283 -52.95890522754099
v -50.55953667858454 126.33401577866923 8.43940698725032
v -14.88987620421282 121.29862477460246 50.26915411310872
v -108.90238867031309 249.36171028557726 83.58848376536933
v -140.18161090340203 257.749388537069 23.738518943936807
v -24.69446011415617 141.29874274486633 17.519587372231673
v -23.985207080841064 87.90704209034837 53.44337365758701
v -80.25683755949727 212.47244256687915 128.32447299807092
v -76.42042449140173 258.42463876318743 83.66492789561354
v -77.35317147622898 286.23727362925615 -13.737168133728147
v -94.04173986179623 281.20025875061515 -68.1198441137479
v -77.75225977259359 397.9037127156896 -50.14912349971261
v -77.49110225617416 390.56781708724856 -103.2366151884785
v -19.786376652755138 175.74212682528758 53.37354235761748
v -60.842539381793166 147.0632909789799 76.61398940199004
v -95.17863040833961 322.1464157104492 73.36899990171898
v -153.20521640026664 310.1143123596672 73.45990402492014
v 44.17973240529459 290.0738415755625 4.782213235464622
v 83.5760841219444 278.49525917233444 -55.18792651769683
v 93.53318552332601 396.97121447465554 -19.343488329038845
v 35.30805974494754 415.080551087387 16.04538264237051
v -113.16483415017917 407.57066621555117 70.79910574935553
v -76.01382225517213 321.05592292124834 97.65399722602425
v -93.66156548026979 401.80149979478733 36.2076440195399
v -70.70760088642751 303.3435063099298 60.19015011824961
v -3.913223274110809 423.5768881369764 -53.641716326315574
v 20.624380412064202 513.9603201798567 -40.1532509195523
v 20.533436395990567 507.36596265177093 -1.6304935643992087
v 30.809051877870335 404.7099436361959 -13.540560804952786
v 26.363232943016715 201.89155743816707 -50.19696678702287
v -22.671534789828804 205.40890731210786 -95.3705949107493
v 30.33675077393299 320.5219403965267 -112.85657957782897
v 59.7178748273474 317.1821654312254 -51.460350592305346
v 29.38425212394534 471.77048180046984 43.81405086967889
v 41.65871875492607 360.97432684710645 43.701909658477064
v 35.42617315382469 360.9218747597041 0.01600562405999838
v 27.140860013135775 472.8547794612374 0.970691193159171
v 82.81889862901583 422.0833740835115 39.55188698655977
v 92.34517578064927 288.78872788797213 -0.5285604673577106
v 31.34278565879882 420.47932392030253 32.25770052962416
v 39.02199700122743 283.93354941540815 -3.0351952304990273
v -50.654772698409914 425.67410806971276 20.792310632119968
v -115.83318860512081 456.07503004900116 10.985206431291235
v -25.040925018430695 517.6917023546114 -23.066434334582233
v -66.15806282974604 534.0912586122048 -47.47716929968887
v 34.43325129080945 167.63574495090276 26.601491950628326
v 40.964892530065825 137.34900106595256 74.81922314861629
v 32.391172694408986 284.4243725453775 101.82964520191584
v 26.84842883132574 259.13655288576143 158.4167555561216
v -51.851676205011806 305.4690548754114 -36.66133392514207
v -129.81013050229532 310.60646838090554 -30.288557837328575
v -47.30687836023766 428.35374516764966 -67.97238597719688
v -128.67387824171172 443.01547403410666 -86.96820792250746
v 30.604882503119043 294.3385492159626 -26.93198797271008
v 42.50811310265008 290.83877097903274 -96.7025005911279
v 78.68064200784278 403.5531441996417 -62.906756175784615
v 37.16304311602135 415.3825729850709 -12.81589856297951
v -40.43213964447262 435.72718702902006 -60.698465099484906
v 16.440466398329246 514.5752523827741 -56.45561875320795
v -7.940279099884934 518.0643862626684 -21.62876091604158
v -32.76082943743608 426.62905895803857 -7.387253008489534
v -20.585505981144944 147.10745473546308 17.360790273335976
v -41.933848163274334 95.38975287610153 42.83451189206341
v -138.33720853009564 230.1531513844888 66.27584536244551
v -108.050567897286 272.1384942062258 42.63113802812231
v -43.75660982657605 279.5886617945874 64.82318630368691
v -4.7404987840201915 252.1800056217224 127.71816704216906
v -85.3461355674924 417.9631631205401 129.30001799515853
v -89.8047319547398 432.17291043499324 54.73721215105432
v -65.93791049296462 362.73456933930163 121.35753481406866
v -27.28166073326051 265.00266367994897 127.20202836464709
v -87.37218661571113 342.6748185645877 87.67868590167188
v -51.9891705099992 242.1687907121313 95.39709316463922
v -48.383910824933395 128.79932020592878 -54.40050692070188
v -54.77214892079511 271.4117493216447 -125.76359463488963
v -45.21486796732024 161.9133423632524 -1.8813356933161969
v -58.43556772066852 297.54706255094277 -68.62527272832675
v -10.984565798691877 437.7623805849571 47.95582745018907
v 15.817283410725631 337.4640772661825 48.57501176398571
v 50.31675334990494 356.49746421753895 54.206453909085496
v 50.31675334990494 356.49746421753895 54.206453909085496
v 18.970140321986882 452.10196277288003 70.11989908894216
v -30.0872091233261 89.58945124168096 -20.333082657160723
v -117.33454982126793 185.26702415286087 -79.50934838122271
v -16.389856422980003 154.27554686238446 6.581416397582828
v -40.690565672446425 117.82283858051451 -12.711162172903226
v -61.53910178837814 237.64745456965892 -98.01333344827488
v 4.553741474789898 221.24896837970405 -105.88126858388345
v 8.100142159799892 114.84216517350805 -33.65316259579396
v 4.232164443008543 477.3337071336161 -0.8848581580430505
v 6.4144441931266485 480.11854877622113 -35.46311160710853
v -2.9185496446654553 548.2383037176658 -18.231794824750406
v 6.4144441931266485 480.11854877622113 -35.46311160710853
v 16.727742013030166 544.7395580021415 -36.476423421243986
v -118.85588563333347 493.0009616641548 20.17701470007108
v -89.85559771380088 362.5728201678419 74.4883094246932
v -58.781002450177056 478.4021227378545 11.991143930615403
v -89.85559771380088 362.5728201678419 74.4883094246932
v -42.39801816114291 358.2850403673067 36.09396575942753
v -45.16044939596822 395.5052593561608 118.88855085598203
v -27.201438513327773 269.71833912406385 118.57651350066418
v 12.893225029697568 281.24300513680527 99.88060147743526
v -0.6597507451697597 405.663167397807 120.60023668244129
v -38.96434241392481 482.998645211768 35.063941178359386
v -33.39254011319378 548.2512571680264 -12.047173470024049
v -42.98043063306433 479.8404438289132 0.7375768261162315
v -20.87361699952854 539.1559075182818 -32.69930993478129
v -28.159944560584123 390.9353947076272 62.448199339738984
v 33.596409118081645 374.3202855267863 71.13203289001946
v -15.280475531976055 504.6876021257536 32.247541926977206
v -48.059272015188625 514.3681473619356 0.7598831017655651
v -0.6151377172099324 477.2344348937508 3.0480155090647423
v 19.289988467073815 474.9643896508405 -27.539511834542584
v 17.639092338366773 542.3765107402652 -29.016188749178188
v -9.915636280390222 547.2993475245679 -18.508806238024253
v -22.94879260025625 396.05407264288954 145.19768437062663
v -0.46227768972868055 267.25862908551073 133.01074974180207
v -8.534122639753688 275.06144966666153 81.29200597447674
v -26.346285512128215 405.6401891032542 94.58630103764573
v -15.712809844279853 362.9191466203825 127.60428931769424
v -56.48121589750756 485.16667733980916 75.24271180310588
v -8.76991591584964 354.8781327375277 63.89026097425326
v -25.78319761696763 469.7141121691606 34.24367332083034
v 12.281594548638411 118.20190534816953 24.784775230828235
v 18.748388750346628 136.51661046846647 48.512802349300834
v 31.469837417752725 135.1556064575676 50.32600849632203
v 21.471055004540393 85.75724804495263 11.104697317588986
v 7.074592033709128 115.02666736212304 44.58688375518078
v 12.281594548638411 118.20190534816953 24.784775230828235
v 15.536509160920392 138.64522843849002 60.85086056566614
v 30.48309894997304 128.6895162477268 53.83226345843218
v 16.451414645187498 86.22819044458585 29.992440084772788
v 29.49099606416357 133.75588289396032 60.63398883098693
v 32.08668682518907 179.94101591936248 63.75452664893444
v 26.255698185267413 181.9600458220234 54.50721331468718
v 34.957898883369026 181.0989041966716 57.381607416107904
v 30.834728807914914 225.81853265837424 64.21733559585932
v 34.2395268087312 226.73263324527292 62.34439339224748
v 29.553869577843376 227.09377168670414 58.4354738550862
v 26.92606270782591 225.64581998689908 60.49691222784087
v 23.338046130232925 182.2926115801954 61.45849941283699
v 30.834728807914914 225.81853265837424 64.21733559585932
v 32.08668682518907 179.94101591936248 63.75452664893444
v 29.49099606416357 133.75588289396032 60.63398883098693
v 7.074592033709128 115.02666736212304 44.58688375518078
v 16.451414645187498 86.22819044458585 29.992440084772788
v 17.18127234714238 332.09609234426904 52.29609688435953
v 50.480985266017164 326.0761546337699 98.79977684321366
v 0.2623956621162535 444.05572996364805 86.72938572140191
v 0.2623956621162535 444.05572996364805 86.72938572140191
v -4.936109964303144 444.74106135330806 36.37707374227329
v -33.31044058161458 117.67342334657204 19.972746766458346
v -23.661347355429584 126.41679583572028 28.336869450066036
v -31.439087052983563 137.12482189568948 25.659360754208304
v -20.010994644615593 94.2271431600015 24.42421640936784
v -19.241567906432266 71.5346693053959 18.32879786416302
v -37.21291389990979 109.36308094835657 11.770562158794855
v -17.197231842776922 78.04068993395708 -10.704311329548753
v -32.82003984676572 108.82651712012104 -3.7834285868434456
v -60.39039825829934 172.47932163749155 3.133254551042722
v -62.06459886445774 171.64128971850778 11.178766648600421
v -61.180464864715816 261.8828533202645 -4.385265954366819
v -59.46727718893938 262.34531027125564 -7.9892980536137985
v -54.55696676659772 179.45073720977064 13.54509333925923
v -57.50203226494977 260.36707435067245 -0.6880668380598384
v -51.68835478504812 180.2089082913136 5.446214844861369
v -55.79710476041779 260.84541335819273 -4.324379751062769
v -59.46727718893938 262.34531027125564 -7.9892980536137985
v -60.39039825829934 172.47932163749155 3.133254551042722
v -22.298022518007777 133.18625960763046 5.563126187624894
v -23.661347355429584 126.41679583572028 28.336869450066036
v -15.973249288994497 124.05916461794396 6.3484185558604445
v -32.82003984676572 108.82651712012104 -3.7834285868434456
v -15.973249288994497 124.05916461794396 6.3484185558604445
v -17.197231842776922 78.04068993395708 -10.704311329548753
v -92.50656826289621 236.917161566066 14.867061001109327
v -80.77479722931629 211.65551163080173 79.05242949958861
v -158.11462101973888 370.9658299844096 53.321874047827535
v -136.69334997342327 380.94317819189837 3.206677676185848
v 54.479185051805395 335.2250076654389 73.88927335814229
v 79.00414504404144 232.1979943222887 54.54015544080359
v 91.9924195357195 253.88717651367188 15.68451289116867
v 70.45981921548919 357.5835265512542 38.045302150756356
v 21.651532706313247 253.75602752204955 73.86319280609372
v 56.83833219873624 239.77259012657828 114.1235208886815
v 15.13462719016188 357.826037669745 137.7902631684551
v 9.609781733648045 490.95465442327065 14.937962368717344
v -9.273718895874625 494.59735239584614 -11.881114695015855
v -10.940344549539521 564.5807897012065 -17.946644092169333
v -5.355002725218225 559.6290423175482 -37.00706198459535
v -10.940344549539521 564.5807897012065 -17.946644092169333
v -26.761044667461725 351.6615469624677 -26.89267002691434
v -64.61939943118358 355.6715597317914 -81.71722644896019
v -14.533878076733567 456.8532132726955 -52.06394852615717
v -60.635537613095266 320.8051140852801 -13.063288345111637
v -137.43952503354532 341.8541330052173 -5.2664059353625685
v -45.524216073704515 442.91120814526175 -27.92139222302775
v -137.43952503354532 341.8541330052173 -5.2664059353625685
v -117.36952413724164 465.1715436319667 -48.51154924377682
v -128.21093318969247 354.77412967231334 27.17754268270778
v -84.84830067852351 344.71290318046033 -32.28264765476617
v -130.96407642514689 449.5723979679618 -7.518708236574188
v -67.41678151558703 428.6594841423936 -40.89147556485154
v -36.28055411060964 313.20294057290386 -63.116132743715305
v 33.38818709681353 295.32432556152344 -87.42667558624989
v -0.7937275107920639 426.93712579922413 -62.23231788695328
v 64.64632008019395 409.106194503664 -57.89261164627676
v 4.3533352298999395 138.23898758475238 12.675363013124842
v 37.232970628212755 87.50647071778306 -15.2489801091472
v 117.95351824422521 174.1064627339521 -26.882143001856768
v 79.36383795550489 221.71166938120925 1.4016165684057973
v -65.47282061238927 445.92305431215783 71.34641249348799
v -64.37005489829957 543.3489206269031 -7.115596626687238
v -19.990344216504436 521.1400610255445 -4.943813981972341
v -16.38105183135806 420.76294816385104 41.507069520124304
v 87.95518574752207 176.35249716090405 -2.7910303177796014
v 30.919278231192763 204.4974912808636 -9.306215160475002
v 90.16356130284588 302.3747571810024 -16.387265732907874
v 141.60979451156976 273.6537850747897 -4.837126654433454
v 1.1143930931025603 302.71406248798525 128.4508817777859
v -48.34422445672704 444.89612729530637 99.28298747445655
v 15.18173715261024 418.27107977679395 74.22267451999694
v 49.4544665644488 286.2072366429126 67.16640446129746
v 1.5506790730896898 414.4727526687262 -12.923944888152477
v 60.94276435731903 402.5453657615842 -27.891679072943262
v 40.82468081647017 506.8230441236121 -4.031314683242107
v -1.6602790203150803 515.2996694009136 -17.679126009227723
v 1.4887647483292528 252.87076244204064 153.6552173884835
v -57.79615068060207 384.3443412480392 156.72929643646
v -41.79693113161823 381.52814850093813 99.2543584718479
v -41.79693113161823 381.52814850093813 99.2543584718479
v -6.190277342721234 259.84099530798244 94.63636893925705
v -4.716097545905376 478.12240330253064 -4.5081049086540705
v -4.09622009344927 544.6532392126369 -29.240405465674215
v -20.40283182474572 551.722218671183 -10.03373443611025
v -3.2570594408380704 478.81434282918616 29.687531820432408
v -81.61903366329163 224.32516878984106 -4.734164323863082
v -102.09444939620852 216.99591884462853 51.86241442762961
v -154.98858737194632 374.61201975664756 5.022066197996065
v -101.93233414897769 366.229560431533 -26.876959275072956
v -39.47189473730373 327.6228716992957 24.197641320115938
v -59.671054674884466 304.7135120301735 94.86823570071243
v -137.59353968102164 459.00690273975766 57.6343451897929
v -87.52245602645273 461.54149873988837 13.346078358297273
v -81.80070111132044 318.2173150730884 51.25240078122597
v -125.27019020140641 338.09789522426337 -16.928744597697822
v -120.06202081995687 473.4822896521861 2.645155576270396
v -124.79413212753657 476.1490483922283 -55.09408440176897
v 9.56703124083872 411.57268163726087 15.982118413204283
v 50.904990181209534 402.3676218948965 47.884118838573066
v -6.257008731834532 517.837081368514 28.355013667129157
v -11.015833597483597 518.1445099237397 -7.846404131003252
v 3.272832671957692 151.6824538313498 11.559200333798026
v 19.94921466496986 195.76142153402014 -10.991830994763713
v 9.056244661488872 195.4219284958727 -14.842383739516492
v -8.581934247429915 139.61656825748955 1.2165330731727946
v 13.053768028424482 193.45647706760198 -23.16620171539427
v 2.5452476904148194 104.42596720898246 -3.2339717342158942
v 21.74108751176849 303.9002230786902 -17.90607304084958
v 18.748490829167405 303.07893677959294 -15.293804444665984
v 20.887197002651185 302.3311660045714 -11.838753157713283
v 23.80923023374062 303.1215893002007 -14.43252906085938
v 21.00057723953968 187.89541064284919 -21.11894173884955
v 3.272832671957692 151.6824538313498 11.559200333798026
v 12.776590003742008 106.85437307583067 1.7893953820851844
v 2.5452476904148194 104.42596720898246 -3.2339717342158942
v 13.053768028424482 193.45647706760198 -23.16620171539427
v 21.74108751176849 303.9002230786902 -17.90607304084958
v 36.15360091051718 346.55488382174275 69.62505381877028
v 71.409072462968 334.6434916098287 14.748425464930497
v 44.050244834479386 449.1406913817398 23.2642114631773
v -5.437338680732908 466.77994915819545 51.79527706987276
v -53.17763080747109 373.64013551727055 134.89221024700976
v -30.69112620015783 244.84469195989175 122.70526623162698
v -38.762967886887196 252.64749376792608 70.98652715758077
v -56.57512841262217 383.22617688516937 84.28082691402886
v -27.741548113935576 513.7240417360321 40.30895045423132
v -19.745451258862115 424.3076880147138 84.40808048398476
v -40.63317156213475 480.60751336766043 10.773311919114722
v -46.35294122020091 398.8415425217997 63.14379962410514
v -45.8178651614452 89.1692525758518 16.99124499568789
v -147.17883951082004 225.36112567571206 12.27628644995802
v -14.822500662540827 140.36155122471607 3.7463164822323116
v -105.10865158922091 266.12824342382237 3.369388383204543
v -7.361915754520988 271.17432571771576 -86.62485700892651
v -56.02127923740177 281.92041427131716 -68.88561361417996
v -33.861164032943606 367.65226228969306 -86.03571906803161
v 15.553735841916303 354.1066327432948 -92.07462701271838
v -33.4494390825587 266.07252481415514 124.70950291851375
v 28.314097659794367 247.4436985226128 117.00486573647326
v -19.197144846277915 370.10376847635104 136.58341460340606
v -79.17807796808678 395.1244279155581 112.22655378927396
v 53.766243101104976 139.6309766243762 -36.099785425531586
v 130.53914693396862 236.62306192353017 -13.44751537315489
v 36.026434166224924 155.80661653533696 24.549088140172284
v 89.98098335866854 256.23794615738035 46.293974861385315
v -15.169702411636594 484.06135378860114 -18.111725491801586
v -4.426053776515751 548.0416740958146 -34.88402667008047
v 16.754903192595236 545.1306020181011 -19.22830469964996
v -66.49031883149635 444.5824285191814 -32.68968871259314
v -16.08718450613848 523.7192619503952 -49.0889868398351
v -7.428785008708323 417.82480525219535 -35.22018748005544
v 23.85196488673293 508.4757542046975 -29.370937291092762
v -46.63412965188815 172.25464497964214 39.131592108508734
v -0.39870964407216847 139.18223343496248 76.46165964171642
v -55.265567434115674 276.58905569962633 148.38921742176447
v -96.0186710507851 311.3763726602389 80.64952422314742
v -66.52830623266266 344.9712588092474 30.795155078407348
v -113.98587639876239 349.2590386097826 69.18949405039389
v -82.91128113513857 465.0883787260281 6.692332662935332
v -69.15049759421761 348.07359139750326 53.1558399125347
v -41.80598916031244 333.9313897560901 112.42864638801635
v -91.43740173399918 464.2925863190899 75.76495174347885
v -91.1588462318961 467.844046945647 20.316224398575432
v 67.53804176811158 273.1903331486259 26.86801623171709
v 58.87461459542823 276.7587271262342 96.27627575491357
v 49.77878623121367 399.5791382676973 45.41276477453277
v 11.439578035685022 412.7599310687208 100.83278333108257
v 3.7976380760275474 339.823858005794 94.7713570331964
v 62.91172635836865 319.7023061316783 54.13671178141917
v 28.0120217894006 432.7639256875346 54.99308503518893
v -31.73682398683443 457.11314584326556 62.68618613716186
v -67.8714288501289 270.21685923178364 30.41195353185098
v -124.25110096067894 272.239136883593 66.17913095969854
v -91.610949809157 417.35348739023283 7.6667764994103145
v -124.25110096067894 272.239136883593 66.17913095969854
v -171.01969305924544 435.7276000375823 2.7982139681267926
v -91.610949809157 417.35348739023283 7.6667764994103145
v -41.165891594774145 499.3144358236959 -35.2239913827791
v -1.6281464848462053 484.2854672529566 -32.27078304516049
v 6.509220271598636 544.105026665635 -23.781009546415074
v 6.509220271598636 544.105026665635 -23.781009546415074
v -17.252904692972738 552.372969980315 -38.80653090364351
v -64.25571723247138 294.9377495472826 -41.376103566387506
v -90.74932008277713 300.3613967595138 -90.54790331622748
v -64.2901424347885 393.80137375959265 -54.80577626566249
v -73.73666669440082 395.3757623987874 -106.02199186490277
v -48.82876797923892 182.93301890215537 -32.285008374161606
v -38.45954739202665 317.6401919267309 -66.99342896619181
v -35.644964439662424 169.49148628655382 -90.79094008197934
v -4.340616736825057 299.89537291639436 -123.21441192326584
v -88.26145036952703 303.87591189286843 129.22316085635208
v -44.25378296318956 216.73146195299043 123.71640505753165
v -34.57350055063804 230.78240747526877 86.41874696326069
v -88.26145036952703 303.87591189286843 129.22316085635208
v -66.06880135423556 327.5973027146708 101.17835885896457
v -94.78686362739623 371.24997987521914 127.4932181741309
v -51.28095938464788 259.8365648524968 121.54959318206066
v -37.91639654655156 274.4910660691149 77.61838867908388
v -94.78686362739623 371.24997987521914 127.4932181741309
v -65.9457107228557 394.7025584423636 94.78572785385012
v -75.3893016830204 373.0912846843089 108.58309550548164
v -57.43028610710084 247.3044019984448 108.27101121737263
v -17.33562608403484 258.82903046495335 89.57510858070194
v -30.888598265610344 383.2492678184209 110.29474378570798
v -45.31034334438054 339.05217028039647 120.16568596907489
v -40.0041172823568 321.33977244219443 82.70184824785849
v -62.95807248964085 419.7977847001684 58.719346842427896
v -87.64896805830828 419.4431605301504 61.94030675362414
v -54.56246728972187 321.384677736778 83.25218215702087
v -120.75522753197377 391.52483301838555 47.46786722048061
v -90.0898298879308 292.9684496301366 72.38561243522824
v -143.28568939148911 359.57621777151513 62.64651384879285
v -97.44142922829455 283.98145840862605 91.73417654563123
v -123.97163496242734 355.4156446081447 27.81198015363198
v -91.01939952279639 264.8019415187085 54.85907314330574
v -10.677574891743697 479.79906788022504 45.123475743091014
v 22.12189548597561 381.45110363096705 66.22657062500481
v -43.184649287246344 468.3139005045253 69.613972986777
v -9.333185675575978 372.10028941237084 94.73045041241984
v -4.428036980272278 319.3968675267978 110.78674023545634
v 4.473135579289414 216.1749516885112 90.55880111033522
v 22.41428677491316 311.2833330950399 138.4776877606009
v 39.40514222843441 216.876840966893 104.36811785059652
v 24.21795617877029 369.87852862500773 65.16723182257705
v 59.14061557589554 270.21526351688414 59.18547393768792
v 72.38625072118805 286.10509211622826 18.95588331335173
v 40.17477899085819 387.66954827496386 27.971218420764593
v 47.84397252901333 344.39026840089815 45.874700771542045
v 64.55029558947706 240.89867674459623 33.53605589528722
v 100.75840424364947 251.5341728691041 38.77022604304036
v 47.84397252901333 344.39026840089815 45.874700771542045
v 100.75840424364947 251.5341728691041 38.77022604304036
v 79.78277882253091 347.73263405627154 67.21643012339675
v 41.06028342810203 227.06050572432872 -10.612193993696078
v 87.205978829091 225.8820233382578 -24.95584994789184
v 94.9264135886365 352.47603739340474 17.243052326788114
v 10.874077795058724 469.9307914793961 21.712855091245157
v 19.497032475283767 363.80163327915466 31.190336219907746
v 53.58315828278309 366.40910651740126 15.262820589260793
v 53.58315828278309 366.40910651740126 15.262820589260793
v 48.52520668600488 473.8468635739304 22.908545385195517
v -5.310242922287288 435.97228883758305 76.9625404688317
v 29.612427621375858 336.3090049563431 70.9807919705008
v 42.8580439935519 352.1988711019201 30.75119313292616
v 10.646580476460494 453.76334603377217 39.76652002710057
v 80.82081013777125 400.46541709599535 -2.9834283618476447
v 77.65348971359373 294.54518490888944 -29.889058879041297
v 39.32718686231478 305.43605173666646 -44.713189282755216
v 45.24775846736638 412.8659991767463 -20.914692578353282
v 53.65963526598112 401.7733776663232 3.3637872479093356
v 56.79953286028284 297.1999100812777 -15.023626445785283
v 61.0874487659124 309.4960573151356 -53.44588456191416
v 73.6334380202406 411.23311350664756 -30.097194074645756
v -109.32056922612229 455.95026391697684 1.0147178912256647
v -116.29465058093935 362.83887277437947 41.04090487863135
v -79.98799714516467 432.45660977100766 -18.327314787962305
v -99.96988641934132 335.3832274910033 11.078829136420422
v -107.1363452851303 210.00914686308133 -46.277487371850206
v -123.56802234499474 349.7896795197735 -94.42727396807334
v -44.490953130046215 335.0690406138503 -87.3249346815695
v -42.170356577775614 211.4834184721699 -60.12266076455905
v -9.85361694350956 198.62524167759213 131.83209839768298
v 9.133920190841195 136.23000129940004 65.92878206508367
v -28.70593718656405 147.63328972763904 48.99151681915043
v -45.05802327253687 214.45800000288355 113.6992484565795
v -71.35696767822026 496.53244769479346 16.30144795094888
v -57.18871833771233 399.9397322887511 56.58269397855744
v -104.18859053784469 473.28881391390104 -2.6115537511082145
v -93.09356606851414 377.7758530744418 40.57487634223277
v 4.932575338468777 413.21660589984083 4.279554242224205
v 63.71860898385837 399.97510084017057 9.262904407471185
v 19.98677028445747 510.5911465141717 15.384385904927893
v 19.98677028445747 510.5911465141717 15.384385904927893
v -10.058446897296456 517.8843145295391 -10.27028978340269
v -62.53571022213914 481.9200545784057 15.986993556886208
v -38.333244211091774 543.5968384029359 -25.456756588042253
v -43.53796872567004 469.1765627523107 -11.122197382093415
v -12.002520439193006 530.0462903000239 -36.88414735118236
v 2.0700068337710826 138.4887169665239 22.455944320348305
v 22.904258074722893 88.20672673503245 49.94646770747628
v 27.86822206392063 190.86828381996455 147.55094145226667
v 3.964788625090141 239.3735675361213 111.97086394302488
v -11.367268684342152 111.58568652596061 -20.61895028812679
v 44.22179357273372 198.23190734142395 -86.77164400656393
v 33.975276421374225 111.67390140022819 4.7761712252624395
v 90.69656762551135 191.19046804473157 -47.75492225106307
v -77.63337431930182 311.3231508750615 -64.5602875807154
v -4.510107472186952 291.683448581245 -80.42805776821348
v -33.74111464643103 425.84062561275454 -76.41326724074958
v 32.08011858106598 406.2425057719073 -64.2596408138125
v -106.73121204526406 393.9930097324642 3.242821498649327
v -87.2058943500669 386.87615882693314 58.530240546999956
v -81.6231449757974 495.9328719011442 8.466501874247875
v -73.89167162377065 491.3816677303765 -36.580306807840905
v 20.02172582731472 348.6212782972441 -15.302100988823598
v 78.04823203349677 337.69172007643334 -46.722874866695854
v 71.54636026367429 446.3840469600648 -16.22433502843061
v 15.159953297592525 459.4490096325011 -12.536771654144047
v 39.82994030779741 408.7459008524737 -18.247476243597315
v 22.737641972819652 512.8956591989112 -10.926339804656862
v 27.038558261601008 404.9782865629422 32.88801730148436
v -12.5395007959501 516.8161992951641 17.225342238043236
v -20.906193049873895 486.3992826206478 72.53770283826694
v 18.906264793215776 397.9807575856607 90.16149626003477
v -33.74960009507307 458.5949454720565 40.187849773196724
v -5.465652646980887 366.42029529481425 70.25701793160026
v -61.85925851656696 220.06920942171354 37.32403666954341
v -101.18554896257055 366.5463755449911 12.564858583014782
v -122.30079943739524 221.11960283414587 8.44620168209076
v -156.59508742685395 375.1507331067183 -32.71954735433023
v 18.25030511758459 256.5314638333058 -44.80395730086199
v 42.02493532436101 246.27880787286233 -99.34626226350079
v 80.5345388848012 343.3930029080609 -78.23734771548294
v 80.5345388848012 343.3930029080609 -78.23734771548294
v 38.90039179268785 358.7200885682594 -36.38825782640713
v 57.3489891262505 465.73608879029285 12.891040308268991
v 60.84412101685532 355.0199824055349 -0.02529966190281346
v 23.57871513667069 358.0509020587591 -19.242842131712305
v 23.02600877491508 469.81999254602147 -9.33558570118401
v -22.41365787551159 483.53713328444115 14.120403706558108
v 16.901385127090094 473.56109919510493 10.32686843646793
v 1.224759218143666 545.7175622774861 -13.64792425801435
v -24.39562260635256 550.9501554834561 -24.752497203706756
v -64.3043349108358 324.4541573712206 3.9407716492029627
v -140.07448211429627 329.76041628619816 28.58156294334592
v -80.70970144797498 466.90302570973796 -19.667582718406138
v 2.2350801668298526 138.4726377922719 18.938904202829196
v 36.22640774944636 88.22605365843285 32.42529752686268
v 82.68444556889573 181.0858944269616 102.05020116070125
v 43.583779823123 230.1606981773076 88.30204723388192
v 81.14157699224518 239.3460649205005 -16.42452215585183
v 41.597457382622665 246.92120514516756 -57.30926990509033
v 67.9065158048014 346.96398757574127 -39.665774097592816
v 88.26758917861098 342.09863407405345 5.114157134153712
v 27.147615988423507 346.2174558264064 10.278220251789243
v 92.21369825948881 332.4551469697727 -2.3962860912319246
v 61.14622739356334 446.61615777203417 19.082507983906062
v -21.692002852132003 277.527598884162 -55.80855166818213
v -45.896909368319776 276.8736749183475 -100.8251614457979
v -5.693973049404114 362.703556150902 -65.316384232889
v -16.071338822522502 360.1828147107222 -115.57867207865077
v -14.58291111029978 345.95590876782035 -68.59125584129274
v -73.16390360434225 359.50349071833097 -38.509763131930136
v -49.88633272216076 461.22107918806904 -75.75827790057565
v 13.434029235614567 445.94685862383506 -78.99696432699369
v -64.61939943118358 355.6715597317914 -81.71722644896019
v -23.17897916778805 451.3750301571343 -105.93143973763534
v -14.533878076733567 456.8532132726955 -52.06394852615717
v -78.9393026997724 163.39822078314353 -31.40281973861334
v -90.05011536004976 307.5014700101117 -110.27754761102632
v -13.867397242643703 293.769179366705 -94.32260445722446
v -17.844316527599425 167.98364834522638 -36.57046500153429
v -111.43169065160076 397.56001449945404 -5.489173015271585
v -50.9321126412219 372.86146419254817 -45.90780716242753
v -71.63448596563865 491.538235521692 -38.894935855715296
v -4.719957767978428 465.700382322777 -49.664218594708785
v 57.30347370538186 235.4981016925001 91.54430524570736
v 80.92502909382497 227.7601422287348 33.994044844559795
v 73.32646471308911 334.41213172251787 60.75790078621211
v 29.61796569073294 349.84813900444453 110.0680771775133
v -111.9483174301508 467.0446876465805 20.69640582002054
v -106.54135013189841 386.09598565289355 73.17721843719482
v -88.5050691018893 437.7839321226586 -3.0729042615477495
v -98.309141444409 350.79850925235297 43.835907470522905
v -34.83342138801034 490.99272630346104 0.4040077328681946
v -0.2241812969051947 482.42170979657516 16.68919376500948
v -11.100643497752392 559.312790397584 -21.747742581555226
v -21.705017315121147 557.6365763746848 -40.53099887577568
v -94.14425046425167 455.9334056583915 -36.865503299893355
v -28.95339502124336 425.2403364406796 -27.39998768633745
v -32.80742900578056 531.674707968404 -59.04956596104179
v 3.2283421459160455 518.3374975609968 -31.603649845273477
v -19.30181670376635 480.9572940736305 -28.220119438772127
v -56.321503609184205 498.29329092671554 -20.765500275168833
v -17.40562751537233 549.6319823377714 -45.00415850812056
v 10.930043975199302 539.2505240252638 -37.526068255657286
v 90.98086770125262 263.5116276778574 45.53524058634841
v 61.13807516773855 391.63514385073205 67.38704489910697
v 61.40924344851276 392.0369636355423 13.978324067874219
v 59.38891820081576 270.09558489942174 -7.0963236759966755
v 42.903676746398446 240.2243839474175 58.486639984010715
v 97.86277305422806 222.2629231730784 64.44297906920666
v 74.93782231188196 331.35245165486975 96.07060687748466
v 30.29525514662735 351.31713536780654 72.8897644778875
v -43.752845816724886 233.37553805253637 -86.81628647751695
v -6.690542763612402 353.73991868627354 -126.38999721196693
v 45.05224115266575 349.9842440988135 -55.485536733011564
v 29.81827015013207 232.16591106625054 -41.26468042689046
v 15.63423848527623 38.55525977968231 2.9290907495603786
v 2.9092475654572016 40.81905357480988 8.621151287724652
v 1.6164006738681493 13.468862753214799 9.887373353552631
v -14.215724205407572 42.3200674883024 -0.7733200332076531
v 18.543631542386034 371.66865791861466 36.16052349721353
v 45.34547723184421 271.37029828049066 36.77969373117282
v 79.84495538426197 290.4036852318471 42.41114526283084
v 18.543631542386034 371.66865791861466 36.16052349721353
v 48.498337663064795 386.0082401065376 58.32458574940839
v 22.917129392698996 202.9804920587014 79.78367993212122
v 84.97065446508212 182.7632911561981 51.694033652778685
v 73.57785082238865 302.98024650633806 103.27146747919518
v 3.1153405979862363 333.20190399650517 111.26261996471976
v -27.116999382109157 335.5945752361628 70.86319247568686
v -62.63668142904447 458.08334050216075 51.121979247866655
v -86.5211355404591 347.242730809009 88.86685521583858
v -121.50573918199915 474.66439524973475 38.74263425511638
v -53.80886746203806 378.02609871691607 12.688740031925713
v -118.21601334519274 392.42898385355795 -9.097966739511866
v -58.56368954726092 484.7865217313992 -23.018607473748876
v -106.42555754954421 492.41471478319545 -57.51682078744483
v 33.40724415666475 113.59999498983068 24.21091860673559
v 9.93043888272263 113.45814532182348 -24.586338696517345
v 92.71019087063047 199.0944006311612 -38.997345552669735
v 105.31184241527647 197.9496723084938 15.191616505149781
v -90.24170440013015 344.39499922624725 114.81408059127688
v -51.3887170731552 254.27748837808926 130.1264762878418
v -32.0160177748973 260.4920845332108 96.12896311001515
v -60.62348996560405 361.11700253223813 92.44568704620121
v 25.083227889744318 473.8140481663501 -16.936893303563277
v -15.169702411636594 484.06135378860114 -18.111725491801586
v 16.754903192595236 545.1306020181011 -19.22830469964996
v -72.94859473160872 204.95897202979862 -37.41046340446773
v -110.73876553633082 191.17597519882082 8.56370789798226
v -101.33308688486656 349.1274390633651 -67.74569590260664
v -170.27073957788664 353.4893351277029 -43.18226510145533
v -78.44786475023886 337.6635604017363 -23.039077210614064
v -82.84813775790958 338.3616199643593 -79.95165239168904
v -70.57146763238381 439.6286160927119 -53.62487214756763
v -52.05585261968177 432.3084523358683 -100.49524269704744
v -133.09092033566452 405.94480169101024 29.625195687211406
v -107.70556494945616 506.5437001506175 -25.253765226349117
v -50.40694878795954 482.01009044497033 -6.717495678916691
v -64.74293123080037 376.37316335843303 26.150366922063153
v -67.06772826787994 137.9044224896769 36.92212301915086
v -181.36797927496002 325.3063817662517 -13.262400711615255
v -35.35350476662944 171.7724387101301 -18.55061396839112
v -108.2459866531252 336.91680337500384 -43.8141400419821
v 7.690528011697484 350.32944416436624 84.9982134000523
v 24.39683581900409 246.8378712811808 72.65959199019305
v 60.60495620637428 257.4733486325722 77.89375275138795
v 39.62933078525573 353.67177227350675 106.33995213846522
v -75.30200199818049 413.1954673707016 27.052785937241683
v -45.3713043468205 409.5425192765364 77.13529068653978
v -49.92081424382728 517.6801005686362 10.267108913481705
v -49.258325043625725 510.85149209330405 -31.099683187139316
v -67.11029630946362 164.48426434374232 62.367423312870535
v -164.3524770661602 326.3263627300112 22.561667472358764
v -64.81271090469961 180.70224701888918 1.621343870097258
v -132.41688097555806 330.9686165156327 -23.587491568617935
v 1.0916886953857001 301.89149961696836 -66.02942474245087
v 74.77829306144415 282.9815834526002 -57.521772196912394
v 85.37054061889648 401.4038476418323 -23.494444963500257
v 32.39484518531739 416.3666972963829 -52.47322593148299
v 3.276723400344999 170.48169308760035 -22.71091374825305
v 52.19758026243195 132.45701789855957 -39.7274390919002
v 125.36591432225987 234.34946856160803 -41.157800381577864
v 125.36591432225987 234.34946856160803 -41.157800381577864
v 69.73522854602243 273.5034499581405 -32.77724183450534
v -64.13288473144291 389.67553086168186 129.45211778475544
v -23.843554530556748 271.7344779667892 111.90512048916554
v -98.92650476590855 375.85265993133305 95.6033064624456
v -62.03889377473846 254.38627858800214 80.87968263100451
v -9.723919348453913 418.2934948778528 -15.718610737267442
v 38.53393821265754 410.21932767132137 -52.55776596820261
v 45.023931293036995 507.26736624409835 -22.597622683667762
v -3.093831299796818 515.7513881292869 -19.34029455260029
v 21.857098331601602 114.37174842113585 41.310458671389604
v 25.68776447941938 112.33383276331143 -14.373221265988088
v 105.7358050909568 196.81177740021954 12.812960570252788
v 85.44554860573116 202.2918753736601 72.41506745496135
v -74.95473219653753 384.184431841993 60.55753062090536
v -19.352907740225003 363.8055005411464 102.0534395232914
v -46.446069957703116 481.7737744549128 59.397797884903554
v -71.85496213867908 493.58394202284927 8.925174868951633
v -45.22177647417925 198.2684022798313 82.16197096456693
v 15.82537931720103 171.42761410690667 104.18821507551539
v -27.36715115900115 309.4485613304799 161.8778987193671
v -83.48547567532758 342.3075037678396 105.11609512989915
v 14.325729974611539 341.1641458826741 113.01279067993164
v 38.850682926928904 238.13715131264036 93.66370561554676
v 51.838966805165214 259.8263147309071 54.808047812754715
v 30.306361791655775 363.52270231472227 77.16883824566219
v -59.89495694167971 130.7318623610369 -33.07045914056733
v -124.2091242722639 288.8006675900437 -92.47991043751634
v -104.25256931875634 305.6220745477151 -39.10874757241076
v -38.88571121561246 161.4822177436408 16.53984775693398
v 47.67198262252207 207.0318995498297 46.773510655080244
v 91.67831713759055 188.4461575605738 -6.359159125117805
v 117.00471555154155 298.1136164327306 40.82812568334144
v 53.056595832344115 324.20034483661806 87.39501472533219
v -57.73569655230665 172.8502971919503 37.49099303418257
v -23.09699227490763 153.27808425182434 89.90017447884628
v -113.64945276515691 308.84243371918444 109.42953778064158
v -131.37162201047883 324.5972836111474 40.24682082529143
v -73.44741520919199 221.4298098106084 61.195366025909664
v -29.519660266365594 203.66009764783965 114.94786720576249
v -94.71361092695102 359.04816755159635 113.5374898985615
v -114.72002727778879 371.30746315783404 46.05111174696074
v -29.220433216395342 311.4421536603312 77.19655205884318
v -62.26806659398117 449.1862725085161 111.53264308538964
v -51.6950239346722 446.5469976109783 48.68951838786208
v -4.1272805079700445 302.3286879531981 145.41023359523984
v -29.220433216395342 311.4421536603312 77.19655205884318
v 92.95073081189254 356.14644448588217 -46.69403935980609
v 69.42130449249989 219.67465483297514 -71.65021314395695
v 22.736534358948237 229.40639435775637 -44.76367488620788
v 45.78778124231054 368.17685825618236 -25.225969280783588
v 29.751214924759754 465.54955910509966 16.63384592439246
v 38.72760402874684 358.8471825667254 12.435048349260345
v 45.79397167746477 362.3603084894616 -26.48197055801632
v 52.09823762337993 469.1543353824165 -15.712950642653338
v 61.84782099536085 339.4322507963406 -5.850964409159864
v 33.02472313558023 347.7120962668592 -57.2109410143274
v 44.23251771551418 452.6804000373901 -38.45363620697983
v 40.3724974534643 452.9897059042623 9.597075267100898
v -96.19261336138868 394.3995603426235 -54.28368651022123
v -35.18065129678081 479.0041765828771 -70.01353530433235
v -38.96801255819366 476.865881071316 -13.37049748953872
v -62.336489910215846 375.0125629695382 8.45506728634121
v -99.12930135651837 493.4634561613789 19.769469114739127
v -80.52709534412294 408.60675451323743 65.02724069309986
v -74.66816996026228 473.78446173480177 -7.796301616458442
v -70.77362124375472 379.9086668359952 32.54253563918467
v -1.5528099684734045 303.113479313888 76.29346659803015
v 54.31677882126936 284.389003993958 113.33300372746986
v -3.2926359631883817 423.70285574845445 116.08032729682022
v -27.300560568261336 437.0482512346403 58.63311253194734
v -40.30281633842649 119.28833375765583 -16.697025674534597
v -22.55799498145036 115.51145493514895 35.410694719299556
v -123.51039826400637 245.90796373021885 35.87149494276272
v -130.67804922269084 251.25015439010983 -22.504308561640464
v -24.384778784954644 159.04159996453234 -23.150246913038842
v -69.37137738926205 134.85052454189992 7.601986954531332
v -75.21076465216208 298.7945924593708 -73.2039372752032
v -148.67761003689503 293.8433894960899 -57.32212479658953
v 8.746146803765786 300.86530475165904 -41.058040040684496
v -16.54187290687261 309.63978429478925 -110.39461676530013
v 37.28771772910291 416.9614671722172 -92.13303017804003
v 24.206511617645504 419.937832148995 -29.85661189387164
v 90.2626458115465 187.37991963784526 37.21701347921777
v 48.798716913058065 208.63228895532805 2.2536237526127674
v 97.4816600168784 300.65431369571235 84.38993626692164
v 72.0929583226602 320.9982519074688 45.56219408831259
v -74.82708439113587 479.20572476124204 45.060205647325894
v -40.09854136489508 350.273199907438 79.74146857975036
v -90.95823670935444 370.0282630019301 30.36192552311214
v -100.19468510244775 489.52177753598676 -9.426906352906716
v -42.19965202601876 372.25467952217645 -59.37107435361607
v -9.801862394715858 469.08938039944866 -60.452091412281426
v 35.93683712125763 456.84562893364375 -33.128503270036596
v 21.879384367484747 353.0302573376753 -54.6904248515452
v -8.320363135788385 208.86244736318514 90.70298803134227
v 55.2039352927621 188.28408924613413 98.66461979122613
v 12.49545671808438 322.2635599571889 150.85415577325296
v -45.62475080565205 349.82478524756243 110.31758128188727
v -68.29388967649204 368.06617196150654 -11.191121705873746
v -55.349732008505995 467.65211060291205 -51.056343739426985
v -75.12059268050307 365.1623463067483 -67.0084286862471
v -38.19717900959526 456.4798159862128 -95.42910132821152
v -38.00631977441743 116.6265686665933 13.630231769066159
v -130.5729854763962 213.113450628566 -53.24337895460955
v -5.999211603262293 130.77703047925093 -28.735030823805204
v -83.75566775404563 222.09383371308095 -93.65768883171982
v -67.48969160665678 217.7252168730488 -24.888599951436202
v -82.38864695931983 345.9907892182118 -60.02616694593054
v -81.32285959138645 205.01745028758614 -81.39502345107672
v -82.1117247183492 338.64276615653455 -123.9486097350834
v -52.263858750110536 306.2083214286744 -107.20323389909399
v 7.427635155324861 414.1872886597641 -102.46110713388038
v -10.571246306727252 418.62821954441824 -38.45295802814754
v -91.70765951862485 250.6261923181729 -19.021814498375722
v -90.77478581526148 250.11430575153022 -69.27249938484252
v -113.39431672584354 364.64319454403375 -51.13019717959907
v -98.22369560481995 360.5927820280781 -97.71351739177554
v -111.98984356377069 288.0810001703698 57.011730088962345
v -57.16230456284651 270.76208685326765 98.90479365671715
v -96.09074104489304 401.04115103173444 70.95938592445194
v -132.10480607400729 414.3913899819682 20.192103592429575
v -4.608239538556948 167.04576221976694 43.4508098392036
v -41.27550312853235 140.6593397846372 76.70425523923139
v -51.16086775862326 299.1168893228366 106.93743472962868
v -103.17701993026134 288.4512998926358 123.7713258097491
v -5.701973916977409 388.3735776886227 98.80716406454252
v -50.039361781022684 519.1215004507951 30.360620791517846
v -13.68513844144626 501.5043574055349 4.017844678848747
v 9.447142012475982 377.40301898145304 41.46816223625123
v -30.759863966093288 117.18770650428111 -27.06968643533902
v -5.217050238857119 222.69808401272994 -107.28844507472722
v 55.29830774923009 208.40263742161548 -85.09532673152414
v 21.328510731224 113.80606748926358 -22.201643684717613
v 33.501778531262254 291.7535849443571 -40.77583316742905
v 95.99247316675863 276.75516023410586 -12.14888386839018
v 82.24724784610778 399.7641661035733 18.28309588544951
v 47.99475820045772 410.4942411888303 -22.437713277621533
v -71.64175116171049 281.5628427220142 70.74876094427634
v -38.98357547174289 262.02641134186996 127.34376539395551
v -105.37047085799571 399.4871875432533 114.45448154539574
v -114.40419775294507 409.9397584209292 52.62476252758597
v 47.198853154820725 362.7770341287448 9.990120966603437
v 41.06028342810203 227.06050572432872 -10.612193993696078
v 94.9264135886365 352.47603739340474 17.243052326788114
v 57.014912132203115 245.67566518708477 -58.36445515550028
v 0.7308143242372303 258.64375857856334 -83.99658315763699
v 37.98491607500812 357.18463537261243 -76.43441046316794
v 78.24333164635605 346.28856839157464 -38.52428883079469
v -84.18725231501061 310.9615243326022 -1.6257008464317624
v -99.06999708160642 307.3084448266217 -67.65432714477299
v -92.11466068357933 440.6486346027044 -53.22572753185363
v -79.28520675719254 430.1174419132743 -108.22101840822715
v -3.7877994963503263 359.63719285379244 -67.03139759424165
v 21.05163307640496 459.84463428887796 -55.27919671666904
v 43.39035101762907 453.360963055468 -12.158668182027622
v 48.116309436287466 344.1316499484806 -33.71562310091154
v -74.45526404643623 177.3220159876065 -67.65272204331526
v -55.8130102833425 317.15884922057626 -114.25724179725948
v 7.943291011757738 302.5885829775352 -76.5664699509388
v -11.619066628884143 174.87531571876346 -55.291291296951414
v 2.1249500257293072 138.3170274298961 11.300591267938689
v 17.937215294424945 82.34578793443094 -28.26965230656421
v 73.5860452877255 169.05091878936048 -87.82563247079925
v 59.160092684227656 218.24737233439768 -47.522863065163925
v -91.15251969164751 427.1120161522092 59.05749760274812
v -74.34966057304322 526.5467185673751 -15.890923306697935
v -25.158655925059882 503.4613046120471 -7.029173998382148
v -32.469639627952276 397.82700576181486 40.8791885601254
v 66.76494136570007 345.8837449081301 39.60446579249825
v 66.28156646968812 208.4066736416554 6.365994299490621
v 66.32129038412741 234.53064790860876 -47.35827445983887
v 71.83603883728269 371.3918295432264 -12.258301804384848
v -85.6702064904641 342.11511687030946 25.34932038915439
v -124.12234554140588 356.32944482517996 -24.917289966673366
v -88.64457213033842 435.063707546925 3.174465941631888
v -106.8514256965457 441.7530194980892 -45.16630191502609
v -122.60498024347261 270.2271468996063 30.17787623593188
v -102.10611688809132 272.0392219663605 -57.24926633159007
v -134.76129591934324 396.75502326544813 1.2926629737136872
v -73.88050161947416 379.6259812482699 -60.40172783408578
v 12.848575518825863 254.97016005628691 113.65272867398
v 63.9022288359995 239.7200441735936 72.30712203528938
v 37.81914007006668 351.6992433803288 98.58766878683737
v -22.9004729451157 375.68373942938376 116.82315135565331
v 107.25432493555265 258.1731916412594 -1.9925835681712534
v 95.95210157980131 380.88884879284956 29.96628444025836
v 41.74674120474988 276.3319390965259 39.549423015023784
v 27.25045512041708 404.16526043508935 45.17430864919828
v -49.00087052442896 295.53159954041007 -78.03971373190092
v -37.905787389109456 389.11245000643993 -83.02599426329606
v -97.67934093325157 398.72428563636123 -78.21963058681939
v -102.84430398715763 298.0040002056933 -56.39240028351311
v 26.91816157243383 346.28462603711705 31.585693359375
v 82.8825582669476 333.8461973535733 49.46840560342383
v 33.79709373308918 452.36095668762687 55.31805706775095
v 33.79709373308918 452.36095668762687 55.31805706775095
v 5.5023106768375305 461.67501314418524 20.113096931787926
v -46.03082270134153 371.60997315654606 89.96398430170976
v 22.243460801642712 346.1917366568498 93.94415720241277
v -16.105915383091123 465.40624513400826 68.78837356417198
v -64.13753577104704 487.79502628356454 36.651710356314354
v -19.309202751775427 213.81687930249794 -50.22858540842852
v 16.49630468661391 331.46467734509565 -66.70796965050886
v 76.66257422740065 305.18531799316406 -93.02183399050254
v 24.90445619493019 193.12032564418524 -94.26234275337279
v -33.38721324139693 243.49847177820882 -42.2023037287194
v 20.66044356879287 221.1712101313073 -91.43674467492292
v 56.008752875440706 336.3221085916354 -105.48246188426582
v -10.663498574354518 364.2494847455363 -76.96050358569528
v -4.577001659419593 304.08316709863857 138.2547194563498
v 13.350303482821607 200.59585571289062 112.9173575423834
v 35.850182762296186 225.21291192122334 80.45608603109525
v 20.265452505096675 328.1176184106061 109.40843679773526
v -119.37916748167024 376.0429442398192 52.67753845124733
v -76.48758062227505 287.768803243562 76.77448077464668
v -149.56012485534188 340.3712069894385 40.16008433394545
v -108.95555413614109 251.36260535773332 67.93998357817883
v -28.500359828077904 491.6693094208485 22.771942803240197
v -8.244854141408064 482.3894951287217 -6.08297724892774
v -29.167213777857505 564.3543483704094 -28.97559657810241
v -2.7830928094743745 553.362350764237 -34.505788266189455
v 25.899433714198317 161.24608948474796 44.83996883152038
v 71.23577313160334 141.83817885992096 -0.37978575601587145
v 113.75989500931868 245.32742387666477 56.31283512265664
v 48.43945108999418 272.912472251832 100.97866921912967
v 19.582299970266387 161.51938851424092 -25.323948522252362
v -19.31937543425973 155.02387144434172 -73.5360712516965
v 51.33730689371665 263.5909628680372 -112.28249767633874
v 76.29616992680107 267.04194977527527 -49.14751203041377
v 55.99367336964044 241.64006466001976 10.340909554263739
v 113.17262499351202 223.7113442007951 -8.844076765803841
v 117.41831546693336 326.01502936656084 20.452458558120128
v 117.41831546693336 326.01502936656084 20.452458558120128
v 59.20829735402986 347.29157845805014 27.83561785390058
v -21.13212515988688 428.41186673622434 78.46856211114118
v -40.18551252019687 533.0327552134597 13.15023603401785
v -58.69355258040541 436.0629254438746 34.944131149081734
v -44.575802923187496 529.1556185624731 -23.78275544624629
v -38.339326700826334 473.0431489118441 38.675158981263166
v -3.917763141665872 457.96127769890734 18.6544715419529
v -5.81132556040456 529.2947649017094 -10.82916663387629
v -37.993917784352945 542.6427135317344 -9.876137643348514
v -72.15505509864627 264.29334024744713 80.26879603468527
v -124.7649493179922 279.3732402831551 18.62662397031709
v -123.08398569662741 424.0715973020539 36.19792658512986
v -143.04864124988947 430.16103308970537 -22.042114434279796
v -41.97253486302894 184.5132084343377 37.394386576855275
v -91.90038433225136 157.92105141587146 28.328682024647872
v -119.52288507476567 333.6034609576849 14.779951394073606
v -182.40012521818866 322.81545203501787 -14.724855817209079
v -69.56297112262155 203.1844431959738 6.57061129573762
v -114.97363330811028 351.4425022395577 -28.065076963169368
v -114.68638585308406 193.73020787877363 -34.60710208247027
v -157.4810658852885 353.47225159172 -80.04696350398027
v -12.744949089260553 359.58199989138626 -27.06716145117452
v -6.513305771069264 365.62044789471963 -90.46475718340537
v 31.948793591476804 460.28606534942867 -68.74199927322508
v 31.948793591476804 460.28606534942867 -68.74199927322508
v -2.6154042932930897 465.6713966309555 -26.266021052683435
v -30.981543965227022 271.2921645697646 89.03480890228992
v -81.64608572411726 272.6242673678661 111.19717688072386
v -82.4659171066885 399.77854631078526 84.9702977758693
v -141.98042276337392 411.38130848801984 78.76044183265506
v -9.907174298143763 414.92240635428846 58.41525520865373
v 47.62699754219356 402.1211684219481 41.40571346433144
v 1.829609597527136 515.716244855265 18.629450497664806
v -39.10719644366287 525.1561187383697 7.537346421264289
v -117.33454982126793 185.26702415286087 -79.50934838122271
v -99.00393448476717 246.0749318280558 -65.26010712300699
v -16.389856422980003 154.27554686238446 6.581416397582828
v 35.67028702713373 157.34248273954617 0.04281678996012202
v 18.754386761057095 146.4601952259935 -59.44873873643049
v 98.09491202587218 248.85738928486984 -67.25833171934593
v 94.66796409426712 259.92723900502125 -4.366199214627424
v -82.4613364662711 425.5669511209323 93.31080857224352
v -45.31034334438054 339.05217028039647 120.16568596907489
v -62.95807248964085 419.7977847001684 58.719346842427896
v -82.18839412599098 451.1475375318152 7.699708065648718
v -92.96171308502439 348.4064387524222 40.3280098607221
v -109.00366963364009 440.1047398724894 -23.74665708992425
v -123.43738022751695 339.0144738625354 10.646298879713525
v 25.616400823818417 471.6515728807825 -3.5278490326535983
v -8.874857636887258 480.4965642493541 -19.781620014370898
v 8.854870721111148 543.913615970161 -13.198647208101168
v -3.452237372792612 544.9720818226732 -34.27880251501489
v 8.854870721111148 543.913615970161 -13.198647208101168
v -53.4498409962091 160.6147120318075 -60.51565249135175
v -16.378143171625815 284.6792363745021 -129.10895460233914
v 39.87311378238708 277.4192029096949 -80.21313374436747
v 3.122133239517062 164.34006803617703 -35.563932629082146
v -33.18009648736068 467.9470362625723 15.245190286260891
v -7.747604152349036 461.9123804287648 44.025206190394606
v -20.291589376494642 536.2849348173366 3.168384038557218
v -24.52479338082742 534.7231617124062 -22.10426283633615
v 62.08074843789649 177.94462639515794 -38.042263252528635
v 130.5720280474565 274.91396806371495 -39.008367718674066
v 55.27551249256285 201.52152053953156 26.58370911605715
v 100.31670097291001 300.25547883642 19.949191198574276
v -51.91113066485548 119.00169642891471 29.702395435393328
v -0.20920260494032245 114.26536117013046 41.12347373812218
v -50.747141124695304 230.0620829965186 123.73842592314473
v -109.94204386012761 244.7609638604592 84.51173624654454
v -41.34955837970644 -4.067135256106459 26.564318833388683
v 1.826381208155099 1.9877398107934188 46.47277002259502
v -22.39358472073172 2.506825280940439 12.723723734457662
v -43.5741163614228 -0.2703146906349603 -7.8349572232389075
v -26.460433100152205 2.447925801352253 -9.540328242647366
v 1.343409347487247 3.4381862817786812 19.940393646871012
v 31.414426217867636 -0.9009816984492024 12.604377166492734
v -18.93168828618808 13.671248681901947 2.1731646687496364
v -20.334657252304197 13.019095255633978 -18.73882267418809
v 1.6164006738681493 13.468862753214799 9.887373353552631
v -14.215724205407572 42.3200674883024 -0.7733200332076531
v -14.567044306927778 48.78573060974362 -23.083731414764888
v -17.197231842776922 78.04068993395708 -10.704311329548753
v -19.241567906432266 71.5346693053959 18.32879786416302
v 19.885454121537098 3.7451877486048724 4.643645049549463
v 34.47848746157068 -0.6047626370637436 -5.376617035527868
v -8.65351555384989 77.2082524036798 28.96667465450257
v 2.9092475654572016 40.81905357480988 8.621151287724652
v -20.010994644615593 94.2271431600015 24.42421640936784
v -2.1161407408282513 66.43434678475688 34.53443369527501
v -5.493439792648076 93.72930827103262 44.357513818215196
v 15.63423848527623 38.55525977968231 2.9290907495603786
v 7.92159750236301 67.38175088026392 36.345049152224085
v 13.161484650739535 77.70905813832921 37.9421767287367
v -23.661347355429584 126.41679583572028 28.336869450066036
v 16.451414645187498 86.22819044458585 29.992440084772788
v -13.367141794970655 125.77916693499708 45.937008745088356
v 7.074592033709128 115.02666736212304 44.58688375518078
v 20.757010133247675 43.93043011192262 -9.856050408731296
v 21.471055004540393 85.75724804495263 11.104697317588986
v -19.514433980926754 167.17482739546168 15.613759361852813
v -15.973249288994497 124.05916461794396 6.3484185558604445
v 24.181623158492442 13.941547532719891 -12.309006818636197
v -26.517768544474926 163.68218294278844 24.72201200920766
v -30.612678039731005 312.7310595174474 23.135378604798806
v -16.324802881150735 312.73956373920595 17.565494681906515
v -34.231247864370275 312.84604485579365 37.66449182990968
v -23.57570205147811 312.9943900220976 46.63912330086776
v 1.7258840224404974 146.20735889344704 46.8580647716372
v -9.283347157981453 312.92939749289684 41.18914679279478
v 8.126056687099727 146.75232369130052 29.23285397957629
v 12.281594548638411 118.20190534816953 24.784775230828235
v 0.9338920715990968 178.41318460900015 16.005119000832867
v -5.653939378543163 312.78919985913853 26.55329901402391
v -16.324802881150735 312.73956373920595 17.565494681906515
v -19.514433980926754 167.17482739546168 15.613759361852813
v 3.272832671957692 151.6824538313498 11.559200333798026
v -15.973249288994497 124.05916461794396 6.3484185558604445
v 12.776590003742008 106.85437307583067 1.7893953820851844
v 3.272832671957692 151.6824538313498 11.559200333798026
v -8.581934247429915 139.61656825748955 1.2165330731727946
v 2.5452476904148194 104.42596720898246 -3.2339717342158942
v -17.197231842776922 78.04068993395708 -10.704311329548753
v 0.23170352334112634 54.772294412447714 -29.72246389689408
v -14.567044306927778 48.78573060974362 -23.083731414764888
v 17.729713691501168 51.32867126014289 -23.634689530049723
v -5.00081033687892 13.745950432274286 -29.459964102647437
v -20.334657252304197 13.019095255633978 -18.73882267418809
v 18.106659096995678 14.18044717293086 -23.018283637489862
v -6.368748081012035 1.888945258743181 -27.047067176638627
v -26.460433100152205 2.447925801352253 -9.540328242647366
v -10.458053801003404 -2.31594199270714 -42.23110638265535
v -43.5741163614228 -0.2703146906349603 -7.8349572232389075
v 22.006921880827175 -0.2544530205369934 -25.99679813610287
v 18.201022166905442 2.3256548805030315 -19.44454636160783
v 27.440591590611017 3.0336637548574314 -9.02023137085081
v 18.638573058946864 13.734233660960761 -0.8309590006907156
v -107.0541565812479 457.9440064317598 -30.58073088878722
v -37.358156808717986 525.7788605577364 -64.27472970617099
v -19.055470002917794 520.585240341547 -26.498810043485147
v -51.92402779586672 433.1604139072689 5.072562361326743
v -14.718322772679366 496.01971633790987 10.987350086527547
v 17.653581664318175 489.9520198191245 -8.174210904151437
v 6.784370799702923 560.3329215462752 -25.661172359947145
v -20.713932870879887 565.1668488510012 -28.308815374149113
vt 0.3334757387638092 0.5072176158428192
vt 0.3334757387638092 0.8294320553541183
vt 0.6664937138557434 0.5072176158428192
vt 0.6664937138557434 0.8294320553541183
vt 0.3334757387638092 0.5072176158428192
vt 0.3334757387638092 0.8294320553541183
vt 0.6664937138557434 0.5072176158428192
vt 0.6664937138557434 0.8294320553541183
vt 0.6664937138557434 0.5072176158428192
vt 0.3334757387638092 0.5072176158428192
vt 0.3334757387638092 0.8294320553541183
vt 0.6664937138557434 0.8294320553541183
vt 0.0004882961511611938 0.5072176158428192
vt 0.0004882961511611938 0.8294320553541183
vt 0.3334757387638092 0.5072176158428192
vt 0.3334757387638092 0.8294320553541183
vt 0.3334757387638092 0.5072176158428192
vt 0.3334757387638092 0.8294320553541183
vt 0.6664937138557434 0.8294320553541183
vt 0.0004882961511611938 0.5072176158428192
vt 0.0004882961511611938 0.8294320553541183
vt 0.3334757387638092 0.5072176158428192
vt 0.3334757387638092 0.8294320553541183
vt 0.6664937138557434 0.5072176158428192
vt 0.3334757387638092 0.5072176158428192
vt 0.3334757387638092 0.8294320553541183
vt 0.6664937138557434 0.8294320553541183
vt 0.3334757387638092 0.5072176158428192
vt 0.0004882961511611938 0.5072176158428192
vt 0.0004882961511611938 0.8294320553541183
vt 0.3334757387638092 0.8294320553541183
vt 0.6664937138557434 0.8294320553541183
vt 0.6664937138557434 0.5072176158428192
vt 0.3334757387638092 0.5072176158428192
vt 0.3334757387638092 0.8294320553541183
vt 0.3334757387638092 0.5072176158428192
vt 0.3334757387638092 0.8294320553541183
vt 0.6664937138557434 0.8294320553541183
vt 0.6664937138557434 0.5072176158428192
vt 0.6664937138557434 0.5072176158428192
vt 0.3334757387638092 0.5072176158428192
vt 0.3334757387638092 0.8294320553541183
vt 0.6664937138557434 0.8294320553541183
vt 0.0004882961511611938 0.5072176158428192
vt 0.0004882961511611938 0.8294320553541183
vt 0.3334757387638092 0.8294320553541183
vt 0.3334757387638092 0.5072176158428192
vt 0.6664937138557434 0.5072176158428192
vt 0.3334757387638092 0.5072176158428192
vt 0.3334757387638092 0.8294320553541183
vt 0.6664937138557434 0.8294320553541183
vt 0.3334757387638092 0.5072176158428192
vt 0.0004882961511611938 0.5072176158428192
vt 0.0004882961511611938 0.8294320553541183
vt 0.3334757387638092 0.8294320553541183
vt 0.3334757387638092 0.5072176158428192
vt 0.0004882961511611938 0.8294320553541183
vt 0.3334757387638092 0.8294320553541183
vt 0.5658131837844849 0.04086428880691528
vt 0.6233100295066833 0.026795268058776855
vt 0.6028016209602356 0.07300025224685669
vt 0.6725058555603027 0.031708717346191406
vt 0.6328012943267822 0.08114874362945557
vt 0.5551621913909912 0.06869715452194214
vt 0.5944395065307617 0.09369182586669922
vt 0.6371349096298218 0.08774071931838989
vt 0.6186407208442688 0.16168707609176636
vt 0.5541856288909912 0.08355969190597534
vt 0.5199133157730103 0.07199317216873169
vt 0.5070040225982666 0.014984607696533203
vt 0.5894955396652222 0.1650746464729309
vt 0.600146472454071 0.23566395044326782
vt 0.5845209956169128 0.23645740747451782
vt 0.5590685606002808 0.15982544422149658
vt 0.5639210343360901 0.23609119653701782
vt 0.5485702157020569 0.23535877466201782
vt 0.4989776313304901 0.08877831697463989
vt 0.5237891674041748 0.16208380460739136
vt 0.5253456234931946 0.2385936975479126
vt 0.49705496430397034 0.16385388374328613
vt 0.47935423254966736 0.16489148139953613
vt 0.4687948226928711 0.08908355236053467
vt 0.43333232402801514 0.09121984243392944
vt 0.430738240480423 0.07348859310150146
vt 0.48854029178619385 0.07504498958587646
vt 0.4593645930290222 0.07406842708587646
vt 0.4769432544708252 0.012665152549743652
vt 0.44123661518096924 0.013702809810638428
vt 0.3334757387638092 0.5072176158428192
vt 0.3334757387638092 0.8294320553541183
vt 0.6664937138557434 0.5072176158428192
vt 0.6664937138557434 0.8294320553541183
vt 0.6664937138557434 0.5072176158428192
vt 0.3334757387638092 0.5072176158428192
vt 0.3334757387638092 0.8294320553541183
vt 0.6664937138557434 0.8294320553541183
vt 0.6664937138557434 0.5072176158428192
vt 0.3334757387638092 0.5072176158428192
vt 0.6664937138557434 0.8294320553541183
vt 0.3334757387638092 0.8294320553541183
vt 0.3334757387638092 0.5072176158428192
vt 0.0004882961511611938 0.5072176158428192
vt 0.0004882961511611938 0.8294320553541183
vt 0.3334757387638092 0.8294320553541183
vt 0.3334757387638092 0.5072176158428192
vt 0.0004882961511611938 0.5072176158428192
vt 0.0004882961511611938 0.8294320553541183
vt 0.0004882961511611938 0.8294320553541183
vt 0.3334757387638092 0.8294320553541183
vt 0.0004882961511611938 0.5072176158428192
vt 0.0004882961511611938 0.8294320553541183
vt 0.3334757387638092 0.8294320553541183
vt 0.3334757387638092 0.5072176158428192
vt 0.3334757387638092 0.8294320553541183
vt 0.6664937138557434 0.5072176158428192
vt 0.6664937138557434 0.8294320553541183
vt 0.3334757387638092 0.5072176158428192
vt 0.3334757387638092 0.8294320553541183
vt 0.6664937138557434 0.8294320553541183
vt 0.6664937138557434 0.5072176158428192
vt 0.6664937138557434 0.5072176158428192
vt 0.3334757387638092 0.5072176158428192
vt 0.6664937138557434 0.8294320553541183
vt 0.3334757387638092 0.8294320553541183
vt 0.6664937138557434 0.5072176158428192
vt 0.3334757387638092 0.5072176158428192
vt 0.3334757387638092 0.8294320553541183
vt 0.6664937138557434 0.8294320553541183
vt 0.3334757387638092 0.5072176158428192
vt 0.0004882961511611938 0.5072176158428192
vt 0.3334757387638092 0.8294320553541183
vt 0.0004882961511611938 0.8294320553541183
vt 0.6664937138557434 0.5072176158428192
vt 0.3334757387638092 0.5072176158428192
vt 0.3334757387638092 0.8294320553541183
vt 0.6664937138557434 0.8294320553541183
vt 0.3334757387638092 0.5072176158428192
vt 0.0004882961511611938 0.5072176158428192
vt 0.0004882961511611938 0.8294320553541183
vt 0.3334757387638092 0.5072176158428192
vt 0.3334757387638092 0.8294320553541183
vt 0.6664937138557434 0.8294320553541183
vt 0.6664937138557434 0.5072176158428192
vt 0.3334757387638092 0.8294320553541183
vt 0.3334757387638092 0.5072176158428192
vt 0.3334757387638092 0.5072176158428192
vt 0.0004882961511611938 0.5072176158428192
vt 0.3334757387638092 0.8294320553541183
vt 0.0004882961511611938 0.8294320553541183
vt 0.6664937138557434 0.5072176158428192
vt 0.3334757387638092 0.5072176158428192
vt 0.3334757387638092 0.8294320553541183
vt 0.6664937138557434 0.8294320553541183
vt 0.6664937138557434 0.5072176158428192
vt 0.3334757387638092 0.5072176158428192
vt 0.3334757387638092 0.8294320553541183
vt 0.6664937138557434 0.8294320553541183
vt 0.0004882961511611938 0.5072176158428192
vt 0.0004882961511611938 0.8294320553541183
vt 0.3334757387638092 0.8294320553541183
vt 0.0004882961511611938 0.5072176158428192
vt 0.0004882961511611938 0.8294320553541183
vt 0.3334757387638092 0.8294320553541183
vt 0.3334757387638092 0.5072176158428192
vt 0.3334757387638092 0.5072176158428192
vt 0.0004882961511611938 0.5072176158428192
vt 0.0004882961511611938 0.8294320553541183
vt 0.3334757387638092 0.8294320553541183
vt 0.3334757387638092 0.5072176158428192
vt 0.0004882961511611938 0.5072176158428192
vt 0.3334757387638092 0.8294320553541183
vt 0.0004882961511611938 0.8294320553541183
vt 0.3334757387638092 0.5072176158428192
vt 0.3334757387638092 0.8294320553541183
vt 0.6664937138557434 0.8294320553541183
vt 0.6664937138557434 0.5072176158428192
vt 0.0004882961511611938 0.5072176158428192
vt 0.0004882961511611938 0.8294320553541183
vt 0.3334757387638092 0.5072176158428192
vt 0.3334757387638092 0.8294320553541183
vt 0.3334757387638092 0.5072176158428192
vt 0.3334757387638092 0.8294320553541183
vt 0.6664937138557434 0.5072176158428192
vt 0.6664937138557434 0.8294320553541183
vt 0.6664937138557434 0.5072176158428192
vt 0.3334757387638092 0.5072176158428192
vt 0.6664937138557434 0.8294320553541183
vt 0.3334757387638092 0.8294320553541183
vt 0.6664937138557434 0.5072176158428192
vt 0.3334757387638092 0.5072176158428192
vt 0.6664937138557434 0.8294320553541183
vt 0.3334757387638092 0.5072176158428192
vt 0.0004882961511611938 0.5072176158428192
vt 0.0004882961511611938 0.8294320553541183
vt 0.3334757387638092 0.8294320553541183
vt 0.3334757387638092 0.5072176158428192
vt 0.3334757387638092 0.8294320553541183
vt 0.6664937138557434 0.5072176158428192
vt 0.6664937138557434 0.8294320553541183
vt 0.6664937138557434 0.5072176158428192
vt 0.3334757387638092 0.5072176158428192
vt 0.3334757387638092 0.8294320553541183
vt 0.6664937138557434 0.8294320553541183
vt 0.3334757387638092 0.8294320553541183
vt 0.3334757387638092 0.5072176158428192
vt 0.0004882961511611938 0.5072176158428192
vt 0.0004882961511611938 0.8294320553541183
vt 0.6664937138557434 0.5072176158428192
vt 0.3334757387638092 0.5072176158428192
vt 0.3334757387638092 0.8294320553541183
vt 0.6664937138557434 0.8294320553541183
vt 0.6664937138557434 0.5072176158428192
vt 0.3334757387638092 0.5072176158428192
vt 0.6664937138557434 0.8294320553541183
vt 0.3334757387638092 0.8294320553541183
vt 0.3334757387638092 0.8294320553541183
vt 0.3334757387638092 0.5072176158428192
vt 0.0004882961511611938 0.5072176158428192
vt 0.0004882961511611938 0.8294320553541183
vt 0.6664937138557434 0.8294320553541183
vt 0.6664937138557434 0.5072176158428192
vt 0.3334757387638092 0.8294320553541183
vt 0.3334757387638092 0.5072176158428192
vt 0.6664937138557434 0.5072176158428192
vt 0.3334757387638092 0.5072176158428192
vt 0.3334757387638092 0.8294320553541183
vt 0.6664937138557434 0.8294320553541183
vt 0.3334757387638092 0.5072176158428192
vt 0.3334757387638092 0.8294320553541183
vt 0.6664937138557434 0.5072176158428192
vt 0.6664937138557434 0.8294320553541183
vt 0.3334757387638092 0.5072176158428192
vt 0.0004882961511611938 0.5072176158428192
vt 0.3334757387638092 0.8294320553541183
vt 0.3334757387638092 0.5072176158428192
vt 0.0004882961511611938 0.5072176158428192
vt 0.3334757387638092 0.8294320553541183
vt 0.0004882961511611938 0.8294320553541183
vt 0.0004882961511611938 0.5072176158428192
vt 0.0004882961511611938 0.8294320553541183
vt 0.3334757387638092 0.8294320553541183
vt 0.3334757387638092 0.5072176158428192
vt 0.6664937138557434 0.8294320553541183
vt 0.6664937138557434 0.5072176158428192
vt 0.3334757387638092 0.8294320553541183
vt 0.3334757387638092 0.5072176158428192
vt 0.3334757387638092 0.5072176158428192
vt 0.3334757387638092 0.8294320553541183
vt 0.6664937138557434 0.5072176158428192
vt 0.6664937138557434 0.8294320553541183
vt 0.3334757387638092 0.5072176158428192
vt 0.0004882961511611938 0.5072176158428192
vt 0.3334757387638092 0.8294320553541183
vt 0.0004882961511611938 0.8294320553541183
vt 0.0004882961511611938 0.5072176158428192
vt 0.0004882961511611938 0.8294320553541183
vt 0.3334757387638092 0.8294320553541183
vt 0.3334757387638092 0.5072176158428192
vt 0.3334757387638092 0.5072176158428192
vt 0.3334757387638092 0.8294320553541183
vt 0.6664937138557434 0.5072176158428192
vt 0.6664937138557434 0.8294320553541183
vt 0.3334757387638092 0.5072176158428192
vt 0.0004882961511611938 0.8294320553541183
vt 0.3334757387638092 0.8294320553541183
vt 0.6664937138557434 0.5072176158428192
vt 0.3334757387638092 0.5072176158428192
vt 0.6664937138557434 0.8294320553541183
vt 0.3334757387638092 0.8294320553541183
vt 0.3334757387638092 0.5072176158428192
vt 0.0004882961511611938 0.5072176158428192
vt 0.3334757387638092 0.8294320553541183
vt 0.0004882961511611938 0.8294320553541183
vt 0.3334757387638092 0.8294320553541183
vt 0.3334757387638092 0.5072176158428192
vt 0.0004882961511611938 0.5072176158428192
vt 0.0004882961511611938 0.8294320553541183
vt 0.3334757387638092 0.5072176158428192
vt 0.0004882961511611938 0.5072176158428192
vt 0.0004882961511611938 0.8294320553541183
vt 0.3334757387638092 0.8294320553541183
vt 0.3334757387638092 0.5072176158428192
vt 0.3334757387638092 0.8294320553541183
vt 0.6664937138557434 0.5072176158428192
vt 0.6664937138557434 0.8294320553541183
vt 0.6664937138557434 0.5072176158428192
vt 0.3334757387638092 0.5072176158428192
vt 0.3334757387638092 0.8294320553541183
vt 0.6664937138557434 0.8294320553541183
vt 0.3334757387638092 0.5072176158428192
vt 0.0004882961511611938 0.5072176158428192
vt 0.0004882961511611938 0.8294320553541183
vt 0.3334757387638092 0.8294320553541183
vt 0.3334757387638092 0.5072176158428192
vt 0.0004882961511611938 0.5072176158428192
vt 0.3334757387638092 0.8294320553541183
vt 0.0004882961511611938 0.8294320553541183
vt 0.3334757387638092 0.5072176158428192
vt 0.0004882961511611938 0.5072176158428192
vt 0.3334757387638092 0.8294320553541183
vt 0.0004882961511611938 0.8294320553541183
vt 0.6664937138557434 0.5072176158428192
vt 0.3334757387638092 0.5072176158428192
vt 0.3334757387638092 0.8294320553541183
vt 0.6664937138557434 0.8294320553541183
vt 0.3334757387638092 0.8294320553541183
vt 0.3334757387638092 0.5072176158428192
vt 0.0004882961511611938 0.8294320553541183
vt 0.0004882961511611938 0.5072176158428192
vt 0.3334757387638092 0.5072176158428192
vt 0.3334757387638092 0.8294320553541183
vt 0.6664937138557434 0.8294320553541183
vt 0.6664937138557434 0.5072176158428192
vt 0.3334757387638092 0.5072176158428192
vt 0.0004882961511611938 0.5072176158428192
vt 0.0004882961511611938 0.8294320553541183
vt 0.3334757387638092 0.8294320553541183
vt 0.6664937138557434 0.8294320553541183
vt 0.6664937138557434 0.5072176158428192
vt 0.3334757387638092 0.5072176158428192
vt 0.3334757387638092 0.8294320553541183
vt 0.6664937138557434 0.8294320553541183
vt 0.6664937138557434 0.5072176158428192
vt 0.3334757387638092 0.8294320553541183
vt 0.3334757387638092 0.5072176158428192
vt 0.3334757387638092 0.5072176158428192
vt 0.0004882961511611938 0.5072176158428192
vt 0.3334757387638092 0.8294320553541183
vt 0.0004882961511611938 0.8294320553541183
vt 0.3334757387638092 0.5072176158428192
vt 0.0004882961511611938 0.5072176158428192
vt 0.3334757387638092 0.8294320553541183
vt 0.0004882961511611938 0.8294320553541183
vt 0.6664937138557434 0.5072176158428192
vt 0.3334757387638092 0.5072176158428192
vt 0.6664937138557434 0.8294320553541183
vt 0.3334757387638092 0.8294320553541183
vt 0.6664937138557434 0.5072176158428192
vt 0.3334757387638092 0.5072176158428192
vt 0.3334757387638092 0.8294320553541183
vt 0.6664937138557434 0.8294320553541183
vt 0.0004882961511611938 0.5072176158428192
vt 0.0004882961511611938 0.8294320553541183
vt 0.3334757387638092 0.8294320553541183
vt 0.3334757387638092 0.5072176158428192
vt 0.3334757387638092 0.5072176158428192
vt 0.0004882961511611938 0.5072176158428192
vt 0.0004882961511611938 0.8294320553541183
vt 0.3334757387638092 0.8294320553541183
vt 0.6664937138557434 0.5072176158428192
vt 0.3334757387638092 0.5072176158428192
vt 0.3334757387638092 0.8294320553541183
vt 0.6664937138557434 0.8294320553541183
vt 0.6664937138557434 0.8294320553541183
vt 0.6664937138557434 0.5072176158428192
vt 0.3334757387638092 0.8294320553541183
vt 0.3334757387638092 0.5072176158428192
vt 0.0004882961511611938 0.5072176158428192
vt 0.0004882961511611938 0.8294320553541183
vt 0.3334757387638092 0.5072176158428192
vt 0.3334757387638092 0.8294320553541183
vt 0.3334757387638092 0.8294320553541183
vt 0.3334757387638092 0.5072176158428192
vt 0.0004882961511611938 0.5072176158428192
vt 0.0004882961511611938 0.5072176158428192
vt 0.0004882961511611938 0.8294320553541183
vt 0.0004882961511611938 0.5072176158428192
vt 0.0004882961511611938 0.8294320553541183
vt 0.3334757387638092 0.5072176158428192
vt 0.3334757387638092 0.5072176158428192
vt 0.3334757387638092 0.8294320553541183
vt 0.6664937138557434 0.8294320553541183
vt 0.6664937138557434 0.5072176158428192
vt 0.3334757387638092 0.5072176158428192
vt 0.0004882961511611938 0.5072176158428192
vt 0.3334757387638092 0.8294320553541183
vt 0.0004882961511611938 0.5072176158428192
vt 0.0004882961511611938 0.8294320553541183
vt 0.0004882961511611938 0.8294320553541183
vt 0.0004882961511611938 0.5072176158428192
vt 0.3334757387638092 0.8294320553541183
vt 0.0004882961511611938 0.5072176158428192
vt 0.3334757387638092 0.5072176158428192
vt 0.3334757387638092 0.8294320553541183
vt 0.3334757387638092 0.5072176158428192
vt 0.0004882961511611938 0.5072176158428192
vt 0.0004882961511611938 0.8294320553541183
vt 0.0004882961511611938 0.5072176158428192
vt 0.0004882961511611938 0.8294320553541183
vt 0.3334757387638092 0.5072176158428192
vt 0.3334757387638092 0.8294320553541183
vt 0.6664937138557434 0.5072176158428192
vt 0.3334757387638092 0.5072176158428192
vt 0.3334757387638092 0.8294320553541183
vt 0.6664937138557434 0.8294320553541183
vt 0.3334757387638092 0.5072176158428192
vt 0.0004882961511611938 0.5072176158428192
vt 0.0004882961511611938 0.8294320553541183
vt 0.3334757387638092 0.8294320553541183
vt 0.6664937138557434 0.8294320553541183
vt 0.6664937138557434 0.5072176158428192
vt 0.3334757387638092 0.5072176158428192
vt 0.3334757387638092 0.8294320553541183
vt 0.0004882961511611938 0.5072176158428192
vt 0.0004882961511611938 0.8294320553541183
vt 0.3334757387638092 0.5072176158428192
vt 0.3334757387638092 0.8294320553541183
vt 0.8734092116355896 0.3253883719444275
vt 0.86956387758255 0.3729667067527771
vt 0.8219855427742004 0.37717825174331665
vt 0.8312937021255493 0.2850428819656372
vt 0.9307840466499329 0.33857232332229614
vt 0.8734092116355896 0.3253883719444275
vt 0.9100619554519653 0.3886227011680603
vt 0.8011413812637329 0.3733329176902771
vt 0.7710196375846863 0.2952055335044861
vt 0.7807245254516602 0.38492995500564575
vt 0.790337860584259 0.43992429971694946
vt 0.8593401908874512 0.4299142360687256
vt 0.8207952976226807 0.4349803328514099
vt 0.7999817132949829 0.4949186444282532
vt 0.8195745944976807 0.4927823543548584
vt 0.8491470217704773 0.4868312478065491
vt 0.8634296655654907 0.4867702126502991
vt 0.886745810508728 0.4376964569091797
vt 0.8837854862213135 0.4948576092720032
vt 0.9237647652626038 0.4449598789215088
vt 0.9637745022773743 0.39506208896636963
vt 0.9307840466499329 0.33857232332229614
vt 0.982757031917572 0.3097628951072693
vt 0.3334757387638092 0.5072176158428192
vt 0.0004882961511611938 0.5072176158428192
vt 0.0004882961511611938 0.8294320553541183
vt 0.0004882961511611938 0.8294320553541183
vt 0.3334757387638092 0.8294320553541183
vt 0.538254976272583 0.2922452688217163
vt 0.5819879770278931 0.2949003577232361
vt 0.5774712562561035 0.31324195861816406
vt 0.539201021194458 0.2603228688240051
vt 0.4983672499656677 0.24018067121505737
vt 0.504745602607727 0.2932828664779663
vt 0.4353160262107849 0.2603533864021301
vt 0.45585498213768005 0.3001495599746704
vt 0.5104525685310364 0.3795281648635864
vt 0.5364848971366882 0.37733083963394165
vt 0.5184789299964905 0.4868922829627991
vt 0.49742117524147034 0.48912012577056885
vt 0.5653248429298401 0.383526086807251
vt 0.5448469519615173 0.4821619391441345
vt 0.5942869186401367 0.3867000341415405
vt 0.5638905167579651 0.4850916862487793
vt 0.5871761441230774 0.4919278621673584
vt 0.6271248459815979 0.3868221044540405
vt 0.6431165337562561 0.3159581422805786
vt 0.5819879770278931 0.2949003577232361
vt 0.651448130607605 0.3017364740371704
vt 0.7172459959983826 0.3186437487602234
vt 0.651448130607605 0.3017364740371704
vt 0.7625964879989624 0.28412729501724243
vt 0.3334757387638092 0.5072176158428192
vt 0.0004882961511611938 0.5072176158428192
vt 0.0004882961511611938 0.8294320553541183
vt 0.3334757387638092 0.8294320553541183
vt 0.6664937138557434 0.8294320553541183
vt 0.6664937138557434 0.5072176158428192
vt 0.3334757387638092 0.5072176158428192
vt 0.3334757387638092 0.8294320553541183
vt 0.3334757387638092 0.5072176158428192
vt 0.0004882961511611938 0.5072176158428192
vt 0.0004882961511611938 0.8294320553541183
vt 0.6664937138557434 0.5072176158428192
vt 0.3334757387638092 0.5072176158428192
vt 0.6664937138557434 0.8294320553541183
vt 0.3334757387638092 0.8294320553541183
vt 0.6664937138557434 0.8294320553541183
vt 0.3334757387638092 0.5072176158428192
vt 0.0004882961511611938 0.5072176158428192
vt 0.3334757387638092 0.8294320553541183
vt 0.6664937138557434 0.5072176158428192
vt 0.3334757387638092 0.5072176158428192
vt 0.6664937138557434 0.8294320553541183
vt 0.3334757387638092 0.5072176158428192
vt 0.3334757387638092 0.8294320553541183
vt 0.3334757387638092 0.5072176158428192
vt 0.0004882961511611938 0.5072176158428192
vt 0.3334757387638092 0.8294320553541183
vt 0.0004882961511611938 0.8294320553541183
vt 0.3334757387638092 0.5072176158428192
vt 0.0004882961511611938 0.5072176158428192
vt 0.3334757387638092 0.8294320553541183
vt 0.0004882961511611938 0.8294320553541183
vt 0.3334757387638092 0.5072176158428192
vt 0.0004882961511611938 0.5072176158428192
vt 0.0004882961511611938 0.8294320553541183
vt 0.3334757387638092 0.8294320553541183
vt 0.0004882961511611938 0.5072176158428192
vt 0.0004882961511611938 0.8294320553541183
vt 0.3334757387638092 0.8294320553541183
vt 0.3334757387638092 0.5072176158428192
vt 0.6664937138557434 0.5072176158428192
vt 0.3334757387638092 0.5072176158428192
vt 0.3334757387638092 0.8294320553541183
vt 0.6664937138557434 0.8294320553541183
vt 0.0004882961511611938 0.5072176158428192
vt 0.0004882961511611938 0.8294320553541183
vt 0.3334757387638092 0.8294320553541183
vt 0.3334757387638092 0.5072176158428192
vt 0.3334757387638092 0.5072176158428192
vt 0.0004882961511611938 0.5072176158428192
vt 0.0004882961511611938 0.8294320553541183
vt 0.3334757387638092 0.8294320553541183
vt 0.0004882961511611938 0.5072176158428192
vt 0.0004882961511611938 0.8294320553541183
vt 0.3334757387638092 0.8294320553541183
vt 0.3334757387638092 0.8294320553541183
vt 0.3334757387638092 0.5072176158428192
vt 0.3334757387638092 0.5072176158428192
vt 0.3334757387638092 0.8294320553541183
vt 0.6664937138557434 0.8294320553541183
vt 0.6664937138557434 0.5072176158428192
vt 0.3334757387638092 0.5072176158428192
vt 0.0004882961511611938 0.5072176158428192
vt 0.0004882961511611938 0.8294320553541183
vt 0.3334757387638092 0.8294320553541183
vt 0.6664937138557434 0.5072176158428192
vt 0.3334757387638092 0.5072176158428192
vt 0.3334757387638092 0.8294320553541183
vt 0.6664937138557434 0.8294320553541183
vt 0.3334757387638092 0.5072176158428192
vt 0.0004882961511611938 0.5072176158428192
vt 0.3334757387638092 0.8294320553541183
vt 0.0004882961511611938 0.8294320553541183
vt 0.3334757387638092 0.5072176158428192
vt 0.0004882961511611938 0.5072176158428192
vt 0.0004882961511611938 0.8294320553541183
vt 0.3334757387638092 0.8294320553541183
vt 0.8677632808685303 0.04596090316772461
vt 0.8997772336006165 0.1266518235206604
vt 0.8625446557998657 0.12436294555664062
vt 0.8152104020118713 0.03796499967575073
vt 0.8383739590644836 0.1271095871925354
vt 0.7393109202384949 0.028107523918151855
vt 0.8648030161857605 0.2618793249130249
vt 0.8842738270759583 0.25855278968811035
vt 0.9019135236740112 0.2597430348396301
vt 0.9203771948814392 0.2622455358505249
vt 0.9296853542327881 0.1194189190864563
vt 0.8677632808685303 0.04596090316772461
vt 0.9363994002342224 0.012421011924743652
vt 0.9782403111457825 0.011108756065368652
vt 0.9562975168228149 0.12372201681137085
vt 0.939512312412262 0.2615131139755249
vt 0.6664937138557434 0.5072176158428192
vt 0.3334757387638092 0.5072176158428192
vt 0.3334757387638092 0.8294320553541183
vt 0.6664937138557434 0.8294320553541183
vt 0.6664937138557434 0.8294320553541183
vt 0.6664937138557434 0.5072176158428192
vt 0.3334757387638092 0.5072176158428192
vt 0.3334757387638092 0.8294320553541183
vt 0.3334757387638092 0.8294320553541183
vt 0.3334757387638092 0.5072176158428192
vt 0.0004882961511611938 0.8294320553541183
vt 0.0004882961511611938 0.5072176158428192
vt 0.0004882961511611938 0.5072176158428192
vt 0.0004882961511611938 0.8294320553541183
vt 0.3334757387638092 0.5072176158428192
vt 0.3334757387638092 0.8294320553541183
vt 0.6664937138557434 0.5072176158428192
vt 0.3334757387638092 0.5072176158428192
vt 0.3334757387638092 0.8294320553541183
vt 0.6664937138557434 0.8294320553541183
vt 0.6664937138557434 0.5072176158428192
vt 0.3334757387638092 0.5072176158428192
vt 0.3334757387638092 0.8294320553541183
vt 0.6664937138557434 0.8294320553541183
vt 0.3334757387638092 0.5072176158428192
vt 0.3334757387638092 0.8294320553541183
vt 0.6664937138557434 0.5072176158428192
vt 0.6664937138557434 0.8294320553541183
vt 0.3334757387638092 0.5072176158428192
vt 0.3334757387638092 0.8294320553541183
vt 0.6664937138557434 0.8294320553541183
vt 0.3334757387638092 0.5072176158428192
vt 0.3334757387638092 0.8294320553541183
vt 0.6664937138557434 0.5072176158428192
vt 0.6664937138557434 0.8294320553541183
vt 0.6664937138557434 0.5072176158428192
vt 0.3334757387638092 0.5072176158428192
vt 0.3334757387638092 0.8294320553541183
vt 0.6664937138557434 0.8294320553541183
vt 0.3334757387638092 0.5072176158428192
vt 0.0004882961511611938 0.5072176158428192
vt 0.3334757387638092 0.8294320553541183
vt 0.3334757387638092 0.5072176158428192
vt 0.0004882961511611938 0.5072176158428192
vt 0.0004882961511611938 0.8294320553541183
vt 0.3334757387638092 0.8294320553541183
vt 0.3334757387638092 0.5072176158428192
vt 0.0004882961511611938 0.5072176158428192
vt 0.3334757387638092 0.8294320553541183
vt 0.0004882961511611938 0.8294320553541183
vt 0.6664937138557434 0.5072176158428192
vt 0.3334757387638092 0.5072176158428192
vt 0.3334757387638092 0.8294320553541183
vt 0.6664937138557434 0.8294320553541183
vt 0.6664937138557434 0.5072176158428192
vt 0.3334757387638092 0.5072176158428192
vt 0.6664937138557434 0.8294320553541183
vt 0.3334757387638092 0.5072176158428192
vt 0.3334757387638092 0.8294320553541183
vt 0.6664937138557434 0.8294320553541183
vt 0.3334757387638092 0.5072176158428192
vt 0.0004882961511611938 0.5072176158428192
vt 0.0004882961511611938 0.8294320553541183
vt 0.0004882961511611938 0.8294320553541183
vt 0.3334757387638092 0.8294320553541183
vt 0.6664937138557434 0.5072176158428192
vt 0.3334757387638092 0.5072176158428192
vt 0.6664937138557434 0.8294320553541183
vt 0.3334757387638092 0.8294320553541183
vt 0.3334757387638092 0.5072176158428192
vt 0.3334757387638092 0.8294320553541183
vt 0.6664937138557434 0.5072176158428192
vt 0.6664937138557434 0.8294320553541183
vt 0.3334757387638092 0.8294320553541183
vt 0.3334757387638092 0.5072176158428192
vt 0.0004882961511611938 0.5072176158428192
vt 0.3334757387638092 0.8294320553541183
vt 0.0004882961511611938 0.8294320553541183
vt 0.3334757387638092 0.8294320553541183
vt 0.3334757387638092 0.5072176158428192
vt 0.0004882961511611938 0.5072176158428192
vt 0.3334757387638092 0.8294320553541183
vt 0.0004882961511611938 0.8294320553541183
vt 0.3334757387638092 0.8294320553541183
vt 0.3334757387638092 0.5072176158428192
vt 0.0004882961511611938 0.5072176158428192
vt 0.0004882961511611938 0.8294320553541183
vt 0.3334757387638092 0.5072176158428192
vt 0.0004882961511611938 0.5072176158428192
vt 0.0004882961511611938 0.8294320553541183
vt 0.6664937138557434 0.8294320553541183
vt 0.6664937138557434 0.5072176158428192
vt 0.3334757387638092 0.8294320553541183
vt 0.3334757387638092 0.5072176158428192
vt 0.3334757387638092 0.8294320553541183
vt 0.3334757387638092 0.5072176158428192
vt 0.0004882961511611938 0.8294320553541183
vt 0.0004882961511611938 0.5072176158428192
vt 0.6664937138557434 0.8294320553541183
vt 0.6664937138557434 0.5072176158428192
vt 0.3334757387638092 0.8294320553541183
vt 0.3334757387638092 0.5072176158428192
vt 0.3334757387638092 0.8294320553541183
vt 0.3334757387638092 0.5072176158428192
vt 0.0004882961511611938 0.8294320553541183
vt 0.0004882961511611938 0.5072176158428192
vt 0.6664937138557434 0.8294320553541183
vt 0.6664937138557434 0.5072176158428192
vt 0.3334757387638092 0.5072176158428192
vt 0.3334757387638092 0.8294320553541183
vt 0.3334757387638092 0.8294320553541183
vt 0.3334757387638092 0.5072176158428192
vt 0.0004882961511611938 0.5072176158428192
vt 0.3334757387638092 0.8294320553541183
vt 0.0004882961511611938 0.5072176158428192
vt 0.0004882961511611938 0.8294320553541183
vt 0.3334757387638092 0.5072176158428192
vt 0.0004882961511611938 0.5072176158428192
vt 0.0004882961511611938 0.8294320553541183
vt 0.3334757387638092 0.8294320553541183
vt 0.3334757387638092 0.5072176158428192
vt 0.0004882961511611938 0.5072176158428192
vt 0.0004882961511611938 0.5072176158428192
vt 0.0004882961511611938 0.8294320553541183
vt 0.6664937138557434 0.8294320553541183
vt 0.6664937138557434 0.5072176158428192
vt 0.3334757387638092 0.5072176158428192
vt 0.3334757387638092 0.8294320553541183
vt 0.6664937138557434 0.8294320553541183
vt 0.6664937138557434 0.5072176158428192
vt 0.3334757387638092 0.5072176158428192
vt 0.3334757387638092 0.8294320553541183
vt 0.3334757387638092 0.8294320553541183
vt 0.3334757387638092 0.5072176158428192
vt 0.0004882961511611938 0.5072176158428192
vt 0.0004882961511611938 0.8294320553541183
vt 0.3334757387638092 0.8294320553541183
vt 0.3334757387638092 0.5072176158428192
vt 0.0004882961511611938 0.8294320553541183
vt 0.0004882961511611938 0.5072176158428192
vt 0.0004882961511611938 0.5072176158428192
vt 0.0004882961511611938 0.8294320553541183
vt 0.3334757387638092 0.8294320553541183
vt 0.3334757387638092 0.5072176158428192
vt 0.6664937138557434 0.8294320553541183
vt 0.6664937138557434 0.5072176158428192
vt 0.3334757387638092 0.5072176158428192
vt 0.3334757387638092 0.8294320553541183
vt 0.6664937138557434 0.8294320553541183
vt 0.6664937138557434 0.5072176158428192
vt 0.3334757387638092 0.8294320553541183
vt 0.3334757387638092 0.5072176158428192
vt 0.3334757387638092 0.5072176158428192
vt 0.0004882961511611938 0.5072176158428192
vt 0.0004882961511611938 0.8294320553541183
vt 0.0004882961511611938 0.8294320553541183
vt 0.3334757387638092 0.8294320553541183
vt 0.0004882961511611938 0.5072176158428192
vt 0.0004882961511611938 0.8294320553541183
vt 0.3334757387638092 0.5072176158428192
vt 0.3334757387638092 0.8294320553541183
vt 0.3334757387638092 0.5072176158428192
vt 0.0004882961511611938 0.5072176158428192
vt 0.0004882961511611938 0.8294320553541183
vt 0.3334757387638092 0.8294320553541183
vt 0.3334757387638092 0.5072176158428192
vt 0.3334757387638092 0.8294320553541183
vt 0.6664937138557434 0.5072176158428192
vt 0.6664937138557434 0.8294320553541183
vt 0.3334757387638092 0.5072176158428192
vt 0.0004882961511611938 0.5072176158428192
vt 0.3334757387638092 0.8294320553541183
vt 0.0004882961511611938 0.8294320553541183
vt 0.6664937138557434 0.5072176158428192
vt 0.3334757387638092 0.5072176158428192
vt 0.3334757387638092 0.8294320553541183
vt 0.6664937138557434 0.8294320553541183
vt 0.3334757387638092 0.5072176158428192
vt 0.0004882961511611938 0.5072176158428192
vt 0.0004882961511611938 0.8294320553541183
vt 0.3334757387638092 0.8294320553541183
vt 0.3334757387638092 0.5072176158428192
vt 0.3334757387638092 0.8294320553541183
vt 0.6664937138557434 0.5072176158428192
vt 0.6664937138557434 0.8294320553541183
vt 0.3334757387638092 0.8294320553541183
vt 0.3334757387638092 0.5072176158428192
vt 0.0004882961511611938 0.8294320553541183
vt 0.0004882961511611938 0.5072176158428192
vt 0.3334757387638092 0.5072176158428192
vt 0.3334757387638092 0.8294320553541183
vt 0.6664937138557434 0.5072176158428192
vt 0.6664937138557434 0.8294320553541183
vt 0.3334757387638092 0.5072176158428192
vt 0.0004882961511611938 0.5072176158428192
vt 0.0004882961511611938 0.8294320553541183
vt 0.0004882961511611938 0.8294320553541183
vt 0.3334757387638092 0.8294320553541183
vt 0.6664937138557434 0.8294320553541183
vt 0.6664937138557434 0.5072176158428192
vt 0.3334757387638092 0.5072176158428192
vt 0.3334757387638092 0.8294320553541183
vt 0.3334757387638092 0.5072176158428192
vt 0.0004882961511611938 0.5072176158428192
vt 0.0004882961511611938 0.8294320553541183
vt 0.3334757387638092 0.8294320553541183
vt 0.6664937138557434 0.5072176158428192
vt 0.3334757387638092 0.5072176158428192
vt 0.6664937138557434 0.8294320553541183
vt 0.3334757387638092 0.5072176158428192
vt 0.0004882961511611938 0.5072176158428192
vt 0.0004882961511611938 0.8294320553541183
vt 0.3334757387638092 0.8294320553541183
vt 0.6664937138557434 0.5072176158428192
vt 0.3334757387638092 0.5072176158428192
vt 0.3334757387638092 0.8294320553541183
vt 0.6664937138557434 0.8294320553541183
vt 0.3334757387638092 0.5072176158428192
vt 0.0004882961511611938 0.5072176158428192
vt 0.0004882961511611938 0.8294320553541183
vt 0.3334757387638092 0.5072176158428192
vt 0.0004882961511611938 0.5072176158428192
vt 0.3334757387638092 0.8294320553541183
vt 0.0004882961511611938 0.8294320553541183
vt 0.6664937138557434 0.5072176158428192
vt 0.3334757387638092 0.5072176158428192
vt 0.3334757387638092 0.8294320553541183
vt 0.6664937138557434 0.8294320553541183
vt 0.0004882961511611938 0.5072176158428192
vt 0.0004882961511611938 0.8294320553541183
vt 0.3334757387638092 0.8294320553541183
vt 0.3334757387638092 0.5072176158428192
vt 0.3334757387638092 0.8294320553541183
vt 0.6664937138557434 0.8294320553541183
vt 0.6664937138557434 0.5072176158428192
vt 0.3334757387638092 0.5072176158428192
vt 0.0004882961511611938 0.5072176158428192
vt 0.3334757387638092 0.8294320553541183
vt 0.0004882961511611938 0.8294320553541183
vt 0.6664937138557434 0.5072176158428192
vt 0.3334757387638092 0.5072176158428192
vt 0.3334757387638092 0.8294320553541183
vt 0.6664937138557434 0.8294320553541183
vt 0.3334757387638092 0.8294320553541183
vt 0.3334757387638092 0.5072176158428192
vt 0.0004882961511611938 0.8294320553541183
vt 0.0004882961511611938 0.5072176158428192
vt 0.3334757387638092 0.5072176158428192
vt 0.0004882961511611938 0.5072176158428192
vt 0.0004882961511611938 0.8294320553541183
vt 0.3334757387638092 0.8294320553541183
vt 0.3334757387638092 0.5072176158428192
vt 0.0004882961511611938 0.5072176158428192
vt 0.3334757387638092 0.8294320553541183
vt 0.0004882961511611938 0.8294320553541183
vt 0.3334757387638092 0.5072176158428192
vt 0.0004882961511611938 0.5072176158428192
vt 0.0004882961511611938 0.8294320553541183
vt 0.3334757387638092 0.8294320553541183
vt 0.0004882961511611938 0.5072176158428192
vt 0.0004882961511611938 0.8294320553541183
vt 0.3334757387638092 0.8294320553541183
vt 0.3334757387638092 0.5072176158428192
vt 0.3334757387638092 0.5072176158428192
vt 0.0004882961511611938 0.5072176158428192
vt 0.0004882961511611938 0.8294320553541183
vt 0.3334757387638092 0.8294320553541183
vt 0.3334757387638092 0.5072176158428192
vt 0.3334757387638092 0.8294320553541183
vt 0.6664937138557434 0.8294320553541183
vt 0.6664937138557434 0.5072176158428192
vt 0.2152470499277115 0.1498153805732727
vt 0.16873684525489807 0.14419996738433838
vt 0.16910305619239807 0.15317237377166748
vt 0.08545182645320892 0.15439313650131226
vt 0.3334757387638092 0.8294320553541183
vt 0.3334757387638092 0.5072176158428192
vt 0.0004882961511611938 0.5072176158428192
vt 0.3334757387638092 0.8294320553541183
vt 0.0004882961511611938 0.8294320553541183
vt 0.3334757387638092 0.5072176158428192
vt 0.0004882961511611938 0.5072176158428192
vt 0.0004882961511611938 0.8294320553541183
vt 0.3334757387638092 0.8294320553541183
vt 0.3334757387638092 0.5072176158428192
vt 0.3334757387638092 0.8294320553541183
vt 0.6664937138557434 0.5072176158428192
vt 0.6664937138557434 0.8294320553541183
vt 0.3334757387638092 0.5072176158428192
vt 0.0004882961511611938 0.5072176158428192
vt 0.3334757387638092 0.8294320553541183
vt 0.0004882961511611938 0.8294320553541183
vt 0.6664937138557434 0.5072176158428192
vt 0.3334757387638092 0.5072176158428192
vt 0.3334757387638092 0.8294320553541183
vt 0.6664937138557434 0.8294320553541183
vt 0.3334757387638092 0.8294320553541183
vt 0.3334757387638092 0.5072176158428192
vt 0.0004882961511611938 0.5072176158428192
vt 0.0004882961511611938 0.8294320553541183
vt 0.6664937138557434 0.5072176158428192
vt 0.3334757387638092 0.5072176158428192
vt 0.6664937138557434 0.8294320553541183
vt 0.3334757387638092 0.5072176158428192
vt 0.0004882961511611938 0.5072176158428192
vt 0.3334757387638092 0.8294320553541183
vt 0.0004882961511611938 0.8294320553541183
vt 0.3334757387638092 0.5072176158428192
vt 0.0004882961511611938 0.5072176158428192
vt 0.3334757387638092 0.8294320553541183
vt 0.0004882961511611938 0.8294320553541183
vt 0.0004882961511611938 0.5072176158428192
vt 0.0004882961511611938 0.8294320553541183
vt 0.3334757387638092 0.8294320553541183
vt 0.3334757387638092 0.5072176158428192
vt 0.3334757387638092 0.5072176158428192
vt 0.3334757387638092 0.8294320553541183
vt 0.6664937138557434 0.5072176158428192
vt 0.6664937138557434 0.8294320553541183
vt 0.3334757387638092 0.8294320553541183
vt 0.3334757387638092 0.5072176158428192
vt 0.0004882961511611938 0.5072176158428192
vt 0.0004882961511611938 0.8294320553541183
vt 0.6664937138557434 0.5072176158428192
vt 0.3334757387638092 0.5072176158428192
vt 0.3334757387638092 0.8294320553541183
vt 0.6664937138557434 0.8294320553541183
vt 0.3334757387638092 0.5072176158428192
vt 0.3334757387638092 0.8294320553541183
vt 0.6664937138557434 0.5072176158428192
vt 0.6664937138557434 0.8294320553541183
vt 0.3334757387638092 0.5072176158428192
vt 0.0004882961511611938 0.5072176158428192
vt 0.0004882961511611938 0.8294320553541183
vt 0.3334757387638092 0.8294320553541183
vt 0.3334757387638092 0.5072176158428192
vt 0.0004882961511611938 0.5072176158428192
vt 0.0004882961511611938 0.8294320553541183
vt 0.0004882961511611938 0.8294320553541183
vt 0.3334757387638092 0.8294320553541183
vt 0.6664937138557434 0.8294320553541183
vt 0.6664937138557434 0.5072176158428192
vt 0.3334757387638092 0.8294320553541183
vt 0.3334757387638092 0.5072176158428192
vt 0.3334757387638092 0.5072176158428192
vt 0.0004882961511611938 0.5072176158428192
vt 0.0004882961511611938 0.8294320553541183
vt 0.3334757387638092 0.8294320553541183
vt 0.6664937138557434 0.5072176158428192
vt 0.3334757387638092 0.5072176158428192
vt 0.3334757387638092 0.8294320553541183
vt 0.6664937138557434 0.8294320553541183
vt 0.6664937138557434 0.5072176158428192
vt 0.3334757387638092 0.5072176158428192
vt 0.3334757387638092 0.8294320553541183
vt 0.6664937138557434 0.8294320553541183
vt 0.3334757387638092 0.5072176158428192
vt 0.0004882961511611938 0.5072176158428192
vt 0.0004882961511611938 0.8294320553541183
vt 0.3334757387638092 0.8294320553541183
vt 0.6664937138557434 0.8294320553541183
vt 0.6664937138557434 0.5072176158428192
vt 0.3334757387638092 0.5072176158428192
vt 0.3334757387638092 0.8294320553541183
vt 0.0004882961511611938 0.5072176158428192
vt 0.0004882961511611938 0.8294320553541183
vt 0.3334757387638092 0.8294320553541183
vt 0.3334757387638092 0.5072176158428192
vt 0.3334757387638092 0.5072176158428192
vt 0.0004882961511611938 0.5072176158428192
vt 0.0004882961511611938 0.8294320553541183
vt 0.3334757387638092 0.8294320553541183
vt 0.6664937138557434 0.5072176158428192
vt 0.3334757387638092 0.5072176158428192
vt 0.3334757387638092 0.8294320553541183
vt 0.6664937138557434 0.8294320553541183
vt 0.3334757387638092 0.5072176158428192
vt 0.0004882961511611938 0.5072176158428192
vt 0.0004882961511611938 0.8294320553541183
vt 0.3334757387638092 0.8294320553541183
vt 0.6664937138557434 0.5072176158428192
vt 0.3334757387638092 0.8294320553541183
vt 0.6664937138557434 0.8294320553541183
vt 0.3334757387638092 0.5072176158428192
vt 0.6664937138557434 0.5072176158428192
vt 0.6664937138557434 0.8294320553541183
vt 0.6664937138557434 0.5072176158428192
vt 0.3334757387638092 0.5072176158428192
vt 0.3334757387638092 0.8294320553541183
vt 0.3334757387638092 0.8294320553541183
vt 0.3334757387638092 0.5072176158428192
vt 0.0004882961511611938 0.5072176158428192
vt 0.0004882961511611938 0.8294320553541183
vt 0.6664937138557434 0.5072176158428192
vt 0.3334757387638092 0.5072176158428192
vt 0.3334757387638092 0.8294320553541183
vt 0.6664937138557434 0.8294320553541183
vt 0.3334757387638092 0.5072176158428192
vt 0.3334757387638092 0.8294320553541183
vt 0.6664937138557434 0.8294320553541183
vt 0.6664937138557434 0.5072176158428192
vt 0.3334757387638092 0.8294320553541183
vt 0.3334757387638092 0.5072176158428192
vt 0.0004882961511611938 0.8294320553541183
vt 0.0004882961511611938 0.5072176158428192
vt 0.6664937138557434 0.5072176158428192
vt 0.3334757387638092 0.5072176158428192
vt 0.3334757387638092 0.8294320553541183
vt 0.6664937138557434 0.8294320553541183
vt 0.6664937138557434 0.5072176158428192
vt 0.3334757387638092 0.5072176158428192
vt 0.3334757387638092 0.8294320553541183
vt 0.6664937138557434 0.8294320553541183
vt 0.6664937138557434 0.5072176158428192
vt 0.3334757387638092 0.5072176158428192
vt 0.6664937138557434 0.8294320553541183
vt 0.3334757387638092 0.8294320553541183
vt 0.6664937138557434 0.5072176158428192
vt 0.3334757387638092 0.5072176158428192
vt 0.3334757387638092 0.8294320553541183
vt 0.6664937138557434 0.8294320553541183
vt 0.6664937138557434 0.5072176158428192
vt 0.3334757387638092 0.5072176158428192
vt 0.6664937138557434 0.8294320553541183
vt 0.3334757387638092 0.8294320553541183
vt 0.3334757387638092 0.8294320553541183
vt 0.3334757387638092 0.5072176158428192
vt 0.6664937138557434 0.5072176158428192
vt 0.6664937138557434 0.8294320553541183
vt 0.3334757387638092 0.5072176158428192
vt 0.3334757387638092 0.8294320553541183
vt 0.6664937138557434 0.8294320553541183
vt 0.6664937138557434 0.5072176158428192
vt 0.3334757387638092 0.5072176158428192
vt 0.0004882961511611938 0.5072176158428192
vt 0.0004882961511611938 0.8294320553541183
vt 0.3334757387638092 0.8294320553541183
vt 0.3334757387638092 0.5072176158428192
vt 0.3334757387638092 0.8294320553541183
vt 0.6664937138557434 0.5072176158428192
vt 0.6664937138557434 0.8294320553541183
vt 0.3334757387638092 0.5072176158428192
vt 0.3334757387638092 0.8294320553541183
vt 0.6664937138557434 0.5072176158428192
vt 0.6664937138557434 0.8294320553541183
vt 0.3334757387638092 0.5072176158428192
vt 0.3334757387638092 0.8294320553541183
vt 0.6664937138557434 0.5072176158428192
vt 0.6664937138557434 0.8294320553541183
vt 0.3334757387638092 0.5072176158428192
vt 0.3334757387638092 0.8294320553541183
vt 0.6664937138557434 0.8294320553541183
vt 0.3334757387638092 0.5072176158428192
vt 0.0004882961511611938 0.5072176158428192
vt 0.3334757387638092 0.8294320553541183
vt 0.0004882961511611938 0.8294320553541183
vt 0.6664937138557434 0.5072176158428192
vt 0.3334757387638092 0.5072176158428192
vt 0.3334757387638092 0.8294320553541183
vt 0.6664937138557434 0.8294320553541183
vt 0.3334757387638092 0.5072176158428192
vt 0.0004882961511611938 0.5072176158428192
vt 0.3334757387638092 0.8294320553541183
vt 0.0004882961511611938 0.8294320553541183
vt 0.0004882961511611938 0.5072176158428192
vt 0.0004882961511611938 0.8294320553541183
vt 0.3334757387638092 0.8294320553541183
vt 0.3334757387638092 0.5072176158428192
vt 0.3334757387638092 0.5072176158428192
vt 0.3334757387638092 0.8294320553541183
vt 0.6664937138557434 0.8294320553541183
vt 0.6664937138557434 0.5072176158428192
vt 0.3334757387638092 0.5072176158428192
vt 0.0004882961511611938 0.5072176158428192
vt 0.0004882961511611938 0.8294320553541183
vt 0.3334757387638092 0.8294320553541183
vt 0.6664937138557434 0.5072176158428192
vt 0.3334757387638092 0.5072176158428192
vt 0.3334757387638092 0.8294320553541183
vt 0.6664937138557434 0.8294320553541183
vt 0.3334757387638092 0.8294320553541183
vt 0.3334757387638092 0.5072176158428192
vt 0.0004882961511611938 0.8294320553541183
vt 0.6664937138557434 0.5072176158428192
vt 0.3334757387638092 0.5072176158428192
vt 0.3334757387638092 0.8294320553541183
vt 0.6664937138557434 0.8294320553541183
vt 0.3334757387638092 0.5072176158428192
vt 0.0004882961511611938 0.5072176158428192
vt 0.3334757387638092 0.8294320553541183
vt 0.0004882961511611938 0.8294320553541183
vt 0.3334757387638092 0.5072176158428192
vt 0.3334757387638092 0.8294320553541183
vt 0.6664937138557434 0.8294320553541183
vt 0.6664937138557434 0.5072176158428192
vt 0.0004882961511611938 0.5072176158428192
vt 0.0004882961511611938 0.8294320553541183
vt 0.3334757387638092 0.8294320553541183
vt 0.3334757387638092 0.5072176158428192
vt 0.3334757387638092 0.5072176158428192
vt 0.0004882961511611938 0.5072176158428192
vt 0.0004882961511611938 0.8294320553541183
vt 0.3334757387638092 0.8294320553541183
vt 0.0004882961511611938 0.5072176158428192
vt 0.0004882961511611938 0.8294320553541183
vt 0.3334757387638092 0.8294320553541183
vt 0.3334757387638092 0.5072176158428192
vt 0.6664937138557434 0.8294320553541183
vt 0.6664937138557434 0.5072176158428192
vt 0.3334757387638092 0.5072176158428192
vt 0.3334757387638092 0.8294320553541183
vt 0.6664937138557434 0.5072176158428192
vt 0.3334757387638092 0.5072176158428192
vt 0.6664937138557434 0.8294320553541183
vt 0.3334757387638092 0.8294320553541183
vt 0.3334757387638092 0.5072176158428192
vt 0.0004882961511611938 0.5072176158428192
vt 0.3334757387638092 0.8294320553541183
vt 0.0004882961511611938 0.8294320553541183
vt 0.6664937138557434 0.5072176158428192
vt 0.3334757387638092 0.5072176158428192
vt 0.3334757387638092 0.8294320553541183
vt 0.6664937138557434 0.8294320553541183
vt 0.3334757387638092 0.5072176158428192
vt 0.3334757387638092 0.8294320553541183
vt 0.6664937138557434 0.5072176158428192
vt 0.6664937138557434 0.8294320553541183
vt 0.0004882961511611938 0.5072176158428192
vt 0.0004882961511611938 0.8294320553541183
vt 0.3334757387638092 0.8294320553541183
vt 0.3334757387638092 0.5072176158428192
vt 0.3334757387638092 0.5072176158428192
vt 0.0004882961511611938 0.5072176158428192
vt 0.0004882961511611938 0.8294320553541183
vt 0.0004882961511611938 0.8294320553541183
vt 0.3334757387638092 0.8294320553541183
vt 0.6664937138557434 0.5072176158428192
vt 0.3334757387638092 0.5072176158428192
vt 0.3334757387638092 0.8294320553541183
vt 0.6664937138557434 0.8294320553541183
vt 0.3334757387638092 0.5072176158428192
vt 0.3334757387638092 0.8294320553541183
vt 0.6664937138557434 0.8294320553541183
vt 0.6664937138557434 0.5072176158428192
vt 0.3334757387638092 0.5072176158428192
vt 0.0004882961511611938 0.5072176158428192
vt 0.0004882961511611938 0.8294320553541183
vt 0.3334757387638092 0.8294320553541183
vt 0.6664937138557434 0.8294320553541183
vt 0.6664937138557434 0.5072176158428192
vt 0.3334757387638092 0.5072176158428192
vt 0.3334757387638092 0.8294320553541183
vt 0.6664937138557434 0.8294320553541183
vt 0.6664937138557434 0.5072176158428192
vt 0.3334757387638092 0.8294320553541183
vt 0.3334757387638092 0.5072176158428192
vt 0.6664937138557434 0.5072176158428192
vt 0.3334757387638092 0.5072176158428192
vt 0.6664937138557434 0.8294320553541183
vt 0.3334757387638092 0.8294320553541183
vt 0.6664937138557434 0.5072176158428192
vt 0.3334757387638092 0.5072176158428192
vt 0.3334757387638092 0.8294320553541183
vt 0.6664937138557434 0.8294320553541183
vt 0.6664937138557434 0.5072176158428192
vt 0.3334757387638092 0.5072176158428192
vt 0.3334757387638092 0.8294320553541183
vt 0.6664937138557434 0.8294320553541183
vt 0.3334757387638092 0.5072176158428192
vt 0.0004882961511611938 0.5072176158428192
vt 0.0004882961511611938 0.8294320553541183
vt 0.0004882961511611938 0.8294320553541183
vt 0.3334757387638092 0.8294320553541183
vt 0.3334757387638092 0.5072176158428192
vt 0.3334757387638092 0.8294320553541183
vt 0.6664937138557434 0.5072176158428192
vt 0.6664937138557434 0.8294320553541183
vt 0.6664937138557434 0.5072176158428192
vt 0.3334757387638092 0.5072176158428192
vt 0.3334757387638092 0.8294320553541183
vt 0.6664937138557434 0.8294320553541183
vt 0.3334757387638092 0.5072176158428192
vt 0.0004882961511611938 0.5072176158428192
vt 0.3334757387638092 0.8294320553541183
vt 0.0004882961511611938 0.8294320553541183
vt 0.3334757387638092 0.5072176158428192
vt 0.0004882961511611938 0.5072176158428192
vt 0.3334757387638092 0.8294320553541183
vt 0.0004882961511611938 0.8294320553541183
vt 0.3334757387638092 0.5072176158428192
vt 0.3334757387638092 0.8294320553541183
vt 0.6664937138557434 0.5072176158428192
vt 0.6664937138557434 0.8294320553541183
vt 0.3334757387638092 0.5072176158428192
vt 0.0004882961511611938 0.5072176158428192
vt 0.0004882961511611938 0.8294320553541183
vt 0.0004882961511611938 0.8294320553541183
vt 0.3334757387638092 0.8294320553541183
vt 0.3334757387638092 0.5072176158428192
vt 0.0004882961511611938 0.5072176158428192
vt 0.3334757387638092 0.8294320553541183
vt 0.0004882961511611938 0.8294320553541183
vt 0.6664937138557434 0.5072176158428192
vt 0.3334757387638092 0.5072176158428192
vt 0.3334757387638092 0.8294320553541183
vt 0.6664937138557434 0.8294320553541183
vt 0.0004882961511611938 0.8294320553541183
vt 0.3334757387638092 0.8294320553541183
vt 0.3334757387638092 0.5072176158428192
vt 0.6664937138557434 0.5072176158428192
vt 0.3334757387638092 0.5072176158428192
vt 0.3334757387638092 0.8294320553541183
vt 0.6664937138557434 0.8294320553541183
vt 0.3334757387638092 0.8294320553541183
vt 0.3334757387638092 0.5072176158428192
vt 0.0004882961511611938 0.8294320553541183
vt 0.6664937138557434 0.8294320553541183
vt 0.6664937138557434 0.5072176158428192
vt 0.3334757387638092 0.8294320553541183
vt 0.3334757387638092 0.5072176158428192
vt 0.6664937138557434 0.5072176158428192
vt 0.3334757387638092 0.5072176158428192
vt 0.6664937138557434 0.8294320553541183
vt 0.3334757387638092 0.8294320553541183
vt 0.6664937138557434 0.8294320553541183
vt 0.3334757387638092 0.5072176158428192
vt 0.3334757387638092 0.8294320553541183
vt 0.6664937138557434 0.8294320553541183
vt 0.6664937138557434 0.5072176158428192
vt 0.3334757387638092 0.5072176158428192
vt 0.0004882961511611938 0.5072176158428192
vt 0.0004882961511611938 0.8294320553541183
vt 0.3334757387638092 0.8294320553541183
vt 0.0004882961511611938 0.5072176158428192
vt 0.0004882961511611938 0.8294320553541183
vt 0.3334757387638092 0.5072176158428192
vt 0.3334757387638092 0.8294320553541183
vt 0.6664937138557434 0.5072176158428192
vt 0.3334757387638092 0.5072176158428192
vt 0.3334757387638092 0.8294320553541183
vt 0.6664937138557434 0.8294320553541183
vt 0.08960234373807907 0.09762871265411377
vt 0.1503646969795227 0.10019224882125854
vt 0.09073153138160706 0.10721153020858765
vt 0.029633473604917526 0.10522782802581787
vt 0.029786065220832825 0.11441391706466675
vt 0.15652944147586823 0.10934782028198242
vt 0.2146366834640503 0.1037324070930481
vt 0.0872218981385231 0.13830989599227905
vt 0.015503402799367905 0.14651936292648315
vt 0.16910305619239807 0.15317237377166748
vt 0.08545182645320892 0.15439313650131226
vt 0.008758812211453915 0.16498303413391113
vt 0.01892147585749626 0.20490127801895142
vt 0.08487197756767273 0.1893978714942932
vt 0.21115756034851074 0.1121554970741272
vt 0.24430066347122192 0.10214543342590332
vt 0.1273842602968216 0.19269388914108276
vt 0.16873684525489807 0.14419996738433838
vt 0.10003967583179474 0.21878719329833984
vt 0.16251106560230255 0.17572557926177979
vt 0.16348765790462494 0.22486037015914917
vt 0.2152470499277115 0.1498153805732727
vt 0.1894894242286682 0.1817377209663391
vt 0.20377208292484283 0.191045880317688
vt 0.10098575055599213 0.2627033591270447
vt 0.22754600644111633 0.20587784051895142
vt 0.16232794523239136 0.2613605260848999
vt 0.22357860207557678 0.24460583925247192
vt 0.2558366656303406 0.1585436463356018
vt 0.2846766710281372 0.20276498794555664
vt 0.04437391459941864 0.31327247619628906
vt 0.029053620994091034 0.2609332799911499
vt 0.2549821436405182 0.14120912551879883
vt 0.10763878375291824 0.3007904291152954
vt 0.11282692849636078 0.4894253611564636
vt 0.0632648691534996 0.4902798533439636
vt 0.16238899528980255 0.4899136424064636
vt 0.20969267189502716 0.48863184452056885
vt 0.22550126910209656 0.28299814462661743
vt 0.2620624303817749 0.4846339225769043
vt 0.2860499918460846 0.2797631621360779
vt 0.2841883599758148 0.2459181547164917
vt 0.34342479705810547 0.3154393434524536
vt 0.31391337513923645 0.48118531703948975
vt 0.36091190576553345 0.48094117641448975
vt 0.4138920307159424 0.30509352684020996
vt 0.347697377204895 0.28269296884536743
vt 0.42387157678604126 0.24945831298828125
vt 0.3396404981613159 0.23694568872451782
vt 0.347697377204895 0.28269296884536743
vt 0.3715323209762573 0.2593768239021301
vt 0.3639637529850006 0.22717976570129395
vt 0.45701467990875244 0.1827143430709839
vt 0.3870052099227905 0.1665394902229309
vt 0.43256935477256775 0.13281655311584473
vt 0.31388285756111145 0.17099523544311523
vt 0.3742179572582245 0.12515640258789062
vt 0.42255929112434387 0.1104770302772522
vt 0.29914242029190063 0.13840144872665405
vt 0.36234626173973083 0.095889151096344
vt 0.40931424498558044 0.07052826881408691
vt 0.35160374641418457 0.08755761384963989
vt 0.4040345549583435 0.06836146116256714
vt 0.2844019830226898 0.10000914335250854
vt 0.286660373210907 0.1110263466835022
vt 0.24863429367542267 0.1116061806678772
vt 0.2152470499277115 0.14374220371246338
vt 0.0004882961511611938 0.5072176158428192
vt 0.0004882961511611938 0.8294320553541183
vt 0.3334757387638092 0.8294320553541183
vt 0.3334757387638092 0.5072176158428192
vt 0.3334757387638092 0.5072176158428192
vt 0.0004882961511611938 0.5072176158428192
vt 0.0004882961511611938 0.8294320553541183
vt 0.3334757387638092 0.8294320553541183
vn -0.3007262051105499 0.9249829053878784 0.2323145717382431
vn -0.17779949307441711 0.9809209704399109 0.07861891388893127
vn -0.5331773161888123 0.8456824421882629 0.02330082654953003
vn -0.2865060269832611 0.906534731388092 -0.3100142478942871
vn -0.5450072884559631 0.7783535718917847 0.3116612136363983
vn -0.35869303345680237 0.9237383604049683 -0.13433679938316345
vn -0.7253684401512146 0.6777054667472839 -0.12064650654792786
vn -0.24983930587768555 0.8445487022399902 -0.4736217260360718
vn 0.198347270488739 0.7764756083488464 0.5981168150901794
vn 0.8859091997146606 0.4548506438732147 -0.09097011387348175
vn 0.2184925377368927 0.955737292766571 0.19704534113407135
vn -0.19704541563987732 0.9557374119758606 0.2184925079345703
vn 0.527136504650116 -0.8470829725265503 -0.0676538348197937
vn 0.9848484992980957 -0.1558152735233307 -0.07612371444702148
vn 0.33458682894706726 -0.9054388403892517 -0.26121237874031067
vn 0.9969089031219482 0.03556537628173828 -0.07005296647548676
vn -0.92859947681427 0.36532890796661377 0.06509485840797424
vn -0.8121022582054138 0.5712618231773376 -0.11895167827606201
vn -0.5533690452575684 0.820410430431366 -0.14390572905540466
vn -0.13763543963432312 -0.9114834666252136 -0.38762617111206055
vn -0.16276130080223083 -0.39262595772743225 -0.9051814079284668
vn 0.0551825687289238 -0.9898375272750854 -0.13105863332748413
vn -0.02048775553703308 -0.35469552874565125 -0.9347572326660156
vn 0.019969459623098373 -0.9522920846939087 0.30453380942344666
vn 0.3544441759586334 -0.9283710718154907 0.11178627610206604
vn 0.3536107540130615 -0.3768746256828308 0.8561100959777832
vn 0.11307333409786224 -0.3792092204093933 0.9183759689331055
vn 0.0551825687289238 -0.9898375272750854 -0.13105863332748413
vn 0.02094193547964096 -0.9149017333984375 -0.4031325876712799
vn 0.1406072974205017 -0.44047343730926514 -0.8866862654685974
vn 0.2807125151157379 -0.2821594178676605 -0.917380154132843
vn -0.083446204662323 0.9589895606040955 0.27087926864624023
vn 0.0013836026191711426 0.7180881500244141 0.6959505081176758
vn -0.25849616527557373 0.7215688228607178 0.6422755718231201
vn -0.3007262051105499 0.9249829053878784 0.2323145717382431
vn 0.5122840404510498 0.4559164047241211 -0.7278082370758057
vn 0.43807172775268555 0.8716582655906677 -0.2197834849357605
vn 0.2184925377368927 0.955737292766571 0.19704534113407135
vn 0.8218740224838257 0.5618789196014404 -0.09388718754053116
vn -0.37115803360939026 0.9099820852279663 0.18486252427101135
vn -0.15294158458709717 0.9460718631744385 0.28558114171028137
vn -0.17779949307441711 0.9809209704399109 0.07861891388893127
vn -0.26011115312576294 0.9537410140037537 -0.150731161236763
vn -0.34274065494537354 0.5798976421356201 0.7390854358673096
vn -0.40969011187553406 0.8859366178512573 0.21741685271263123
vn -0.2553843557834625 0.9259463548660278 0.2782120108604431
vn -0.1460096687078476 0.6367224454879761 0.757142961025238
vn -0.38114792108535767 0.8422898650169373 -0.38114792108535767
vn -0.30084964632987976 0.9476100206375122 0.10735172033309937
vn 0.2323145866394043 0.9249829649925232 -0.3007262349128723
vn 0.1649237871170044 0.8771607875823975 -0.45098620653152466
vn -0.12223710119724274 -0.7259693145751953 -0.6767764091491699
vn 0.1211945116519928 -0.7907203435897827 -0.6000607013702393
vn 0.6267542243003845 -0.19914120435714722 -0.7533401846885681
vn 0.45317691564559937 -0.09091514348983765 -0.886772096157074
vn 0.9240373373031616 0.3720502555370331 -0.08793912827968597
vn 0.6948164701461792 0.7176440954208374 0.04708198457956314
vn 0.3054281175136566 0.9162842631340027 0.25910717248916626
vn -0.49141502380371094 0.6792594194412231 0.5450849533081055
vn -0.768732488155365 -0.45306143164634705 0.45142582058906555
vn -0.9717341661453247 -0.08097781240940094 -0.22175472974777222
vn -0.502131462097168 -0.7678701877593994 0.39779260754585266
vn -0.43775278329849243 -0.8231656551361084 0.3616219460964203
vn 0.0013248920440673828 0.8810650110244751 -0.4729928970336914
vn -0.8944180607795715 -0.29068586230278015 -0.33987894654273987
vn -0.4910864233970642 -0.6542213559150696 0.5751767158508301
vn -0.7268046140670776 -0.12063759565353394 0.6761665344238281
vn 0.17286071181297302 0.6715560555458069 -0.7205076813697815
vn 0.5595727562904358 0.7884175777435303 -0.25549131631851196
vn 0.8466025590896606 -0.06913912296295166 0.5277155637741089
vn -0.9253993034362793 -0.22921431064605713 -0.3018224835395813
vn -0.5094148516654968 0.28057000041007996 0.8134964108467102
vn -0.6637096405029297 -0.3449329435825348 -0.6637096405029297
vn 0.41184213757514954 0.04131760448217392 -0.9103178977966309
vn 0.414299875497818 -0.2446771115064621 -0.8766346573829651
vn 0.9598581790924072 0.27970197796821594 0.02094680815935135
vn 0.7699665427207947 0.4495558440685272 0.45282524824142456
vn 0.7496023178100586 0.47941580414772034 0.45635122060775757
vn -0.5094148516654968 0.28057000041007996 0.8134964108467102
vn -0.15629175305366516 0.10055992007255554 0.982578456401825
vn -0.7268046140670776 -0.12063759565353394 0.6761665344238281
vn 0.06301498413085938 -0.34264442324638367 0.9373493194580078
vn -0.4910864233970642 -0.6542213559150696 0.5751767158508301
vn -0.43775278329849243 -0.8231656551361084 0.3616219460964203
vn 0.8843477964401245 0.044966816902160645 0.4646574556827545
vn 0.09288635104894638 -0.8025953769683838 0.5892472267150879
vn 0.30971410870552063 -0.7806708812713623 0.542797863483429
vn -0.502131462097168 -0.7678701877593994 0.39779260754585266
vn 0.46007341146469116 -0.5417532324790955 0.7034454941749573
vn 0.24168674647808075 0.38402992486953735 0.8911274075508118
vn 0.2222231775522232 -0.49467504024505615 0.8401862978935242
vn -0.06667394191026688 0.4204539954662323 0.9048604965209961
vn 0.970890998840332 -0.20459866523742676 0.1245383471250534
vn 0.8867892026901245 -0.21726344525814056 -0.40792298316955566
vn 0.9589895009994507 0.27087917923927307 -0.08344615995883942
vn 0.9065346717834473 0.31001412868499756 0.28650617599487305
vn -0.27970197796821594 0.9598582983016968 0.020946763455867767
vn 0.04604649543762207 0.8386045694351196 -0.5427906513214111
vn -0.17779949307441711 0.9809209704399109 0.07861891388893127
vn 0.2323145866394043 0.9249829649925232 -0.3007262349128723
vn 0.3265882432460785 0.8559395670890808 0.4008830785751343
vn 0.3154750168323517 0.7102228403091431 0.6293318867683411
vn -0.15294158458709717 0.9460718631744385 0.28558114171028137
vn 0.12145337462425232 0.9753826856613159 0.1840580850839615
vn 0.40088313817977905 0.3265882134437561 -0.8559395670890808
vn 0.42153024673461914 0.26935333013534546 -0.8658871650695801
vn 0.6715585589408875 0.6218135356903076 -0.4029351770877838
vn 0.6715585589408875 0.6218135356903076 -0.4029351770877838
vn 0.46342942118644714 0.82088702917099 -0.33373239636421204
vn -0.8066999912261963 0.4442462623119354 0.38971787691116333
vn -0.6817849278450012 0.7281059622764587 0.07092875242233276
vn -0.5973128080368042 0.800653338432312 0.04659882187843323
vn -0.642490029335022 -0.3739621937274933 -0.6688485145568848
vn -0.6459449529647827 0.4068291187286377 -0.6459449529647827
vn -0.17655986547470093 -0.2648397982120514 -0.9479906558990479
vn 0.10735166072845459 0.3008496165275574 -0.9476101398468018
vn 0.1211601048707962 -0.5984128713607788 -0.7919734120368958
vn 0.8535138368606567 0.297881156206131 -0.4275286793708801
vn 0.8992170095443726 0.09006020426750183 -0.4281325936317444
vn 0.547287106513977 -0.5489761829376221 -0.6317449808120728
vn -0.9954025149345398 0.0361366905272007 0.08869928121566772
vn -0.9173372387886047 0.11173591762781143 -0.38210880756378174
vn -0.8395100235939026 0.5352771878242493 0.09327894449234009
vn -0.748432993888855 0.42603105306625366 -0.5082765221595764
vn 0.04462013393640518 -0.8380223512649536 0.5438081622123718
vn 0.3704497516155243 -0.7652709484100342 0.5264285802841187
vn 0.08869931101799011 0.036136746406555176 0.9954025745391846
vn -0.25910723209381104 0.30542805790901184 0.9162842631340027
vn 0.41290801763534546 -0.8242279291152954 0.38749822974205017
vn 0.17420338094234467 -0.744184672832489 0.6448581218719482
vn 0.08225753903388977 0.24677219986915588 0.9655759334564209
vn -0.1429726779460907 0.001108318567276001 0.9897258877754211
vn -0.8992170691490173 0.4281325340270996 0.090060293674469
vn -0.7048247456550598 0.4582192599773407 0.541532039642334
vn -0.6250869631767273 0.7547346949577332 0.1991017758846283
vn -0.7253684401512146 0.6777054667472839 -0.12064650654792786
vn 0.9104856848716736 -0.044055789709091187 -0.41118699312210083
vn 0.7881781458854675 -0.1712772399187088 -0.5911335349082947
vn 0.9249829053878784 0.3007262945175171 -0.23231469094753265
vn 0.9104856848716736 -0.044055789709091187 -0.41118699312210083
vn 0.8911274671554565 0.3840298056602478 -0.2416868805885315
vn -0.4005458950996399 0.723619818687439 0.5620828866958618
vn -0.06667394191026688 0.4204539954662323 0.9048604965209961
vn -0.6997452974319458 0.5905651450157166 0.4019814133644104
vn -0.4634295403957367 0.3337324559688568 0.82088702917099
vn -0.018883943557739258 -0.21126456558704376 -0.9772462844848633
vn -0.5460807681083679 -0.11826880276203156 -0.8293418288230896
vn 0.10880470275878906 0.3264138102531433 -0.93894362449646
vn -0.371726930141449 0.3227751851081848 -0.87042236328125
vn 0.46007341146469116 -0.5417532324790955 0.7034454941749573
vn 0.6156004667282104 -0.6929619908332825 0.3752858638763428
vn 0.5512612462043762 0.3411027491092682 0.7614194750785828
vn 0.37804001569747925 0.2145633101463318 0.9005820155143738
vn 0.9476100206375122 0.30084946751594543 0.10735172778367996
vn 0.8535138368606567 0.297881156206131 -0.4275286793708801
vn 0.6527628302574158 0.7479265928268433 -0.12044142931699753
vn 0.2904452979564667 0.8951670527458191 0.338108092546463
vn -0.820410430431366 0.1439056545495987 0.5533690452575684
vn -0.7884175181388855 0.5595726370811462 0.2554910480976105
vn -0.7884175181388855 0.5595726370811462 0.2554910480976105
vn -0.25910723209381104 0.30542805790901184 0.9162842631340027
vn -0.5450072884559631 0.7783535718917847 0.3116612136363983
vn 0.0013836026191711426 0.7180881500244141 0.6959505081176758
vn 0.37804001569747925 0.2145633101463318 0.9005820155143738
vn -0.3727416694164276 -0.7405786514282227 -0.5591124296188354
vn -0.12223710119724274 -0.7259693145751953 -0.6767764091491699
vn 0.28225311636924744 -0.1291441023349762 -0.9506075382232666
vn 0.1289587914943695 -0.03733018413186073 -0.990946888923645
vn -0.92859947681427 0.36532890796661377 0.06509485840797424
vn -0.8083650469779968 0.2538796663284302 -0.5311222076416016
vn -0.6271995306015015 0.7695425748825073 -0.12010204792022705
vn -0.521641731262207 0.6296839714050293 -0.5756628513336182
vn -0.521641731262207 0.6296839714050293 -0.5756628513336182
vn 0.1439056396484375 0.8204104900360107 -0.5533690452575684
vn -0.26011115312576294 0.9537410140037537 -0.150731161236763
vn -0.5973128080368042 0.800653338432312 0.04659882187843323
vn 0.5729237794876099 -0.7950466871261597 0.19914469122886658
vn 0.6879982352256775 -0.2309037148952484 0.6879982352256775
vn 0.4497135877609253 -0.8775254487991333 -0.16645249724388123
vn 0.9326914548873901 0.20617395639419556 0.2959367036819458
vn 0.20081698894500732 -0.6256221532821655 0.7538362741470337
vn -0.06667394191026688 0.4204539954662323 0.9048604965209961
vn -0.044908978044986725 -0.5711870193481445 0.819590151309967
vn -0.25910723209381104 0.30542805790901184 0.9162842631340027
vn -0.48127633333206177 -0.4565533697605133 -0.7482859492301941
vn -0.7452472448348999 -0.402170866727829 -0.5318503975868225
vn -0.6627606153488159 0.3485630750656128 -0.6627607345581055
vn -0.7650752067565918 0.3687305450439453 -0.5279181003570557
vn -0.20230954885482788 -0.10115484148263931 -0.9740833044052124
vn -0.20230954885482788 -0.10115484148263931 -0.9740833044052124
vn 0.19749927520751953 0.5741256475448608 -0.7945899963378906
vn 0.1266118586063385 -0.9917929172515869 -0.01777014136314392
vn 0.29137590527534485 -0.9546396136283875 -0.061342328786849976
vn 0.8201782703399658 -0.5645945072174072 0.09241455793380737
vn 0.9060482978820801 -0.259499192237854 0.33427029848098755
vn -0.5082764625549316 0.4260311722755432 -0.7484331130981445
vn 0.1439056396484375 0.8204104900360107 -0.5533690452575684
vn 0.24168670177459717 0.3840298354625702 -0.8911274671554565
vn 0.43807172775268555 0.8716582655906677 -0.2197834849357605
vn 0.15208697319030762 -0.9538785815238953 0.2588147222995758
vn 0.29137590527534485 -0.9546396136283875 -0.061342328786849976
vn 0.747279703617096 -0.4296035170555115 0.5069649815559387
vn 0.3536107540130615 -0.3768746256828308 0.8561100959777832
vn 0.6672283411026001 0.6441636681556702 0.3739774823188782
vn 0.9737720489501953 0.20375454425811768 0.10125233232975006
vn 0.94975346326828 0.197016179561615 -0.2432129979133606
vn 0.8218740224838257 0.5618789196014404 -0.09388718754053116
vn 0.2500937283039093 -0.8290145993232727 0.5001876354217529
vn 0.5729237794876099 -0.7950466871261597 0.19914469122886658
vn 0.5218402147293091 -0.2256191074848175 0.8226655125617981
vn 0.08869931101799011 0.036136746406555176 0.9954025745391846
vn -0.37192872166633606 0.18811839818954468 -0.9089995622634888
vn -0.8083650469779968 0.2538796663284302 -0.5311222076416016
vn -0.17042773962020874 0.5655785799026489 -0.8068920373916626
vn -0.6260406970977783 0.46491488814353943 -0.6260406970977783
vn 0.9249829053878784 0.3007262945175171 -0.23231469094753265
vn 0.8867892026901245 -0.21726344525814056 -0.40792298316955566
vn 0.2807125151157379 -0.2821594178676605 -0.917380154132843
vn 0.7200600504875183 0.37233179807662964 -0.5855614542961121
vn -0.5621480941772461 0.8093122839927673 0.17030225694179535
vn -0.7677374482154846 0.5036749839782715 0.39609384536743164
vn -0.8121022582054138 0.5712618231773376 -0.11895167827606201
vn -0.8911274671554565 0.3840298354625702 0.24168670177459717
vn 0.5487445592880249 0.0013548731803894043 0.8359887599945068
vn 0.9440730810165405 -0.021513700485229492 0.32903343439102173
vn 0.6301438808441162 0.5490529537200928 0.5490529537200928
vn 0.198347270488739 0.7764756083488464 0.5981168150901794
vn -0.044908978044986725 -0.5711870193481445 0.819590151309967
vn -0.6552618741989136 0.547455370426178 0.520503580570221
vn -0.5186998844146729 -0.5473296642303467 0.6567955017089844
vn -0.8066999912261963 0.4442462623119354 0.38971787691116333
vn -0.9041130542755127 0.16139769554138184 0.39563870429992676
vn -0.820410430431366 0.1439056545495987 0.5533690452575684
vn -0.7884175181388855 0.5595726370811462 0.2554910480976105
vn 0.2421157956123352 -0.1999497413635254 0.9494206309318542
vn -0.3342702388763428 -0.259499192237854 0.9060483574867249
vn -0.2870761752128601 0.6495299339294434 0.7040581703186035
vn -0.6997452974319458 0.5905651450157166 0.4019814133644104
vn -0.7650752067565918 0.3687305450439453 -0.5279181003570557
vn -0.521641731262207 0.6296839714050293 -0.5756628513336182
vn 0.07081478834152222 0.6575672030448914 -0.7500600814819336
vn -0.36662837862968445 0.29420799016952515 -0.8826239109039307
vn -0.25910723209381104 0.30542805790901184 0.9162842631340027
vn 0.11307333409786224 -0.3792092204093933 0.9183759689331055
vn -0.6354283094406128 0.34466683864593506 0.6909669637680054
vn -0.461739182472229 -0.5704821944236755 0.6792250871658325
vn -0.6817849278450012 0.7281059622764587 0.07092875242233276
vn -0.2865060269832611 0.906534731388092 -0.3100142478942871
vn -0.5706882476806641 0.6777969002723694 -0.46357959508895874
vn 0.04604649543762207 0.8386045694351196 -0.5427906513214111
vn 0.09006036818027496 0.428132563829422 0.8992170691490173
vn -0.8911274671554565 0.3840298354625702 0.24168670177459717
vn -0.5450072884559631 0.7783535718917847 0.3116612136363983
vn -0.7808936238288879 0.6174167990684509 0.0948750376701355
vn -0.042513251304626465 0.3336644470691681 -0.94173264503479
vn 0.41961318254470825 0.7890024781227112 -0.4487755596637726
vn 0.1649237871170044 0.8771607875823975 -0.45098620653152466
vn -0.5769269466400146 0.5498570203781128 -0.6039968729019165
vn -0.5186998844146729 -0.5473296642303467 0.6567955017089844
vn -0.8466439843177795 0.4700177311897278 0.24955326318740845
vn -0.8816995024681091 -0.36989086866378784 0.29289326071739197
vn -0.8992170691490173 0.4281325340270996 0.090060293674469
vn 0.3728782832622528 -0.18500497937202454 0.909249484539032
vn 0.24168674647808075 0.38402992486953735 0.8911274075508118
vn 0.22572274506092072 0.5236154794692993 0.8215081691741943
vn -0.3398789167404175 -0.29068586230278015 -0.8944180011749268
vn -0.9173372387886047 0.11173591762781143 -0.38210880756378174
vn -0.371726930141449 0.3227751851081848 -0.87042236328125
vn -0.6459449529647827 0.4068291187286377 -0.6459449529647827
vn -0.1922062337398529 -0.9623477458953857 0.1922062337398529
vn -0.5207623243331909 -0.7827508449554443 -0.3407457172870636
vn -0.9429265856742859 0.30621495842933655 -0.130849689245224
vn -0.8936457633972168 0.26616066694259644 -0.361324280500412
vn -0.044908978044986725 -0.5711870193481445 0.819590151309967
vn 0.04352927953004837 -0.8855501413345337 0.46249938011169434
vn 0.11685837805271149 -0.8792875409126282 0.46173301339149475
vn 0.11307333409786224 -0.3792092204093933 0.9183759689331055
vn 0.6031181812286377 -0.733739972114563 -0.3128475844860077
vn 0.1211601048707962 -0.5984128713607788 -0.7919734120368958
vn 0.7912789583206177 0.12275928258895874 -0.5990055203437805
vn 0.94975346326828 0.197016179561615 -0.2432129979133606
vn -0.7884175181388855 0.5595726370811462 0.2554910480976105
vn -0.5533690452575684 0.820410430431366 -0.14390572905540466
vn -0.748432993888855 0.42603105306625366 -0.5082765221595764
vn -0.3960939943790436 0.7677374482154846 -0.5036749839782715
vn -0.32839235663414 -0.938071608543396 -0.11036133766174316
vn -0.04015153646469116 -0.9573639631271362 0.28607985377311707
vn -0.760059118270874 -0.34121787548065186 0.5530643463134766
vn -0.9954025149345398 0.0361366905272007 0.08869928121566772
vn -0.07246813923120499 -0.9930393099784851 0.09284976124763489
vn -0.08214259147644043 -0.9587572813034058 0.272097110748291
vn -0.4469079375267029 -0.41938096284866333 0.7901852130889893
vn -0.5677269697189331 -0.28069183230400085 0.7738849520683289
vn -0.9173372387886047 0.11173591762781143 -0.38210880756378174
vn -0.7016574144363403 -0.12390958517789841 -0.7016574144363403
vn -0.6459449529647827 0.4068291187286377 -0.6459449529647827
vn -0.5279181003570557 0.3687305450439453 -0.7650752067565918
vn -0.06811212003231049 -0.8301178812980652 0.5534118413925171
vn -0.42773276567459106 -0.7485322952270508 0.5066988468170166
vn -0.8066999912261963 0.4442462623119354 0.38971787691116333
vn -0.8704223036766052 0.3227751851081848 0.371726930141449
vn 0.9809210300445557 0.1777995228767395 -0.07861882448196411
vn 0.8992170095443726 0.09006020426750183 -0.4281325936317444
vn 0.8911274671554565 0.3840298056602478 -0.2416868805885315
vn 0.7936925888061523 0.6042399406433105 0.07032708078622818
vn -0.6997452974319458 0.5905651450157166 0.4019814133644104
vn -0.6354283094406128 0.34466683864593506 0.6909669637680054
vn -0.7884175181388855 0.5595726370811462 0.2554910480976105
vn -0.8704223036766052 0.3227751851081848 0.371726930141449
vn 0.2217068076133728 0.4630204141139984 -0.8581711649894714
vn 0.3954926133155823 0.8688621520996094 -0.2977646589279175
vn 0.3398764729499817 0.9382691383361816 0.06430093944072723
vn 0.808364987373352 0.5311222076416016 -0.253879576921463
vn 0.2824055552482605 -0.5663975477218628 -0.7742354869842529
vn -0.16958332061767578 -0.5072622895240784 -0.8449414968490601
vn 0.2601112723350525 0.15073104202747345 -0.9537410736083984
vn 0.7604742646217346 0.2295476496219635 -0.6074423789978027
vn 0.2904452979564667 0.8951670527458191 0.338108092546463
vn 0.8662804365158081 0.4186770021915436 0.27252042293548584
vn 0.8911274671554565 0.3840298056602478 -0.2416868805885315
vn 0.48184362053871155 0.8759565353393555 -0.022944889962673187
vn 0.73785400390625 0.6344603300094604 0.23028554022312164
vn 0.9809210300445557 0.1777995228767395 -0.07861882448196411
vn 0.5798977613449097 0.73908531665802 0.3427407741546631
vn 0.94975346326828 0.197016179561615 -0.2432129979133606
vn -0.4803866446018219 0.8317374587059021 0.27828216552734375
vn -0.6817849278450012 0.7281059622764587 0.07092875242233276
vn -0.26011115312576294 0.9537410140037537 -0.150731161236763
vn -0.38114792108535767 0.8422898650169373 -0.38114792108535767
vn 0.5055198669433594 -0.8460022211074829 0.1694977879524231
vn 0.3353821635246277 -0.8210533857345581 0.46194133162498474
vn 0.39609062671661377 -0.0012860298156738281 0.9182102680206299
vn 0.2421157956123352 -0.1999497413635254 0.9494206309318542
vn -0.5427905321121216 0.04604649543762207 -0.8386046290397644
vn -0.9173372387886047 0.11173591762781143 -0.38210880756378174
vn -0.33657360076904297 0.4928969144821167 -0.8023531436920166
vn -0.7059545516967773 0.5123593807220459 -0.4889945983886719
vn 0.8871341943740845 0.21403402090072632 -0.4088788628578186
vn 0.446747750043869 0.06735575944185257 -0.8921207189559937
vn 0.6753798723220825 0.43524476885795593 -0.5953348875045776
vn 0.808364987373352 0.5311222076416016 -0.253879576921463
vn -0.3146064877510071 0.6017858386039734 -0.7340818643569946
vn 0.278282105922699 0.8317375183105469 -0.48038673400878906
vn 0.2660270035266876 0.9619837999343872 -0.061778802424669266
vn -0.5331773161888123 0.8456824421882629 0.02330082654953003
vn -0.07246813923120499 -0.9930393099784851 0.09284976124763489
vn -0.1922062337398529 -0.9623477458953857 0.1922062337398529
vn -0.8944181799888611 -0.2906857132911682 0.33987897634506226
vn -0.9622939825057983 0.10434501618146896 0.2512013018131256
vn -0.3342702388763428 -0.259499192237854 0.9060483574867249
vn 0.2421157956123352 -0.1999497413635254 0.9494206309318542
vn -0.4649149179458618 0.6260406970977783 0.6260406970977783
vn -0.6408130526542664 0.6704650521278381 0.3739449381828308
vn -0.39313024282455444 0.47402113676071167 0.7878783345222473
vn 0.10083074867725372 -0.1782982349395752 0.9787963628768921
vn -0.7048247456550598 0.4582192599773407 0.541532039642334
vn -0.4469079375267029 -0.41938096284866333 0.7901852130889893
vn -0.3052408695220947 -0.8197448253631592 -0.48460930585861206
vn -0.17655986547470093 -0.2648397982120514 -0.9479906558990479
vn -0.44909408688545227 -0.8505104780197144 -0.27376291155815125
vn -0.3804478943347931 -0.11165323853492737 -0.9180374145507812
vn 0.00133591890335083 0.8670064210891724 0.4982949495315552
vn 0.6543121337890625 0.49283653497695923 0.5735744833946228
vn 0.7699665427207947 0.4495558440685272 0.45282524824142456
vn 0.7699665427207947 0.4495558440685272 0.45282524824142456
vn 0.2757139503955841 0.8487061858177185 0.4513082504272461
vn -0.15208697319030762 -0.9538785219192505 -0.25881463289260864
vn -0.6027917861938477 -0.48997870087623596 -0.6297321319580078
vn -0.03559774160385132 -0.9934020042419434 -0.10901832580566406
vn -0.25347965955734253 -0.9270521402359009 -0.2762643098831177
vn -0.3319537341594696 -0.4306004047393799 -0.8392791748046875
vn 0.13234347105026245 -0.3065505623817444 -0.9426090717315674
vn 0.08756043761968613 -0.9125442504882812 -0.39949455857276917
vn 0.2184925377368927 0.955737292766571 0.19704534113407135
vn 0.32277530431747437 0.8704223036766052 -0.37172698974609375
vn 0.1809176802635193 0.9784325957298279 0.09968946874141693
vn 0.32277530431747437 0.8704223036766052 -0.37172698974609375
vn 0.32285940647125244 0.9230648279190063 -0.20907634496688843
vn -0.5621480941772461 0.8093122839927673 0.17030225694179535
vn -0.7677374482154846 0.5036749839782715 0.39609384536743164
vn -0.4281325936317444 0.8992169499397278 0.0900602713227272
vn -0.7677374482154846 0.5036749839782715 0.39609384536743164
vn -0.6997452974319458 0.5905651450157166 0.4019814133644104
vn -0.17042763531208038 0.5655785799026489 0.8068920373916626
vn 0.08869931101799011 0.036136746406555176 0.9954025745391846
vn 0.23802819848060608 0.040281713008880615 0.9704225063323975
vn 0.09518705308437347 0.6428778171539307 0.76003098487854
vn -0.2553843557834625 0.9259463548660278 0.2782120108604431
vn -0.27970197796821594 0.9598582983016968 0.020946763455867767
vn -0.3685350716114044 0.9273248910903931 0.06519200652837753
vn -0.15922588109970093 0.9173099398612976 -0.3649512529373169
vn -0.12064646184444427 0.7253682613372803 0.6777056455612183
vn 0.49283653497695923 0.573574423789978 0.6543120741844177
vn 0.0012581050395965576 0.9373070597648621 0.34850209951400757
vn -0.30084964632987976 0.9476100206375122 0.10735172033309937
vn 0.2184925377368927 0.955737292766571 0.19704534113407135
vn 0.46342942118644714 0.82088702917099 -0.33373239636421204
vn 0.32285940647125244 0.9230648279190063 -0.20907634496688843
vn 0.001108318567276001 0.9897259473800659 0.1429726928472519
vn -0.04604654014110565 0.5427905321121216 0.8386046290397644
vn 0.2421157956123352 -0.1999497413635254 0.9494206309318542
vn 0.23802819848060608 0.040281713008880615 0.9704225063323975
vn -0.023774251341819763 0.633515477180481 0.7733643054962158
vn 0.09006036818027496 0.428132563829422 0.8992170691490173
vn -0.3014824390411377 0.851881206035614 0.42825964093208313
vn 0.09327901899814606 0.5352770090103149 0.8395100831985474
vn -0.15510240197181702 0.9374767541885376 0.3115772306919098
vn 0.7732505798339844 0.5668385624885559 -0.28421324491500854
vn -0.4029352366924286 0.6218135356903076 -0.6715586185455322
vn 0.9055813550949097 0.11302319169044495 -0.4088371992111206
vn 0.9832713603973389 0.12002941966056824 -0.13700325787067413
vn 0.017480671405792236 -0.10597676038742065 0.9942147731781006
vn 0.7732505798339844 0.5668385624885559 -0.28421324491500854
vn -0.7721154689788818 -0.023778989911079407 0.6350369453430176
vn 0.8795529007911682 -0.39308780431747437 0.26808276772499084
vn 0.83283531665802 -0.27812984585762024 0.47856953740119934
vn 0.4670898914337158 -0.36311444640159607 0.8062100410461426
vn 0.41881656646728516 -0.06663000583648682 0.9056229591369629
vn -0.37192872166633606 0.18811839818954468 -0.9089995622634888
vn 0.9317076802253723 0.04039573669433594 -0.36095529794692993
vn 0.25731778144836426 -0.018206417560577393 0.9661551713943481
vn 0.9682682156562805 0.06090521812438965 -0.24237781763076782
vn -0.15897274017333984 0.12200235575437546 -0.9797157049179077
vn -0.9784326553344727 0.09968941658735275 0.18091776967048645
vn -0.8927622437477112 0.11423974484205246 0.43580323457717896
vn 0.25731778144836426 -0.018206417560577393 0.9661551713943481
vn 0.41881656646728516 -0.06663000583648682 0.9056229591369629
vn 0.4670898914337158 -0.36311444640159607 0.8062100410461426
vn 0.017480671405792236 -0.10597676038742065 0.9942147731781006
vn 0.83283531665802 -0.27812984585762024 0.47856953740119934
vn 0.5156512260437012 0.485613614320755 0.7058916091918945
vn 0.5512612462043762 0.3411027491092682 0.7614194750785828
vn 0.0948750376701355 0.7808935642242432 0.6174167394638062
vn 0.0948750376701355 0.7808935642242432 0.6174167394638062
vn 0.09006032347679138 0.8992171287536621 0.428132563829422
vn -0.636128306388855 -0.23032233119010925 0.7364048361778259
vn -0.8101754188537598 0.02077379822731018 0.5858190059661865
vn 0.1377381533384323 0.4160540997982025 0.8988475203514099
vn -0.695591151714325 -0.258861780166626 0.6701815128326416
vn -0.7482534646987915 -0.48290354013442993 0.4548853039741516
vn -0.8723016381263733 -0.43764442205429077 0.21807527542114258
vn -0.7479264736175537 0.12044140696525574 -0.6527628302574158
vn -0.48948025703430176 -0.11949072778224945 -0.8637886047363281
vn -0.5821509957313538 -0.14479142427444458 -0.8000844120979309
vn -0.9166126251220703 -0.15934962034225464 0.36664506793022156
vn -0.9831089377403259 0.0557372160255909 0.17432686686515808
vn -0.44171735644340515 -0.1391122192144394 -0.8863031268119812
vn 0.1102137416601181 0.35241150856018066 0.9293323755264282
vn 0.2553842067718506 0.2782120406627655 0.9259464740753174
vn 0.8354285955429077 0.30450204014778137 -0.4575338661670685
vn 0.8792359828948975 -0.06795352697372437 -0.47151458263397217
vn -0.44171735644340515 -0.1391122192144394 -0.8863031268119812
vn -0.5821509957313538 -0.14479142427444458 -0.8000844120979309
vn 0.6013586521148682 0.6283101439476013 -0.49355214834213257
vn -0.8101754188537598 0.02077379822731018 0.5858190059661865
vn -0.16321933269500732 0.4232146143913269 -0.8912061452865601
vn -0.48948025703430176 -0.11949072778224945 -0.8637886047363281
vn -0.16321933269500732 0.4232146143913269 -0.8912061452865601
vn -0.7479264736175537 0.12044140696525574 -0.6527628302574158
vn -0.9583171010017395 -0.27362126111984253 0.08221495151519775
vn -0.5186998844146729 -0.5473296642303467 0.6567955017089844
vn -0.8911274671554565 0.3840298354625702 0.24168670177459717
vn -0.8992170691490173 0.4281325340270996 0.090060293674469
vn 0.6909669637680054 0.34466683864593506 0.6354283094406128
vn 0.9060482978820801 -0.259499192237854 0.33427029848098755
vn 0.9969089031219482 0.03556537628173828 -0.07005296647548676
vn 0.9114728569984436 0.401596337556839 0.0890914797782898
vn 0.3728782832622528 -0.18500497937202454 0.909249484539032
vn 0.5218402147293091 -0.2256191074848175 0.8226655125617981
vn 0.24168674647808075 0.38402992486953735 0.8911274075508118
vn 0.2184925377368927 0.955737292766571 0.19704534113407135
vn 0.1809176802635193 0.9784325957298279 0.09968946874141693
vn 0.001108318567276001 0.9897259473800659 0.1429726928472519
vn 0.2323145866394043 0.9249829649925232 -0.3007262349128723
vn 0.001108318567276001 0.9897259473800659 0.1429726928472519
vn -0.040854573249816895 0.2612212002277374 -0.9644138813018799
vn -0.37192872166633606 0.18811839818954468 -0.9089995622634888
vn 0.07081478834152222 0.6575672030448914 -0.7500600814819336
vn -0.8936457633972168 0.26616066694259644 -0.361324280500412
vn -0.9429265856742859 0.30621495842933655 -0.130849689245224
vn -0.5082765221595764 0.7484330534934998 -0.42603111267089844
vn -0.9429265856742859 0.30621495842933655 -0.130849689245224
vn -0.7102227210998535 0.6293318271636963 -0.3154749274253845
vn -0.92859947681427 0.36532890796661377 0.06509485840797424
vn -0.7650752067565918 0.3687305450439453 -0.5279181003570557
vn -0.8121022582054138 0.5712618231773376 -0.11895167827606201
vn -0.6524245738983154 0.5987547636032104 -0.4645799696445465
vn -0.21535784006118774 0.03970284387469292 -0.9757276177406311
vn 0.27970191836357117 0.020946741104125977 -0.9598581790924072
vn 0.2217068076133728 0.4630204141139984 -0.8581711649894714
vn 0.6753798723220825 0.43524476885795593 -0.5953348875045776
vn 0.11493857949972153 -0.9887059926986694 -0.09617313742637634
vn 0.263236939907074 -0.9484673738479614 -0.176395982503891
vn 0.8568559288978577 -0.4661417603492737 -0.22024814784526825
vn 0.9275903701782227 -0.3681125044822693 -0.06378839910030365
vn -0.47861307859420776 0.7693745493888855 0.42307430505752563
vn -0.3800048232078552 0.9247215390205383 -0.022048071026802063
vn -0.11928504705429077 0.9801046848297119 0.15863673388957977
vn 0.00133591890335083 0.8670064210891724 0.4982949495315552
vn 0.8460534811019897 -0.5287835001945496 -0.06768427789211273
vn 0.6031181812286377 -0.733739972114563 -0.3128475844860077
vn 0.94975346326828 0.197016179561615 -0.2432129979133606
vn 0.9969089031219482 0.03556537628173828 -0.07005296647548676
vn 0.24717268347740173 0.2223174273967743 0.9431226253509521
vn -0.25849616527557373 0.7215688228607178 0.6422755718231201
vn 0.19991305470466614 0.7051194906234741 0.6803240180015564
vn 0.8519842028617859 0.1931564211845398 0.48663443326950073
vn 0.5279181599617004 0.7650750279426575 -0.3687305748462677
vn 0.8627043962478638 0.4412074387073517 -0.24713684618473053
vn 0.48184362053871155 0.8759565353393555 -0.022944889962673187
vn 0.2660270035266876 0.9619837999343872 -0.061778802424669266
vn 0.2421157956123352 -0.1999497413635254 0.9494206309318542
vn -0.17042763531208038 0.5655785799026489 0.8068920373916626
vn -0.17042763531208038 0.5655785799026489 0.8068920373916626
vn -0.17042763531208038 0.5655785799026489 0.8068920373916626
vn 0.2421157956123352 -0.1999497413635254 0.9494206309318542
vn 0.2184925377368927 0.955737292766571 0.19704534113407135
vn 0.2323145866394043 0.9249829649925232 -0.3007262349128723
vn -0.17779949307441711 0.9809209704399109 0.07861891388893127
vn 0.08686721324920654 0.9341554641723633 0.3461320400238037
vn -0.7419914603233337 -0.5573107004165649 -0.37263014912605286
vn -0.7891924977302551 -0.4706045091152191 0.39459624886512756
vn -0.8992170691490173 0.4281325340270996 0.090060293674469
vn -0.8569913506507874 0.3765803575515747 -0.3517850637435913
vn -0.8466439843177795 0.4700177311897278 0.24955326318740845
vn -0.4634295403957367 0.3337324559688568 0.82088702917099
vn -0.714192271232605 0.6608240604400635 0.23073898255825043
vn -0.5621480941772461 0.8093122839927673 0.17030225694179535
vn -0.8066999912261963 0.4442462623119354 0.38971787691116333
vn -0.9429265856742859 0.30621495842933655 -0.130849689245224
vn -0.6817849278450012 0.7281059622764587 0.07092875242233276
vn -0.7102227210998535 0.6293318271636963 -0.3154749274253845
vn 0.36662840843200684 0.8826239109039307 0.2942080497741699
vn 0.7236197590827942 0.5620830059051514 0.40054577589035034
vn 0.08344629406929016 0.9589893221855164 0.27087926864624023
vn 0.001108318567276001 0.9897259473800659 0.1429726928472519
vn 0.7571429014205933 0.6367224454879761 -0.14600977301597595
vn 0.4372164011001587 0.2163698673248291 0.8729407787322998
vn -0.9677810668945312 0.25178998708724976 0.0011932551860809326
vn -0.9055343866348267 0.3331543803215027 -0.2627077102661133
vn -0.19530972838401794 -0.05907515436410904 -0.9789605140686035
vn -0.04028177261352539 0.2380281537771225 -0.9704225063323975
vn -0.19670110940933228 0.0591309629380703 -0.9786785840988159
vn -0.9862262606620789 0.09636218100786209 0.13443130254745483
vn 0.360955148935318 0.04039567708969116 0.9317075610160828
vn 0.9146621227264404 -0.02227690815925598 -0.4036044478416443
vn 0.8969330787658691 -0.18722394108772278 -0.4005720019340515
vn 0.7571429014205933 0.6367224454879761 -0.14600977301597595
vn 0.8270809054374695 0.25198909640312195 -0.5024322867393494
vn -0.04028177261352539 0.2380281537771225 -0.9704225063323975
vn -0.19530972838401794 -0.05907515436410904 -0.9789605140686035
vn -0.19670110940933228 0.0591309629380703 -0.9786785840988159
vn 0.6543121337890625 0.49283653497695923 0.5735744833946228
vn 0.9589895009994507 0.27087917923927307 -0.08344615995883942
vn 0.5533690452575684 0.820410430431366 0.14390572905540466
vn 0.09006032347679138 0.8992171287536621 0.428132563829422
vn -0.17042763531208038 0.5655785799026489 0.8068920373916626
vn -0.07971804589033127 -0.22296100854873657 0.9715621471405029
vn -0.4469079375267029 -0.41938096284866333 0.7901852130889893
vn -0.4649149179458618 0.6260406970977783 0.6260406970977783
vn -0.06430092453956604 0.9382690787315369 0.3398764133453369
vn 0.0013836026191711426 0.7180881500244141 0.6959505081176758
vn -0.37115803360939026 0.9099820852279663 0.18486252427101135
vn -0.4005458950996399 0.723619818687439 0.5620828866958618
vn -0.17316514253616333 -0.983245849609375 0.0569310188293457
vn -0.9583171010017395 -0.27362126111984253 0.08221495151519775
vn -0.03559774160385132 -0.9934020042419434 -0.10901832580566406
vn -0.9762646555900574 0.14412125945091248 -0.1616663932800293
vn -0.018883943557739258 -0.21126456558704376 -0.9772462844848633
vn -0.3804478943347931 -0.11165323853492737 -0.9180374145507812
vn -0.040854573249816895 0.2612212002277374 -0.9644138813018799
vn 0.2515624761581421 0.2515626549720764 -0.9345760345458984
vn 0.08869931101799011 0.036136746406555176 0.9954025745391846
vn 0.3728782832622528 -0.18500497937202454 0.909249484539032
vn 0.09006036818027496 0.428132563829422 0.8992170691490173
vn -0.4928366541862488 0.5735743045806885 0.6543120741844177
vn 0.396959513425827 -0.8687304854393005 -0.2961929142475128
vn 0.9687656164169312 -0.10270953178405762 -0.2257070392370224
vn 0.5055198669433594 -0.8460022211074829 0.1694977879524231
vn 0.9923608303070068 0.00109177827835083 0.12336277216672897
vn -0.26011115312576294 0.9537410140037537 -0.150731161236763
vn 0.2323145866394043 0.9249829649925232 -0.3007262349128723
vn 0.2660270035266876 0.9619837999343872 -0.061778802424669266
vn -0.5706882476806641 0.6777969002723694 -0.46357959508895874
vn -0.09181421995162964 0.8715288043022156 -0.48167145252227783
vn 0.19749927520751953 0.5741256475448608 -0.7945899963378906
vn 0.43807172775268555 0.8716582655906677 -0.2197834849357605
vn -0.34497296810150146 -0.8821018934249878 0.32076433300971985
vn 0.14559219777584076 -0.8185846209526062 0.5556273460388184
vn -0.1429726779460907 0.001108318567276001 0.9897258877754211
vn -0.7614194750785828 0.3411029875278473 0.5512612462043762
vn -0.8466439843177795 0.4700177311897278 0.24955326318740845
vn -0.8066999912261963 0.4442462623119354 0.38971787691116333
vn -0.5973128080368042 0.800653338432312 0.04659882187843323
vn -0.7677374482154846 0.5036749839782715 0.39609384536743164
vn -0.06667394191026688 0.4204539954662323 0.9048604965209961
vn -0.47861307859420776 0.7693745493888855 0.42307430505752563
vn -0.5621480941772461 0.8093122839927673 0.17030225694179535
vn 0.9737720489501953 0.20375454425811768 0.10125233232975006
vn 0.5487445592880249 0.0013548731803894043 0.8359887599945068
vn 0.8083649277687073 0.5311222672462463 0.25387948751449585
vn 0.2295476198196411 0.6074424982070923 0.7604742050170898
vn 0.24168674647808075 0.38402992486953735 0.8911274075508118
vn 0.9065346717834473 0.31001412868499756 0.28650617599487305
vn 0.3265882432460785 0.8559395670890808 0.4008830785751343
vn -0.09258595108985901 0.8560635447502136 0.508510410785675
vn -0.9622939825057983 0.10434501618146896 0.2512013018131256
vn -0.9041130542755127 0.16139769554138184 0.39563870429992676
vn -0.7808936238288879 0.6174167990684509 0.0948750376701355
vn -0.9041130542755127 0.16139769554138184 0.39563870429992676
vn -0.8395100235939026 0.5352771878242493 0.09327894449234009
vn -0.7808936238288879 0.6174167990684509 0.0948750376701355
vn -0.33054593205451965 0.838114321231842 -0.43393945693969727
vn 0.32277530431747437 0.8704223036766052 -0.37172698974609375
vn 0.2660270035266876 0.9619837999343872 -0.061778802424669266
vn 0.2660270035266876 0.9619837999343872 -0.061778802424669266
vn -0.15922588109970093 0.9173099398612976 -0.3649512529373169
vn -0.7053238153457642 0.07096678018569946 -0.7053238153457642
vn -0.5427905321121216 0.04604649543762207 -0.8386046290397644
vn -0.6459449529647827 0.4068291187286377 -0.6459449529647827
vn -0.371726930141449 0.3227751851081848 -0.87042236328125
vn -0.4047391414642334 -0.6718006134033203 -0.620378851890564
vn -0.21535784006118774 0.03970284387469292 -0.9757276177406311
vn -0.14706873893737793 -0.6077840328216553 -0.7803646922111511
vn 0.1289587914943695 -0.03733018413186073 -0.990946888923645
vn -0.526013970375061 0.14292263984680176 0.8383805751800537
vn -0.2202482372522354 -0.4661417007446289 0.8568560481071472
vn -0.04269969463348389 -0.4123193025588989 0.9100380539894104
vn -0.526013970375061 0.14292263984680176 0.8383805751800537
vn -0.39313024282455444 0.47402113676071167 0.7878783345222473
vn -0.5706881284713745 0.4635796546936035 0.6777968406677246
vn -0.3342702388763428 -0.259499192237854 0.9060483574867249
vn 0.08869931101799011 0.036136746406555176 0.9954025745391846
vn -0.5706881284713745 0.4635796546936035 0.6777968406677246
vn -0.4649149179458618 0.6260406970977783 0.6260406970977783
vn -0.4928366541862488 0.5735743045806885 0.6543120741844177
vn -0.3342702388763428 -0.259499192237854 0.9060483574867249
vn 0.10083074867725372 -0.1782982349395752 0.9787963628768921
vn -0.04604654014110565 0.5427905321121216 0.8386046290397644
vn -0.22170686721801758 0.46302053332328796 0.8581711053848267
vn -0.22170686721801758 0.46302053332328796 0.8581711053848267
vn -0.512740969657898 0.7251385450363159 0.45964157581329346
vn -0.6997452974319458 0.5905651450157166 0.4019814133644104
vn -0.39313024282455444 0.47402113676071167 0.7878783345222473
vn -0.8466439843177795 0.4700177311897278 0.24955326318740845
vn -0.8704223036766052 0.3227751851081848 0.371726930141449
vn -0.8911274671554565 0.3840298354625702 0.24168670177459717
vn -0.820410430431366 0.1439056545495987 0.5533690452575684
vn -0.8992170691490173 0.4281325340270996 0.090060293674469
vn -0.8929471373558044 -0.06731449067592621 0.4450998604297638
vn 0.0013003349304199219 0.90631502866745 0.42260029911994934
vn 0.3439334034919739 0.6079959869384766 0.7155769467353821
vn -0.19137969613075256 0.8678845763206482 0.4584210216999054
vn 0.09327901899814606 0.5352770090103149 0.8395100831985474
vn 0.24717268347740173 0.2223174273967743 0.9431226253509521
vn 0.2222231775522232 -0.49467504024505615 0.8401862978935242
vn 0.24717268347740173 0.2223174273967743 0.9431226253509521
vn 0.3536107540130615 -0.3768746256828308 0.8561100959777832
vn 0.49283653497695923 0.573574423789978 0.6543120741844177
vn 0.8455057740211487 -0.020521938800811768 0.5335715413093567
vn 0.9809210300445557 0.1777995228767395 -0.07861882448196411
vn 0.8715287446975708 0.48167139291763306 0.0918143093585968
vn 0.8662804365158081 0.4186770021915436 0.27252042293548584
vn 0.970890998840332 -0.20459866523742676 0.1245383471250534
vn 0.9923608303070068 0.00109177827835083 0.12336277216672897
vn 0.8662804365158081 0.4186770021915436 0.27252042293548584
vn 0.9923608303070068 0.00109177827835083 0.12336277216672897
vn 0.8208869695663452 0.33373257517814636 0.46342945098876953
vn 0.9254930019378662 -0.3004292845726013 -0.23066136240959167
vn 0.9254930019378662 -0.3004292845726013 -0.23066136240959167
vn 0.9589895009994507 0.27087917923927307 -0.08344615995883942
vn 0.2824193239212036 0.9167760610580444 0.28241926431655884
vn 0.8083649277687073 0.5311222672462463 0.25387948751449585
vn 0.9240373373031616 0.3720502555370331 -0.08793912827968597
vn 0.9240373373031616 0.3720502555370331 -0.08793912827968597
vn 0.4901312589645386 0.8638380765914917 0.11642421036958694
vn 0.0948750376701355 0.7808935642242432 0.6174167394638062
vn 0.5512612462043762 0.3411027491092682 0.7614194750785828
vn 0.9114728569984436 0.401596337556839 0.0890914797782898
vn 0.2694403827190399 0.8805736899375916 0.38986077904701233
vn 0.8859091997146606 0.4548506438732147 -0.09097011387348175
vn 0.94975346326828 0.197016179561615 -0.2432129979133606
vn 0.7604742646217346 0.2295476496219635 -0.6074423789978027
vn 0.808364987373352 0.5311222076416016 -0.253879576921463
vn 0.8859091997146606 0.4548506438732147 -0.09097011387348175
vn 0.94975346326828 0.197016179561615 -0.2432129979133606
vn 0.7604742646217346 0.2295476496219635 -0.6074423789978027
vn 0.8627043962478638 0.4412074387073517 -0.24713684618473053
vn -0.6817849278450012 0.7281059622764587 0.07092875242233276
vn -0.8466439843177795 0.4700177311897278 0.24955326318740845
vn -0.7102227210998535 0.6293318271636963 -0.3154749274253845
vn -0.92859947681427 0.36532890796661377 0.06509485840797424
vn -0.680720329284668 -0.5449116826057434 -0.4895820617675781
vn -0.6885758638381958 0.2274339497089386 -0.6885758638381958
vn -0.214478999376297 0.16974103450775146 -0.9618660807609558
vn -0.3098309636116028 -0.544599711894989 -0.7793686389923096
vn 0.09182516485452652 -0.5380375385284424 0.837904155254364
vn 0.21793341636657715 -0.8732265830039978 0.4358668327331543
vn -0.18428370356559753 -0.9200010299682617 0.34588637948036194
vn -0.2202482372522354 -0.4661417007446289 0.8568560481071472
vn -0.49850648641586304 0.8552091717720032 0.14180392026901245
vn -0.512740969657898 0.7251385450363159 0.45964157581329346
vn -0.5973128080368042 0.800653338432312 0.04659882187843323
vn -0.8466439843177795 0.4700177311897278 0.24955326318740845
vn 0.6527628302574158 0.7479265928268433 -0.12044142931699753
vn 0.8859091997146606 0.4548506438732147 -0.09097011387348175
vn 0.26456230878829956 0.9483539462089539 0.17501817643642426
vn 0.26456230878829956 0.9483539462089539 0.17501817643642426
vn 0.1809176802635193 0.9784325957298279 0.09968946874141693
vn -0.40969011187553406 0.8859366178512573 0.21741685271263123
vn -0.26011115312576294 0.9537410140037537 -0.150731161236763
vn -0.45617133378982544 0.8896011710166931 -0.022741638123989105
vn 0.04454010725021362 0.8975518941879272 -0.4386531114578247
vn 0.12076437473297119 -0.9796695113182068 0.16019752621650696
vn 0.1737494170665741 -0.9556218385696411 0.23790296912193298
vn 0.2222231775522232 -0.49467504024505615 0.8401862978935242
vn 0.2370038479566574 -0.35550591349601746 0.9041262269020081
vn -0.01970837265253067 -0.9595509767532349 -0.28084421157836914
vn 0.2964057922363281 -0.3987727165222168 -0.8678269386291504
vn 0.29137590527534485 -0.9546396136283875 -0.061342328786849976
vn 0.8252750635147095 -0.41105037927627563 -0.3872445225715637
vn -0.5427905321121216 0.04604649543762207 -0.8386046290397644
vn 0.1289587914943695 -0.03733018413186073 -0.990946888923645
vn -0.19137972593307495 0.4584210515022278 -0.8678845763206482
vn 0.533074140548706 0.3985752761363983 -0.7463037371635437
vn -0.8395100235939026 0.5352771878242493 0.09327894449234009
vn -0.6997452974319458 0.5905651450157166 0.4019814133644104
vn -0.49850648641586304 0.8552091717720032 0.14180392026901245
vn -0.5382734537124634 0.7939928770065308 -0.28255414962768555
vn 0.8242590427398682 0.3891010880470276 -0.4113355278968811
vn 0.8535138368606567 0.297881156206131 -0.4275286793708801
vn 0.7215688824653625 0.6422753930091858 -0.25849610567092896
vn 0.4901312589645386 0.8638381958007812 -0.11642414331436157
vn 0.808364987373352 0.5311222076416016 -0.253879576921463
vn 0.3871561288833618 0.920982301235199 -0.043604686856269836
vn 0.6672283411026001 0.6441636681556702 0.3739774823188782
vn 0.0011933445930480957 0.9677809476852417 0.2517901659011841
vn 0.00133591890335083 0.8670064210891724 0.4982949495315552
vn 0.2295476198196411 0.6074424982070923 0.7604742050170898
vn -0.2904452383518219 0.8951670527458191 0.3381080627441406
vn 0.09518705308437347 0.6428778171539307 0.76003098487854
vn -0.7639408111572266 -0.5282568335533142 0.37059256434440613
vn -0.8992170691490173 0.4281325340270996 0.090060293674469
vn -0.8865374326705933 -0.4092848598957062 -0.21572408080101013
vn -0.8569913506507874 0.3765803575515747 -0.3517850637435913
vn 0.2807125151157379 -0.2821594178676605 -0.917380154132843
vn 0.2807125151157379 -0.2821594178676605 -0.917380154132843
vn 0.7340819835662842 0.3146064281463623 -0.6017857789993286
vn 0.7340819835662842 0.3146064281463623 -0.6017857789993286
vn 0.7200600504875183 0.37233179807662964 -0.5855614542961121
vn 0.6120291948318481 0.7904797792434692 0.02370040863752365
vn 0.9240373373031616 0.3720502555370331 -0.08793912827968597
vn 0.8242590427398682 0.3891010880470276 -0.4113355278968811
vn 0.4901312589645386 0.8638381958007812 -0.11642414331436157
vn -0.15294158458709717 0.9460718631744385 0.28558114171028137
vn 0.3054281175136566 0.9162842631340027 0.25910717248916626
vn 0.1809176802635193 0.9784325957298279 0.09968946874141693
vn -0.26011115312576294 0.9537410140037537 -0.150731161236763
vn -0.92859947681427 0.36532890796661377 0.06509485840797424
vn -0.92859947681427 0.36532890796661377 0.06509485840797424
vn -0.5533690452575684 0.820410430431366 -0.14390572905540466
vn 0.072468101978302 -0.9930392503738403 0.09284970164299011
vn 0.2588147222995758 -0.9538785219192505 0.15208700299263
vn 0.5756521821022034 -0.5807312726974487 0.5756521821022034
vn 0.5024334192276001 -0.3996630609035492 0.7667005062103271
vn 0.9687656164169312 -0.10270953178405762 -0.2257070392370224
vn 0.46480458974838257 -0.22183863818645477 -0.8571719527244568
vn 0.8535138368606567 0.297881156206131 -0.4275286793708801
vn 0.9589895009994507 0.27087917923927307 -0.08344615995883942
vn 0.9240373373031616 0.3720502555370331 -0.08793912827968597
vn 0.9589895009994507 0.27087917923927307 -0.08344615995883942
vn 0.6948164701461792 0.7176440954208374 0.04708198457956314
vn -0.018883943557739258 -0.21126456558704376 -0.9772462844848633
vn -0.17655986547470093 -0.2648397982120514 -0.9479906558990479
vn 0.10735166072845459 0.3008496165275574 -0.9476101398468018
vn -0.03846222162246704 0.16900044679641724 -0.9848650693893433
vn 0.1028062105178833 0.22718888521194458 -0.9684088230133057
vn -0.7650752067565918 0.3687305450439453 -0.5279181003570557
vn -0.37339407205581665 0.6957959532737732 -0.6135506629943848
vn 0.3146066665649414 0.6017857789993286 -0.7340819835662842
vn -0.37192872166633606 0.18811839818954468 -0.9089995622634888
vn -0.0445401668548584 0.4386531710624695 -0.8975517749786377
vn 0.07081478834152222 0.6575672030448914 -0.7500600814819336
vn -0.5555073022842407 -0.7433993816375732 -0.3725166916847229
vn -0.5427905321121216 0.04604649543762207 -0.8386046290397644
vn -0.03445190191268921 -0.06998056173324585 -0.9969530701637268
vn -0.09288626909255981 -0.8025954961776733 -0.5892472267150879
vn -0.8638381958007812 0.49013110995292664 -0.11642414331436157
vn -0.5279181003570557 0.3687305450439453 -0.7650752067565918
vn -0.48038676381111145 0.8317374587059021 -0.2782822251319885
vn 0.14634963870048523 0.7347654700279236 -0.6623451709747314
vn 0.5024334192276001 -0.3996630609035492 0.7667005062103271
vn 0.970890998840332 -0.20459866523742676 0.1245383471250534
vn 0.9065346717834473 0.31001412868499756 0.28650617599487305
vn 0.38169676065444946 0.3848383128643036 0.8403610587120056
vn -0.6817849278450012 0.7281059622764587 0.07092875242233276
vn -0.7677374482154846 0.5036749839782715 0.39609384536743164
vn -0.7253684401512146 0.6777054667472839 -0.12064650654792786
vn -0.8466439843177795 0.4700177311897278 0.24955326318740845
vn -0.30084964632987976 0.9476100206375122 0.10735172033309937
vn 0.20014190673828125 0.9489723443984985 0.24371016025543213
vn -0.17779949307441711 0.9809209704399109 0.07861891388893127
vn -0.15922588109970093 0.9173099398612976 -0.3649512529373169
vn -0.7102227210998535 0.6293318271636963 -0.3154749274253845
vn -0.4619264304637909 0.7020615935325623 -0.5419714450836182
vn -0.24983930587768555 0.8445487022399902 -0.4736217260360718
vn 0.32285940647125244 0.9230648279190063 -0.20907634496688843
vn -0.24983930587768555 0.8445487022399902 -0.4736217260360718
vn -0.47094759345054626 0.8708908557891846 -0.1405598223209381
vn -0.15922588109970093 0.9173099398612976 -0.3649512529373169
vn 0.32285940647125244 0.9230648279190063 -0.20907634496688843
vn 0.9923608303070068 0.00109177827835083 0.12336277216672897
vn 0.7236197590827942 0.5620830059051514 0.40054577589035034
vn 0.8859091997146606 0.4548506438732147 -0.09097011387348175
vn 0.9655759334564209 0.08225741982460022 -0.24677231907844543
vn 0.6470863819122314 -0.4031846225261688 0.6470863819122314
vn 0.9060482978820801 -0.259499192237854 0.33427029848098755
vn 0.6909669637680054 0.34466683864593506 0.6354283094406128
vn 0.5156512260437012 0.485613614320755 0.7058916091918945
vn -0.16276130080223083 -0.39262595772743225 -0.9051814079284668
vn 0.1028062105178833 0.22718888521194458 -0.9684088230133057
vn 0.573635458946228 0.3133302927017212 -0.7568131685256958
vn 0.4423843026161194 -0.38949060440063477 -0.8078322410583496
vn 0.7609512209892273 -0.2261023223400116 0.6081371903419495
vn -0.08857536315917969 -0.4276525378227234 0.8995928764343262
vn 0.09327901899814606 0.5352770090103149 0.8395100831985474
vn -0.9000136256217957 -0.09000132977962494 0.42646804451942444
vn 0.7236197590827942 0.5620830059051514 0.40054577589035034
vn 0.9737720489501953 0.20375454425811768 0.10125233232975006
vn 0.9737720489501953 0.20375454425811768 0.10125233232975006
vn 0.7236197590827942 0.5620830059051514 0.40054577589035034
vn 0.7236197590827942 0.5620830059051514 0.40054577589035034
vn 0.34060144424438477 -0.518934965133667 0.7840259075164795
vn 0.7495249509811401 -0.5980252027511597 0.28386247158050537
vn 0.7290191054344177 0.19966769218444824 0.6547240614891052
vn 0.24168674647808075 0.38402992486953735 0.8911274075508118
vn -0.04604654014110565 0.5427905321121216 0.8386046290397644
vn -0.4059883952140808 0.8417597413063049 0.3558277189731598
vn -0.7048247456550598 0.4582192599773407 0.541532039642334
vn -0.6250869631767273 0.7547346949577332 0.1991017758846283
vn -0.8395100235939026 0.5352771878242493 0.09327894449234009
vn -0.8638381958007812 0.49013110995292664 -0.11642414331436157
vn -0.47094759345054626 0.8708908557891846 -0.1405598223209381
vn -0.5706882476806641 0.6777969002723694 -0.46357959508895874
vn 0.3544441759586334 -0.9283710718154907 0.11178627610206604
vn 0.13245706260204315 -0.9420663118362427 -0.30816519260406494
vn 0.8252750635147095 -0.41105037927627563 -0.3872445225715637
vn 0.9275903701782227 -0.3681125044822693 -0.06378839910030365
vn -0.5706881284713745 0.4635796546936035 0.6777968406677246
vn -0.3342702388763428 -0.259499192237854 0.9060483574867249
vn 0.10083074867725372 -0.1782982349395752 0.9787963628768921
vn -0.34274065494537354 0.5798976421356201 0.7390854358673096
vn 0.49513983726501465 0.8394522070884705 -0.2239554524421692
vn -0.26011115312576294 0.9537410140037537 -0.150731161236763
vn 0.2660270035266876 0.9619837999343872 -0.061778802424669266
vn -0.5472089648246765 -0.6333436965942383 -0.5472089648246765
vn -0.6705363988876343 -0.7210562229156494 -0.17452317476272583
vn -0.6885758638381958 0.2274339497089386 -0.6885758638381958
vn -0.8936457633972168 0.26616066694259644 -0.361324280500412
vn -0.8083650469779968 0.2538796663284302 -0.5311222076416016
vn -0.5438920259475708 0.1995794028043747 -0.8150761127471924
vn -0.5769269466400146 0.5498570203781128 -0.6039968729019165
vn -0.38169676065444946 0.384838342666626 -0.8403610587120056
vn -0.8395100235939026 0.5352771878242493 0.09327894449234009
vn -0.5533690452575684 0.820410430431366 -0.14390572905540466
vn -0.45617133378982544 0.8896011710166931 -0.022741638123989105
vn -0.7884175181388855 0.5595726370811462 0.2554910480976105
vn -0.36275917291641235 -0.8935173749923706 0.26463577151298523
vn -0.9429265856742859 0.30621495842933655 -0.130849689245224
vn -0.3052408695220947 -0.8197448253631592 -0.48460930585861206
vn -0.8083650469779968 0.2538796663284302 -0.5311222076416016
vn 0.22572274506092072 0.5236154794692993 0.8215081691741943
vn 0.3536107540130615 -0.3768746256828308 0.8561100959777832
vn 0.6879982352256775 -0.2309037148952484 0.6879982352256775
vn 0.38169676065444946 0.3848383128643036 0.8403610587120056
vn -0.714192271232605 0.6608240604400635 0.23073898255825043
vn -0.25849616527557373 0.7215688228607178 0.6422755718231201
vn -0.30084964632987976 0.9476100206375122 0.10735172033309937
vn -0.36132439970970154 0.8936458230018616 -0.2661607563495636
vn -0.42773276567459106 -0.7485322952270508 0.5066988468170166
vn -0.92859947681427 0.36532890796661377 0.06509485840797424
vn -0.5889294743537903 -0.7668682336807251 -0.25509780645370483
vn -0.8936457633972168 0.26616066694259644 -0.361324280500412
vn 0.1289587914943695 -0.03733018413186073 -0.990946888923645
vn 0.7912789583206177 0.12275928258895874 -0.5990055203437805
vn 0.8627043962478638 0.4412074387073517 -0.24713684618473053
vn 0.5122840404510498 0.4559164047241211 -0.7278082370758057
vn 0.11792454868555069 -0.8643008470535278 -0.48895564675331116
vn 0.396959513425827 -0.8687304854393005 -0.2961929142475128
vn 0.9687656164169312 -0.10270953178405762 -0.2257070392370224
vn 0.9687656164169312 -0.10270953178405762 -0.2257070392370224
vn 0.8992170095443726 0.09006020426750183 -0.4281325936317444
vn -0.34274065494537354 0.5798976421356201 0.7390854358673096
vn 0.08869931101799011 0.036136746406555176 0.9954025745391846
vn -0.6552618741989136 0.547455370426178 0.520503580570221
vn -0.4469079375267029 -0.41938096284866333 0.7901852130889893
vn 0.40198129415512085 0.699745237827301 -0.5905651450157166
vn 0.6543120741844177 0.4928366541862488 -0.5735743641853333
vn 0.4901312589645386 0.8638381958007812 -0.11642414331436157
vn 0.2660270035266876 0.9619837999343872 -0.061778802424669266
vn 0.2804543375968933 -0.9179816246032715 0.2804543673992157
vn 0.26763296127319336 -0.9422337412834167 -0.2014145851135254
vn 0.9275903701782227 -0.3681125044822693 -0.06378839910030365
vn 0.747279703617096 -0.4296035170555115 0.5069649815559387
vn -0.6997452974319458 0.5905651450157166 0.4019814133644104
vn -0.04604654014110565 0.5427905321121216 0.8386046290397644
vn -0.2904452383518219 0.8951670527458191 0.3381080627441406
vn -0.49850648641586304 0.8552091717720032 0.14180392026901245
vn -0.3465251326560974 -0.6881462931632996 0.637475311756134
vn 0.20081698894500732 -0.6256221532821655 0.7538362741470337
vn 0.08225753903388977 0.24677219986915588 0.9655759334564209
vn -0.5706881284713745 0.4635796546936035 0.6777968406677246
vn 0.24168674647808075 0.38402992486953735 0.8911274075508118
vn 0.3536107540130615 -0.3768746256828308 0.8561100959777832
vn 0.8455057740211487 -0.020521938800811768 0.5335715413093567
vn 0.5156512260437012 0.485613614320755 0.7058916091918945
vn -0.38326844573020935 -0.8403632044792175 -0.3832685053348541
vn -0.7016574144363403 -0.12390958517789841 -0.7016574144363403
vn -0.8218740820884705 0.09388729184865952 -0.5618786811828613
vn -0.3876262307167053 -0.9114834666252136 -0.13763540983200073
vn 0.6767746210098267 -0.5950950384140015 0.43340247869491577
vn 0.8460534811019897 -0.5287835001945496 -0.06768427789211273
vn 0.9737720489501953 0.20375454425811768 0.10125233232975006
vn 0.6909669637680054 0.34466683864593506 0.6354283094406128
vn -0.41290807723999023 -0.8242279291152954 0.38749822974205017
vn -0.06929201632738113 -0.7521075010299683 0.6553873419761658
vn -0.7614194750785828 0.3411029875278473 0.5512612462043762
vn -0.8911274671554565 0.3840298354625702 0.24168670177459717
vn -0.7035393714904785 -0.46180200576782227 0.5401582717895508
vn -0.044908978044986725 -0.5711870193481445 0.819590151309967
vn -0.5706881284713745 0.4635796546936035 0.6777968406677246
vn -0.8466439843177795 0.4700177311897278 0.24955326318740845
vn 0.08225753903388977 0.24677219986915588 0.9655759334564209
vn -0.25849616527557373 0.7215688228607178 0.6422755718231201
vn -0.4059883952140808 0.8417597413063049 0.3558277189731598
vn 0.08225753903388977 0.24677219986915588 0.9655759334564209
vn 0.08225753903388977 0.24677219986915588 0.9655759334564209
vn 0.8535138368606567 0.297881156206131 -0.4275286793708801
vn 0.6097313165664673 -0.34399282932281494 -0.7140703201293945
vn 0.2964057922363281 -0.3987727165222168 -0.8678269386291504
vn 0.8242590427398682 0.3891010880470276 -0.4113355278968811
vn 0.37115800380706787 0.9099821448326111 0.18486249446868896
vn 0.9240373373031616 0.3720502555370331 -0.08793912827968597
vn 0.8242590427398682 0.3891010880470276 -0.4113355278968811
vn 0.5712617635726929 0.8121023178100586 -0.11895162612199783
vn 0.9249829053878784 0.3007262945175171 -0.23231469094753265
vn 0.573635458946228 0.3133302927017212 -0.7568131685256958
vn 0.5855614542961121 0.7200599908828735 -0.372331827878952
vn 0.5235711336135864 0.8519808053970337 0.001345910131931305
vn -0.748432993888855 0.42603105306625366 -0.5082765221595764
vn -0.2578123211860657 0.7449667453765869 -0.6152698993682861
vn -0.47094759345054626 0.8708908557891846 -0.1405598223209381
vn -0.8395100235939026 0.5352771878242493 0.09327894449234009
vn -0.5621480941772461 0.8093122839927673 0.17030225694179535
vn -0.6997452974319458 0.5905651450157166 0.4019814133644104
vn -0.5331773161888123 0.8456824421882629 0.02330082654953003
vn -0.7884175181388855 0.5595726370811462 0.2554910480976105
vn 0.24717268347740173 0.2223174273967743 0.9431226253509521
vn 0.5487445592880249 0.0013548731803894043 0.8359887599945068
vn 0.09518705308437347 0.6428778171539307 0.76003098487854
vn -0.09258595108985901 0.8560635447502136 0.508510410785675
vn -0.25347965955734253 -0.9270521402359009 -0.2762643098831177
vn -0.07484912127256393 -0.9882417321205139 0.13332489132881165
vn -0.9671255350112915 -0.1698303073644638 0.1892765462398529
vn -0.9118955135345459 -0.13608287274837494 -0.3872048258781433
vn -0.16804784536361694 -0.8623507022857666 -0.47760963439941406
vn -0.48534923791885376 -0.8523571491241455 -0.19473892450332642
vn -0.5460807681083679 -0.11826880276203156 -0.8293418288230896
vn -0.8218740820884705 0.09388729184865952 -0.5618786811828613
vn 0.27970191836357117 0.020946741104125977 -0.9598581790924072
vn -0.03445190191268921 -0.06998056173324585 -0.9969530701637268
vn 0.38169676065444946 0.3848382830619812 -0.8403610587120056
vn 0.6715585589408875 0.6218135356903076 -0.4029351770877838
vn 0.7495249509811401 -0.5980252027511597 0.28386247158050537
vn 0.8460534811019897 -0.5287835001945496 -0.06768427789211273
vn 0.8519842028617859 0.1931564211845398 0.48663443326950073
vn 0.9065346717834473 0.31001412868499756 0.28650617599487305
vn -0.4803866446018219 0.8317374587059021 0.27828216552734375
vn -0.17042763531208038 0.5655785799026489 0.8068920373916626
vn -0.8466439843177795 0.4700177311897278 0.24955326318740845
vn -0.6271995306015015 0.7695425748825073 -0.12010204792022705
vn -0.36662837862968445 0.29420799016952515 -0.8826239109039307
vn 0.07092869281768799 0.7281058430671692 -0.6817848682403564
vn 0.5279181599617004 0.7650750279426575 -0.3687305748462677
vn 0.42153024673461914 0.26935333013534546 -0.8658871650695801
vn 0.09182516485452652 -0.5380375385284424 0.837904155254364
vn 0.46007341146469116 -0.5417532324790955 0.7034454941749573
vn 0.24717268347740173 0.2223174273967743 0.9431226253509521
vn -0.22170686721801758 0.46302053332328796 0.8581711053848267
vn -0.82088702917099 0.4634295105934143 -0.3337324261665344
vn -0.4619264304637909 0.7020615935325623 -0.5419714450836182
vn -0.5450072288513184 0.3116610050201416 -0.7783534526824951
vn -0.17042773962020874 0.5655785799026489 -0.8068920373916626
vn -0.1642165184020996 -0.9864242076873779 5.960464477539063e-8
vn -0.680720329284668 -0.5449116826057434 -0.4895820617675781
vn 0.02094193547964096 -0.9149017333984375 -0.4031325876712799
vn -0.48127633333206177 -0.4565533697605133 -0.7482859492301941
vn -0.5472089648246765 -0.6333436965942383 -0.5472089648246765
vn -0.6885758638381958 0.2274339497089386 -0.6885758638381958
vn -0.48127633333206177 -0.4565533697605133 -0.7482859492301941
vn -0.37192872166633606 0.18811839818954468 -0.9089995622634888
vn -0.20230954885482788 -0.10115484148263931 -0.9740833044052124
vn 0.23869940638542175 0.3558526337146759 -0.9035435914993286
vn 0.19749927520751953 0.5741256475448608 -0.7945899963378906
vn -0.7452472448348999 -0.402170866727829 -0.5318503975868225
vn -0.642490029335022 -0.3739621937274933 -0.6688485145568848
vn -0.7650752067565918 0.3687305450439453 -0.5279181003570557
vn -0.5438920259475708 0.1995794028043747 -0.8150761127471924
vn -0.9249828457832336 0.30072641372680664 0.23231461644172668
vn -0.3342702388763428 -0.259499192237854 0.9060483574867249
vn -0.6997452974319458 0.5905651450157166 0.4019814133644104
vn -0.8395100235939026 0.5352771878242493 0.09327894449234009
vn 0.11685837805271149 -0.8792875409126282 0.46173301339149475
vn -0.16966822743415833 -0.8438758850097656 0.5090045928955078
vn -0.25910723209381104 0.30542805790901184 0.9162842631340027
vn -0.6964492201805115 0.17296425998210907 0.696449339389801
vn 0.09518705308437347 0.6428778171539307 0.76003098487854
vn -0.3007262051105499 0.9249829053878784 0.2323145717382431
vn 0.0011933445930480957 0.9677809476852417 0.2517901659011841
vn 0.4302996098995209 0.7027671933174133 0.5665334463119507
vn -0.20761997997760773 -0.922913670539856 -0.32422852516174316
vn -0.02048775553703308 -0.35469552874565125 -0.9347572326660156
vn 0.4423843026161194 -0.38949060440063477 -0.8078322410583496
vn 0.24579980969429016 -0.9431532621383667 -0.22370538115501404
vn 0.6174167990684509 0.0948750376701355 -0.7808936238288879
vn 0.9655759334564209 0.08225741982460022 -0.24677231907844543
vn 0.8715287446975708 0.48167139291763306 0.0918143093585968
vn 0.808364987373352 0.5311222076416016 -0.253879576921463
vn -0.820410430431366 0.1439056545495987 0.5533690452575684
vn -0.07971804589033127 -0.22296100854873657 0.9715621471405029
vn -0.6552618741989136 0.547455370426178 0.520503580570221
vn -0.7884175181388855 0.5595726370811462 0.2554910480976105
vn 0.9240373373031616 0.3720502555370331 -0.08793912827968597
vn 0.9254930019378662 -0.3004292845726013 -0.23066136240959167
vn 0.9589895009994507 0.27087917923927307 -0.08344615995883942
vn 0.6267542243003845 -0.19914120435714722 -0.7533401846885681
vn 0.12259301543235779 -0.18138761818408966 -0.9757403135299683
vn 0.42153024673461914 0.26935333013534546 -0.8658871650695801
vn 0.8535138368606567 0.297881156206131 -0.4275286793708801
vn -0.9429265856742859 0.30621495842933655 -0.130849689245224
vn -0.7053238153457642 0.07096678018569946 -0.7053238153457642
vn -0.6524245738983154 0.5987547636032104 -0.4645799696445465
vn -0.5082764625549316 0.4260311722755432 -0.7484331130981445
vn 0.10735166072845459 0.3008496165275574 -0.9476101398468018
vn 0.40198129415512085 0.699745237827301 -0.5905651450157166
vn 0.6422755122184753 0.721568763256073 -0.25849607586860657
vn 0.8535138368606567 0.297881156206131 -0.4275286793708801
vn -0.43340247869491577 -0.5950950384140015 -0.6767745614051819
vn -0.21535784006118774 0.03970284387469292 -0.9757276177406311
vn 0.1289587914943695 -0.03733018413186073 -0.990946888923645
vn -0.12223710119724274 -0.7259693145751953 -0.6767764091491699
vn 0.11493857949972153 -0.9887059926986694 -0.09617313742637634
vn 0.17106670141220093 -0.9619210958480835 -0.21317529678344727
vn 0.43031424283981323 -0.5378929972648621 -0.724914014339447
vn 0.7422134876251221 -0.3743762969970703 -0.5558427572250366
vn -0.6408130526542664 0.6704650521278381 0.3739449381828308
vn -0.45617133378982544 0.8896011710166931 -0.022741638123989105
vn -0.17779949307441711 0.9809209704399109 0.07861891388893127
vn -0.3365735411643982 0.8023532032966614 0.4928967356681824
vn 0.8662804365158081 0.4186770021915436 0.27252042293548584
vn 0.9275903701782227 -0.3681125044822693 -0.06378839910030365
vn 0.7881781458854675 -0.1712772399187088 -0.5911335349082947
vn 0.8911274671554565 0.3840298056602478 -0.2416868805885315
vn -0.8992170691490173 0.4281325340270996 0.090060293674469
vn -0.8569913506507874 0.3765803575515747 -0.3517850637435913
vn -0.6817849278450012 0.7281059622764587 0.07092875242233276
vn -0.7059545516967773 0.5123593807220459 -0.4889945983886719
vn -0.9954025149345398 0.0361366905272007 0.08869928121566772
vn -0.7016574144363403 -0.12390958517789841 -0.7016574144363403
vn -0.9111617803573608 0.38889333605766296 -0.136182963848114
vn -0.6459449529647827 0.4068291187286377 -0.6459449529647827
vn 0.2421157956123352 -0.1999497413635254 0.9494206309318542
vn 0.6879982352256775 -0.2309037148952484 0.6879982352256775
vn 0.38169676065444946 0.3848383128643036 0.8403610587120056
vn -0.04604654014110565 0.5427905321121216 0.8386046290397644
vn 0.9969089031219482 0.03556537628173828 -0.07005296647548676
vn 0.9114728569984436 0.401596337556839 0.0890914797782898
vn 0.9326914548873901 0.20617395639419556 0.2959367036819458
vn 0.4786129891872406 0.7693747282028198 0.42307430505752563
vn -0.20230954885482788 -0.10115484148263931 -0.9740833044052124
vn -0.20617389678955078 0.2959367334842682 -0.9326915740966797
vn -0.6459449529647827 0.4068291187286377 -0.6459449529647827
vn -0.8218740820884705 0.09388729184865952 -0.5618786811828613
vn 0.8662804365158081 0.4186770021915436 0.27252042293548584
vn 0.9065346717834473 0.31001412868499756 0.28650617599487305
vn 0.3265882432460785 0.8559395670890808 0.4008830785751343
vn 0.3265882432460785 0.8559395670890808 0.4008830785751343
vn 0.2824193239212036 0.9167760610580444 0.28241926431655884
vn -0.17042763531208038 0.5655785799026489 0.8068920373916626
vn 0.38169676065444946 0.3848383128643036 0.8403610587120056
vn 0.00133591890335083 0.8670064210891724 0.4982949495315552
vn -0.3666284382343292 0.8826237916946411 0.2942080497741699
vn -0.16958332061767578 -0.5072622895240784 -0.8449414968490601
vn 0.2601112723350525 0.15073104202747345 -0.9537410736083984
vn 0.6174167990684509 0.0948750376701355 -0.7808936238288879
vn 0.1406072974205017 -0.44047343730926514 -0.8866862654685974
vn -0.16276130080223083 -0.39262595772743225 -0.9051814079284668
vn 0.1406072974205017 -0.44047343730926514 -0.8866862654685974
vn 0.43028199672698975 0.18944163620471954 -0.8825922012329102
vn 0.10735166072845459 0.3008496165275574 -0.9476101398468018
vn 0.08225753903388977 0.24677219986915588 0.9655759334564209
vn 0.2222231775522232 -0.49467504024505615 0.8401862978935242
vn 0.5024334192276001 -0.3996630609035492 0.7667005062103271
vn 0.24168674647808075 0.38402992486953735 0.8911274075508118
vn -0.8466439843177795 0.4700177311897278 0.24955326318740845
vn -0.820410430431366 0.1439056545495987 0.5533690452575684
vn -0.8911274671554565 0.3840298354625702 0.24168670177459717
vn -0.8929471373558044 -0.06731449067592621 0.4450998604297638
vn -0.15294158458709717 0.9460718631744385 0.28558114171028137
vn 0.12145337462425232 0.9753826856613159 0.1840580850839615
vn -0.26011115312576294 0.9537410140037537 -0.150731161236763
vn 0.2323145866394043 0.9249829649925232 -0.3007262349128723
vn 0.41290801763534546 -0.8242279291152954 0.38749822974205017
vn 0.527136504650116 -0.8470829725265503 -0.0676538348197937
vn 0.9440730810165405 -0.021513700485229492 0.32903343439102173
vn 0.5487445592880249 0.0013548731803894043 0.8359887599945068
vn 0.2709372043609619 -0.8660857677459717 -0.42010486125946045
vn -0.12223710119724274 -0.7259693145751953 -0.6767764091491699
vn 0.45317691564559937 -0.09091514348983765 -0.886772096157074
vn 0.8018335700035095 -0.04658550024032593 -0.59572833776474
vn 0.9848484992980957 -0.1558152735233307 -0.07612371444702148
vn 0.9848484992980957 -0.1558152735233307 -0.07612371444702148
vn 0.9589895009994507 0.27087917923927307 -0.08344615995883942
vn 0.9589895009994507 0.27087917923927307 -0.08344615995883942
vn 0.9114728569984436 0.401596337556839 0.0890914797782898
vn 0.0013836026191711426 0.7180881500244141 0.6959505081176758
vn -0.23520660400390625 0.9605364799499512 0.1484823375940323
vn -0.4803866446018219 0.8317374587059021 0.27828216552734375
vn -0.35869303345680237 0.9237383604049683 -0.13433679938316345
vn -0.2904452383518219 0.8951670527458191 0.3381080627441406
vn 0.2323145866394043 0.9249829053878784 0.30072641372680664
vn 0.1809176802635193 0.9784325957298279 0.09968946874141693
vn -0.27970197796821594 0.9598582983016968 0.020946763455867767
vn -0.5677269697189331 -0.28069183230400085 0.7738849520683289
vn -0.9682681560516357 0.24237781763076782 0.0609050989151001
vn -0.7884175181388855 0.5595726370811462 0.2554910480976105
vn -0.8638381958007812 0.49013110995292664 -0.11642414331436157
vn -0.41290807723999023 -0.8242279291152954 0.38749822974205017
vn -0.6343721151351929 -0.7727042436599731 0.022356688976287842
vn -0.92859947681427 0.36532890796661377 0.06509485840797424
vn -0.9762646555900574 0.14412125945091248 -0.1616663932800293
vn -0.5889294743537903 -0.7668682336807251 -0.25509780645370483
vn -0.8569913506507874 0.3765803575515747 -0.3517850637435913
vn -0.6243773102760315 -0.6494191884994507 -0.4340590834617615
vn -0.8083650469779968 0.2538796663284302 -0.5311222076416016
vn 0.10735166072845459 0.3008496165275574 -0.9476101398468018
vn 0.10735166072845459 0.3008496165275574 -0.9476101398468018
vn 0.4322511851787567 0.625846266746521 -0.6492111682891846
vn 0.4322511851787567 0.625846266746521 -0.6492111682891846
vn 0.32277530431747437 0.8704223036766052 -0.37172698974609375
vn 0.08869931101799011 0.036136746406555176 0.9954025745391846
vn -0.56353360414505 -0.09392233192920685 0.8207361698150635
vn -0.60311359167099 0.60311359167099 0.522022545337677
vn -0.7677374482154846 0.5036749839782715 0.39609384536743164
vn 0.0948750376701355 0.7808935642242432 0.6174167394638062
vn 0.8083649277687073 0.5311222672462463 0.25387948751449585
vn 0.20014190673828125 0.9489723443984985 0.24371016025543213
vn -0.23520660400390625 0.9605364799499512 0.1484823375940323
vn -0.6027917861938477 -0.48997870087623596 -0.6297321319580078
vn -0.642490029335022 -0.3739621937274933 -0.6688485145568848
vn -0.03559774160385132 -0.9934020042419434 -0.10901832580566406
vn 0.4497135877609253 -0.8775254487991333 -0.16645249724388123
vn 0.1211945116519928 -0.7907203435897827 -0.6000607013702393
vn 0.7881781458854675 -0.1712772399187088 -0.5911335349082947
vn 0.9969089031219482 0.03556537628173828 -0.07005296647548676
vn -0.60311359167099 0.60311359167099 0.522022545337677
vn -0.22170686721801758 0.46302053332328796 0.8581711053848267
vn -0.512740969657898 0.7251385450363159 0.45964157581329346
vn -0.5973128080368042 0.800653338432312 0.04659882187843323
vn -0.8466439843177795 0.4700177311897278 0.24955326318740845
vn -0.7825223207473755 0.5222170948982239 -0.3390393853187561
vn -0.92859947681427 0.36532890796661377 0.06509485840797424
vn 0.48184362053871155 0.8759565353393555 -0.022944889962673187
vn 0.32285940647125244 0.9230648279190063 -0.20907634496688843
vn 0.24677243828773499 0.9655758738517761 0.08225759863853455
vn 0.2323145866394043 0.9249829649925232 -0.3007262349128723
vn 0.24677243828773499 0.9655758738517761 0.08225759863853455
vn -0.4047391414642334 -0.6718006134033203 -0.620378851890564
vn -0.03445190191268921 -0.06998056173324585 -0.9969530701637268
vn 0.45317691564559937 -0.09091514348983765 -0.886772096157074
vn 0.022175893187522888 -0.8108086585998535 -0.5848908424377441
vn -0.3007262051105499 0.9249829053878784 0.2323145717382431
vn 0.09006032347679138 0.8992171287536621 0.428132563829422
vn -0.11928504705429077 0.9801046848297119 0.15863673388957977
vn -0.26011115312576294 0.9537410140037537 -0.150731161236763
vn 0.5685763359069824 -0.6999140977859497 -0.4322509467601776
vn 0.9655759334564209 0.08225741982460022 -0.24677231907844543
vn 0.8201782703399658 -0.5645945072174072 0.09241455793380737
vn 0.9809210300445557 0.1777995228767395 -0.07861882448196411
vn -0.21671675145626068 -0.9564970135688782 0.19531267881393433
vn 0.10251528024673462 -0.9738951921463013 0.2025301158428192
vn -0.26099327206611633 -0.3328399658203125 0.9061455726623535
vn -0.760059118270874 -0.34121787548065186 0.5530643463134766
vn -0.1532992422580719 0.9851560592651367 0.07724383473396301
vn -0.03613671660423279 0.995402455329895 0.08869922161102295
vn -0.2695377767086029 0.9413090944290161 0.20319002866744995
vn -0.1686449944972992 0.9854837656021118 -0.019503168761730194
vn -0.4901311695575714 0.8638383150100708 -0.116424061357975
vn 0.02094683051109314 0.9598581194877625 0.27970197796821594
vn 0.17779946327209473 0.9809210896492004 0.07861892879009247
vn -0.7463037371635437 0.533074140548706 0.39857542514801025
vn -0.8456823229789734 0.02330082654953003 -0.5331773161888123
vn 0.09327901899814606 0.5352770090103149 0.8395100831985474
vn -0.9000136256217957 -0.09000132977962494 0.42646804451942444
vn -0.7998921871185303 0.14801746606826782 -0.5816037654876709
vn -0.7479264736175537 0.12044140696525574 -0.6527628302574158
vn -0.7482534646987915 -0.48290354013442993 0.4548853039741516
vn 0.3954926133155823 0.8688621520996094 0.2977648377418518
vn 0.2745611369609833 0.9615687131881714 0.0012095309793949127
vn -0.768732488155365 -0.45306143164634705 0.45142582058906555
vn -0.08857536315917969 -0.4276525378227234 0.8995928764343262
vn -0.695591151714325 -0.258861780166626 0.6701815128326416
vn -0.502131462097168 -0.7678701877593994 0.39779260754585266
vn -0.49141502380371094 0.6792594194412231 0.5450849533081055
vn 0.7609512209892273 -0.2261023223400116 0.6081371903419495
vn 0.30971410870552063 -0.7806708812713623 0.542797863483429
vn 0.8466025590896606 -0.06913912296295166 0.5277155637741089
vn -0.8101754188537598 0.02077379822731018 0.5858190059661865
vn 0.83283531665802 -0.27812984585762024 0.47856953740119934
vn -0.5190143585205078 -0.1174306571483612 0.8466603755950928
vn 0.017480671405792236 -0.10597676038742065 0.9942147731781006
vn 0.9975382089614868 -0.018002212047576904 0.06777337193489075
vn 0.9832713603973389 0.12002941966056824 -0.13700325787067413
vn -0.5168073773384094 0.04572288691997528 -0.8548796772956848
vn -0.16321933269500732 0.4232146143913269 -0.8912061452865601
vn 0.9865837097167969 0.11543866991996765 -0.11543867737054825
vn -0.994499683380127 -0.09010568261146545 -0.05339595675468445
vn -0.7721154689788818 -0.023778870701789856 -0.6350369453430176
vn 0.1135302484035492 0.0948035717010498 -0.9890009164810181
vn -0.9440730214118958 -0.021513693034648895 0.32903340458869934
vn -0.21102574467658997 0.017683744430541992 0.9773203134536743
vn 0.535277247428894 0.09327882528305054 0.8395099639892578
vn 0.76003098487854 0.09518706798553467 0.6428778171539307
vn 0.9833799004554749 0.1720026135444641 0.05812498554587364
vn 0.7732505798339844 0.5668385624885559 -0.28421324491500854
vn 0.6174332499504089 0.1753205955028534 -0.7668368816375732
vn 0.9515880942344666 0.08461448550224304 -0.2955000102519989
vn 0.1135302484035492 0.0948035717010498 -0.9890009164810181
vn -0.5168073773384094 0.04572288691997528 -0.8548796772956848
vn 0.7571429014205933 0.6367224454879761 -0.14600977301597595
vn -0.16321933269500732 0.4232146143913269 -0.8912061452865601
vn 0.8270809054374695 0.25198909640312195 -0.5024322867393494
vn 0.7571429014205933 0.6367224454879761 -0.14600977301597595
vn -0.9055343866348267 0.3331543803215027 -0.2627077102661133
vn -0.04028177261352539 0.2380281537771225 -0.9704225063323975
vn -0.7479264736175537 0.12044140696525574 -0.6527628302574158
vn -0.06177878379821777 0.26602691411972046 -0.9619836807250977
vn -0.7998921871185303 0.14801746606826782 -0.5816037654876709
vn 0.7051195502281189 0.1999129205942154 -0.6803240776062012
vn -0.1627456247806549 -0.1414635330438614 -0.9764740467071533
vn -0.8456823229789734 0.02330082654953003 -0.5331773161888123
vn 0.6255834102630615 -0.1200765073299408 -0.7708611488342285
vn -0.17203813791275024 0.6196417212486267 -0.7657980918884277
vn -0.4901311695575714 0.8638383150100708 -0.116424061357975
vn -0.06002151966094971 0.9738178253173828 -0.21926215291023254
vn -0.1686449944972992 0.9854837656021118 -0.019503168761730194
vn 0.17239776253700256 0.9555381536483765 -0.23921863734722137
vn 0.49283653497695923 0.573574423789978 -0.6543121337890625
vn 0.588218629360199 0.8031727075576782 -0.09440553933382034
vn 0.7390853762626648 0.3427404463291168 0.5798977017402649
vn -0.7102227210998535 0.6293318271636963 -0.3154749274253845
vn -0.24983930587768555 0.8445487022399902 -0.4736217260360718
vn -0.26011115312576294 0.9537410140037537 -0.150731161236763
vn -0.5973128080368042 0.800653338432312 0.04659882187843323
vn 0.0011933445930480957 0.9677809476852417 0.2517901659011841
vn 0.3871561288833618 0.920982301235199 -0.043604686856269836
vn 0.2660270035266876 0.9619837999343872 -0.061778802424669266
vn -0.26011115312576294 0.9537410140037537 -0.150731161236763
f 1/1/1 2/2/2 3/3/3
f 1/1/1 3/3/3 2/2/2
f 3/3/3 2/2/2 4/4/4
f 3/3/3 4/4/4 2/2/2
f 5/5/5 6/6/6 7/7/7
f 5/5/5 7/7/7 6/6/6
f 7/7/7 6/6/6 8/8/8
f 7/7/7 8/8/8 6/6/6
f 9/9/9 10/10/10 11/11/11
f 9/9/9 11/11/11 10/10/10
f 9/9/9 11/11/11 12/12/12
f 9/9/9 12/12/12 11/11/11
f 13/13/13 14/14/14 15/15/15
f 13/13/13 15/15/15 14/14/14
f 15/15/15 14/14/14 16/16/16
f 15/15/15 16/16/16 14/14/14
f 17/17/17 18/18/18 19/19/19
f 17/17/17 19/19/19 18/18/18
f 20/20/20 21/21/21 22/22/22
f 20/20/20 22/22/22 21/21/21
f 22/22/22 21/21/21 23/23/23
f 22/22/22 23/23/23 21/21/21
f 24/24/24 25/25/25 26/26/26
f 24/24/24 26/26/26 25/25/25
f 24/24/24 26/26/26 27/27/27
f 24/24/24 27/27/27 26/26/26
f 28/28/28 29/29/29 30/30/30
f 28/28/28 30/30/30 29/29/29
f 28/28/28 30/30/30 31/31/31
f 28/28/28 31/31/31 30/30/30
f 32/32/32 33/33/33 34/34/34
f 32/32/32 34/34/34 33/33/33
f 32/32/32 34/34/34 35/35/35
f 32/32/32 35/35/35 34/34/34
f 36/36/36 37/37/37 38/38/38
f 36/36/36 38/38/38 37/37/37
f 36/36/36 38/38/38 39/39/39
f 36/36/36 39/39/39 38/38/38
f 40/40/40 41/41/41 42/42/42
f 40/40/40 42/42/42 41/41/41
f 40/40/40 42/42/42 43/43/43
f 40/40/40 43/43/43 42/42/42
f 44/44/44 45/45/45 46/46/46
f 44/44/44 46/46/46 45/45/45
f 44/44/44 46/46/46 47/47/47
f 44/44/44 47/47/47 46/46/46
f 48/48/48 49/49/49 50/50/50
f 48/48/48 50/50/50 49/49/49
f 48/48/48 50/50/50 51/51/51
f 48/48/48 51/51/51 50/50/50
f 52/52/52 53/53/53 54/54/54
f 52/52/52 54/54/54 53/53/53
f 52/52/52 54/54/54 55/55/55
f 52/52/52 55/55/55 54/54/54
f 56/56/56 57/57/57 58/58/58
f 56/56/56 58/58/58 57/57/57
f 59/59/59 60/60/60 61/61/61
f 61/61/61 60/60/60 62/62/62
f 61/61/61 62/62/62 63/63/63
f 59/59/59 61/61/61 64/64/64
f 61/61/61 63/63/63 65/65/65
f 65/65/65 63/63/63 66/66/66
f 65/65/65 66/66/66 67/67/67
f 61/61/61 65/65/65 68/68/68
f 61/61/61 68/68/68 64/64/64
f 59/59/59 64/64/64 69/69/69
f 69/69/69 64/64/64 68/68/68
f 59/59/59 69/69/69 70/70/70
f 65/65/65 67/67/67 71/71/71
f 71/71/71 67/67/67 72/72/72
f 71/71/71 72/72/72 73/73/73
f 65/65/65 71/71/71 74/74/74
f 74/74/74 71/71/71 73/73/73
f 65/65/65 74/74/74 68/68/68
f 74/74/74 73/73/73 75/75/75
f 74/74/74 75/75/75 76/76/76
f 68/68/68 74/74/74 77/77/77
f 68/68/68 77/77/77 69/69/69
f 74/74/74 76/76/76 78/78/78
f 74/74/74 78/78/78 77/77/77
f 78/78/78 76/76/76 79/79/79
f 78/78/78 79/79/79 80/80/80
f 78/78/78 80/80/80 77/77/77
f 80/80/80 79/79/79 81/81/81
f 80/80/80 81/81/81 82/82/82
f 80/80/80 82/82/82 77/77/77
f 82/82/82 81/81/81 83/83/83
f 82/82/82 83/83/83 84/84/84
f 77/77/77 82/82/82 85/85/85
f 77/77/77 85/85/85 69/69/69
f 69/69/69 85/85/85 70/70/70
f 85/85/85 82/82/82 86/86/86
f 85/85/85 86/86/86 70/70/70
f 86/86/86 82/82/82 84/84/84
f 70/70/70 86/86/86 87/87/87
f 87/87/87 86/86/86 84/84/84
f 87/87/87 84/84/84 88/88/88
f 89/89/89 90/90/90 91/91/91
f 89/89/89 91/91/91 90/90/90
f 91/91/91 90/90/90 92/92/92
f 91/91/91 92/92/92 90/90/90
f 93/93/93 94/94/94 95/95/95
f 93/93/93 95/95/95 94/94/94
f 93/93/93 95/95/95 96/96/96
f 93/93/93 96/96/96 95/95/95
f 97/97/97 98/98/98 99/99/99
f 97/97/97 99/99/99 98/98/98
f 99/99/99 98/98/98 100/100/100
f 99/99/99 100/100/100 98/98/98
f 101/101/101 102/102/102 103/103/103
f 101/101/101 103/103/103 102/102/102
f 101/101/101 103/103/103 104/104/104
f 101/101/101 104/104/104 103/103/103
f 105/105/105 106/106/106 107/107/107
f 105/105/105 107/107/107 106/106/106
f 108/108/108 109/109/109 105/105/105
f 108/108/108 105/105/105 109/109/109
f 110/110/110 111/111/111 112/112/112
f 110/110/110 112/112/112 111/111/111
f 113/113/113 114/114/114 115/115/115
f 113/113/113 115/115/115 114/114/114
f 115/115/115 114/114/114 116/116/116
f 115/115/115 116/116/116 114/114/114
f 117/117/117 118/118/118 119/119/119
f 117/117/117 119/119/119 118/118/118
f 117/117/117 119/119/119 120/120/120
f 117/117/117 120/120/120 119/119/119
f 121/121/121 122/122/122 123/123/123
f 121/121/121 123/123/123 122/122/122
f 123/123/123 122/122/122 124/124/124
f 123/123/123 124/124/124 122/122/122
f 125/125/125 126/126/126 127/127/127
f 125/125/125 127/127/127 126/126/126
f 125/125/125 127/127/127 128/128/128
f 125/125/125 128/128/128 127/127/127
f 129/129/129 130/130/130 131/131/131
f 129/129/129 131/131/131 130/130/130
f 131/131/131 130/130/130 132/132/132
f 131/131/131 132/132/132 130/130/130
f 133/133/133 134/134/134 135/135/135
f 133/133/133 135/135/135 134/134/134
f 133/133/133 135/135/135 136/136/136
f 133/133/133 136/136/136 135/135/135
f 137/137/137 138/138/138 139/139/139
f 137/137/137 139/139/139 138/138/138
f 140/140/140 139/139/139 141/141/141
f 140/140/140 141/141/141 139/139/139
f 142/142/142 143/143/143 144/144/144
f 142/142/142 144/144/144 143/143/143
f 144/144/144 143/143/143 145/145/145
f 144/144/144 145/145/145 143/143/143
f 146/146/146 147/147/147 148/148/148
f 146/146/146 148/148/148 147/147/147
f 148/148/148 147/147/147 149/149/149
f 148/148/148 149/149/149 147/147/147
f 150/150/150 151/151/151 152/152/152
f 150/150/150 152/152/152 151/151/151
f 150/150/150 152/152/152 153/153/153
f 150/150/150 153/153/153 152/152/152
f 154/154/154 155/155/155 156/156/156
f 154/154/154 156/156/156 155/155/155
f 154/154/154 156/156/156 157/157/157
f 154/154/154 157/157/157 156/156/156
f 158/158/158 159/159/159 160/160/160
f 158/158/158 160/160/160 159/159/159
f 161/161/161 162/162/162 163/163/163
f 161/161/161 163/163/163 162/162/162
f 161/161/161 163/163/163 164/164/164
f 161/161/161 164/164/164 163/163/163
f 165/165/165 166/166/166 167/167/167
f 165/165/165 167/167/167 166/166/166
f 165/165/165 167/167/167 168/168/168
f 165/165/165 168/168/168 167/167/167
f 169/169/169 170/170/170 171/171/171
f 169/169/169 171/171/171 170/170/170
f 171/171/171 170/170/170 172/172/172
f 171/171/171 172/172/172 170/170/170
f 173/173/173 174/174/174 175/175/175
f 173/173/173 175/175/175 174/174/174
f 173/173/173 175/175/175 176/176/176
f 173/173/173 176/176/176 175/175/175
f 177/177/177 178/178/178 179/179/179
f 177/177/177 179/179/179 178/178/178
f 179/179/179 178/178/178 180/180/180
f 179/179/179 180/180/180 178/178/178
f 181/181/181 182/182/182 183/183/183
f 181/181/181 183/183/183 182/182/182
f 183/183/183 182/182/182 184/184/184
f 183/183/183 184/184/184 182/182/182
f 185/185/185 186/186/186 187/187/187
f 185/185/185 187/187/187 186/186/186
f 187/187/187 186/186/186 188/188/188
f 187/187/187 188/188/188 186/186/186
f 189/189/189 190/190/190 191/191/191
f 189/189/189 191/191/191 190/190/190
f 192/192/192 193/193/193 194/194/194
f 192/192/192 194/194/194 193/193/193
f 192/192/192 194/194/194 195/195/195
f 192/192/192 195/195/195 194/194/194
f 196/196/196 197/197/197 198/198/198
f 196/196/196 198/198/198 197/197/197
f 198/198/198 197/197/197 199/199/199
f 198/198/198 199/199/199 197/197/197
f 200/200/200 201/201/201 202/202/202
f 200/200/200 202/202/202 201/201/201
f 200/200/200 202/202/202 203/203/203
f 200/200/200 203/203/203 202/202/202
f 204/204/204 205/205/205 206/206/206
f 204/204/204 206/206/206 205/205/205
f 204/204/204 206/206/206 207/207/207
f 204/204/204 207/207/207 206/206/206
f 208/208/208 209/209/209 210/210/210
f 208/208/208 210/210/210 209/209/209
f 208/208/208 210/210/210 211/211/211
f 208/208/208 211/211/211 210/210/210
f 212/212/212 213/213/213 214/214/214
f 212/212/212 214/214/214 213/213/213
f 214/214/214 213/213/213 215/215/215
f 214/214/214 215/215/215 213/213/213
f 216/216/216 217/217/217 218/218/218
f 216/216/216 218/218/218 217/217/217
f 216/216/216 218/218/218 219/219/219
f 216/216/216 219/219/219 218/218/218
f 220/220/220 221/221/221 222/222/222
f 220/220/220 222/222/222 221/221/221
f 222/222/222 221/221/221 223/223/223
f 222/222/222 223/223/223 221/221/221
f 224/224/224 225/225/225 226/226/226
f 224/224/224 226/226/226 225/225/225
f 224/224/224 226/226/226 227/227/227
f 224/224/224 227/227/227 226/226/226
f 228/228/228 229/229/229 230/230/230
f 228/228/228 230/230/230 229/229/229
f 230/230/230 229/229/229 231/231/231
f 230/230/230 231/231/231 229/229/229
f 232/232/232 233/233/233 234/234/234
f 232/232/232 234/234/234 233/233/233
f 235/235/235 236/236/236 237/237/237
f 235/235/235 237/237/237 236/236/236
f 237/237/237 236/236/236 238/238/238
f 237/237/237 238/238/238 236/236/236
f 239/239/239 240/240/240 241/241/241
f 239/239/239 241/241/241 240/240/240
f 239/239/239 241/241/241 242/242/242
f 239/239/239 242/242/242 241/241/241
f 243/243/243 244/244/244 245/245/245
f 243/243/243 245/245/245 244/244/244
f 245/245/245 244/244/244 246/246/246
f 245/245/245 246/246/246 244/244/244
f 247/247/247 248/248/248 249/249/249
f 247/247/247 249/249/249 248/248/248
f 249/249/249 248/248/248 250/250/250
f 249/249/249 250/250/250 248/248/248
f 251/251/251 252/252/252 253/253/253
f 251/251/251 253/253/253 252/252/252
f 253/253/253 252/252/252 254/254/254
f 253/253/253 254/254/254 252/252/252
f 255/255/255 256/256/256 257/257/257
f 255/255/255 257/257/257 256/256/256
f 255/255/255 257/257/257 258/258/258
f 255/255/255 258/258/258 257/257/257
f 259/259/259 260/260/260 261/261/261
f 259/259/259 261/261/261 260/260/260
f 261/261/261 260/260/260 262/262/262
f 261/261/261 262/262/262 260/260/260
f 263/263/263 264/264/264 265/265/265
f 263/263/263 265/265/265 264/264/264
f 266/266/266 267/267/267 268/268/268
f 266/266/266 268/268/268 267/267/267
f 268/268/268 267/267/267 269/269/269
f 268/268/268 269/269/269 267/267/267
f 270/270/270 271/271/271 272/272/272
f 270/270/270 272/272/272 271/271/271
f 272/272/272 271/271/271 273/273/273
f 272/272/272 273/273/273 271/271/271
f 274/274/274 275/275/275 276/276/276
f 274/274/274 276/276/276 275/275/275
f 274/274/274 276/276/276 277/277/277
f 274/274/274 277/277/277 276/276/276
f 278/278/278 279/279/279 280/280/280
f 278/278/278 280/280/280 279/279/279
f 278/278/278 280/280/280 281/281/281
f 278/278/278 281/281/281 280/280/280
f 282/282/282 283/283/283 284/284/284
f 282/282/282 284/284/284 283/283/283
f 284/284/284 283/283/283 285/285/285
f 284/284/284 285/285/285 283/283/283
f 286/286/286 287/287/287 288/288/288
f 286/286/286 288/288/288 287/287/287
f 286/286/286 288/288/288 289/289/289
f 286/286/286 289/289/289 288/288/288
f 290/290/290 291/291/291 292/292/292
f 290/290/290 292/292/292 291/291/291
f 290/290/290 292/292/292 293/293/293
f 290/290/290 293/293/293 292/292/292
f 294/294/294 295/295/295 296/296/296
f 294/294/294 296/296/296 295/295/295
f 296/296/296 295/295/295 297/297/297
f 296/296/296 297/297/297 295/295/295
f 298/298/298 299/299/299 300/300/300
f 298/298/298 300/300/300 299/299/299
f 300/300/300 299/299/299 301/301/301
f 300/300/300 301/301/301 299/299/299
f 302/302/302 303/303/303 304/304/304
f 302/302/302 304/304/304 303/303/303
f 302/302/302 304/304/304 305/305/305
f 302/302/302 305/305/305 304/304/304
f 306/306/306 307/307/307 308/308/308
f 306/306/306 308/308/308 307/307/307
f 308/308/308 307/307/307 309/309/309
f 308/308/308 309/309/309 307/307/307
f 310/310/310 311/311/311 312/312/312
f 310/310/310 312/312/312 311/311/311
f 310/310/310 312/312/312 313/313/313
f 310/310/310 313/313/313 312/312/312
f 314/314/314 315/315/315 316/316/316
f 314/314/314 316/316/316 315/315/315
f 314/314/314 316/316/316 317/317/317
f 314/314/314 317/317/317 316/316/316
f 318/318/318 319/319/319 320/320/320
f 318/318/318 320/320/320 319/319/319
f 318/318/318 320/320/320 321/321/321
f 318/318/318 321/321/321 320/320/320
f 322/322/322 323/323/323 324/324/324
f 322/322/322 324/324/324 323/323/323
f 324/324/324 323/323/323 325/325/325
f 324/324/324 325/325/325 323/323/323
f 326/326/326 327/327/327 328/328/328
f 326/326/326 328/328/328 327/327/327
f 328/328/328 327/327/327 329/329/329
f 328/328/328 329/329/329 327/327/327
f 330/330/330 331/331/331 332/332/332
f 330/330/330 332/332/332 331/331/331
f 332/332/332 331/331/331 333/333/333
f 332/332/332 333/333/333 331/331/331
f 334/334/334 335/335/335 336/336/336
f 334/334/334 336/336/336 335/335/335
f 336/336/336 335/335/335 337/337/337
f 336/336/336 337/337/337 335/335/335
f 338/338/338 339/339/339 340/340/340
f 338/338/338 340/340/340 339/339/339
f 338/338/338 340/340/340 341/341/341
f 338/338/338 341/341/341 340/340/340
f 342/342/342 343/343/343 344/344/344
f 342/342/342 344/344/344 343/343/343
f 342/342/342 344/344/344 345/345/345
f 342/342/342 345/345/345 344/344/344
f 346/346/346 347/347/347 348/348/348
f 346/346/346 348/348/348 347/347/347
f 346/346/346 348/348/348 349/349/349
f 346/346/346 349/349/349 348/348/348
f 350/350/350 351/351/351 352/352/352
f 350/350/350 352/352/352 351/351/351
f 350/350/350 352/352/352 353/353/353
f 350/350/350 353/353/353 352/352/352
f 354/354/354 355/355/355 356/356/356
f 354/354/354 356/356/356 355/355/355
f 356/356/356 355/355/355 357/357/357
f 356/356/356 357/357/357 355/355/355
f 358/358/358 359/359/359 360/360/360
f 358/358/358 360/360/360 359/359/359
f 360/360/360 359/359/359 361/361/361
f 360/360/360 361/361/361 359/359/359
f 362/362/362 363/363/363 364/364/364
f 362/362/362 364/364/364 363/363/363
f 365/365/365 366/366/366 362/362/362
f 365/365/365 362/362/362 366/366/366
f 367/367/367 368/368/368 369/369/369
f 367/367/367 369/369/369 368/368/368
f 370/370/370 371/371/371 372/372/372
f 370/370/370 372/372/372 371/371/371
f 370/370/370 372/372/372 373/373/373
f 370/370/370 373/373/373 372/372/372
f 374/374/374 375/375/375 376/376/376
f 374/374/374 376/376/376 375/375/375
f 377/377/377 378/378/378 376/376/376
f 377/377/377 376/376/376 378/378/378
f 379/379/379 380/380/380 381/381/381
f 382/382/382 383/383/383 381/381/381
f 384/384/384 385/385/385 386/386/386
f 384/384/384 386/386/386 385/385/385
f 384/384/384 386/386/386 387/387/387
f 384/384/384 387/387/387 386/386/386
f 388/388/388 389/389/389 390/390/390
f 388/388/388 390/390/390 389/389/389
f 390/390/390 389/389/389 391/391/391
f 390/390/390 391/391/391 389/389/389
f 392/392/392 393/393/393 394/394/394
f 392/392/392 394/394/394 393/393/393
f 392/392/392 394/394/394 395/395/395
f 392/392/392 395/395/395 394/394/394
f 396/396/396 397/397/397 398/398/398
f 396/396/396 398/398/398 397/397/397
f 396/396/396 398/398/398 399/399/399
f 396/396/396 399/399/399 398/398/398
f 400/400/400 401/401/401 402/402/402
f 400/400/400 402/402/402 401/401/401
f 400/400/400 402/402/402 403/403/403
f 400/400/400 403/403/403 402/402/402
f 404/404/404 405/405/405 406/406/406
f 404/404/404 406/406/406 405/405/405
f 406/406/406 405/405/405 407/407/407
f 406/406/406 407/407/407 405/405/405
f 408/408/408 409/409/409 410/410/410
f 408/408/408 410/410/410 411/411/411
f 412/412/412 409/409/409 413/413/413
f 409/409/409 412/412/412 414/414/414
f 411/411/411 410/410/410 415/415/415
f 411/411/411 415/415/415 416/416/416
f 416/416/416 415/415/415 417/417/417
f 417/417/417 415/415/415 410/410/410
f 417/417/417 410/410/410 418/418/418
f 419/419/419 410/410/410 409/409/409
f 419/419/419 409/409/409 414/414/414
f 418/418/418 410/410/410 420/420/420
f 420/420/420 410/410/410 419/419/419
f 418/418/418 420/420/420 421/421/421
f 421/421/421 420/420/420 422/422/422
f 422/422/422 420/420/420 419/419/419
f 422/422/422 419/419/419 423/423/423
f 423/423/423 419/419/419 424/424/424
f 424/424/424 419/419/419 425/425/425
f 425/425/425 419/419/419 414/414/414
f 424/424/424 425/425/425 426/426/426
f 426/426/426 425/425/425 427/427/427
f 427/427/427 425/425/425 414/414/414
f 427/427/427 414/414/414 428/428/428
f 428/428/428 414/414/414 429/429/429
f 428/428/428 429/429/429 430/430/430
f 431/431/431 432/432/432 433/433/433
f 431/431/431 433/433/433 432/432/432
f 434/434/434 435/435/435 431/431/431
f 434/434/434 431/431/431 435/435/435
f 436/436/436 437/437/437 438/438/438
f 437/437/437 436/436/436 439/439/439
f 439/439/439 436/436/436 440/440/440
f 440/440/440 436/436/436 441/441/441
f 440/440/440 441/441/441 442/442/442
f 442/442/442 441/441/441 443/443/443
f 443/443/443 441/441/441 444/444/444
f 441/441/441 436/436/436 445/445/445
f 441/441/441 445/445/445 444/444/444
f 445/445/445 436/436/436 438/438/438
f 444/444/444 445/445/445 446/446/446
f 444/444/444 446/446/446 447/447/447
f 446/446/446 445/445/445 448/448/448
f 448/448/448 445/445/445 438/438/438
f 446/446/446 448/448/448 449/449/449
f 449/449/449 448/448/448 450/450/450
f 450/450/450 448/448/448 438/438/438
f 449/449/449 450/450/450 451/451/451
f 451/451/451 450/450/450 452/452/452
f 452/452/452 450/450/450 453/453/453
f 450/450/450 438/438/438 454/454/454
f 450/450/450 454/454/454 453/453/453
f 454/454/454 438/438/438 455/455/455
f 454/454/454 455/455/455 456/456/456
f 453/453/453 454/454/454 457/457/457
f 457/457/457 454/454/454 458/458/458
f 457/457/457 458/458/458 459/459/459
f 460/460/460 461/461/461 462/462/462
f 460/460/460 462/462/462 461/461/461
f 460/460/460 462/462/462 463/463/463
f 460/460/460 463/463/463 462/462/462
f 464/464/464 465/465/465 466/466/466
f 464/464/464 466/466/466 465/465/465
f 464/464/464 466/466/466 467/467/467
f 464/464/464 467/467/467 466/466/466
f 468/468/468 469/469/469 470/470/470
f 468/468/468 470/470/470 469/469/469
f 471/471/471 472/472/472 473/473/473
f 471/471/471 473/473/473 472/472/472
f 474/474/474 475/475/475 472/472/472
f 474/474/474 472/472/472 475/475/475
f 476/476/476 477/477/477 478/478/478
f 476/476/476 478/478/478 477/477/477
f 479/479/479 480/480/480 481/481/481
f 479/479/479 481/481/481 480/480/480
f 482/482/482 483/483/483 481/481/481
f 482/482/482 481/481/481 483/483/483
f 484/484/484 485/485/485 486/486/486
f 484/484/484 486/486/486 485/485/485
f 486/486/486 485/485/485 487/487/487
f 486/486/486 487/487/487 485/485/485
f 488/488/488 489/489/489 490/490/490
f 488/488/488 490/490/490 489/489/489
f 490/490/490 489/489/489 491/491/491
f 490/490/490 491/491/491 489/489/489
f 492/492/492 493/493/493 494/494/494
f 492/492/492 494/494/494 493/493/493
f 492/492/492 494/494/494 495/495/495
f 492/492/492 495/495/495 494/494/494
f 496/496/496 497/497/497 498/498/498
f 496/496/496 498/498/498 497/497/497
f 496/496/496 498/498/498 499/499/499
f 496/496/496 499/499/499 498/498/498
f 500/500/500 501/501/501 502/502/502
f 500/500/500 502/502/502 501/501/501
f 500/500/500 502/502/502 503/503/503
f 500/500/500 503/503/503 502/502/502
f 504/504/504 505/505/505 506/506/506
f 504/504/504 506/506/506 505/505/505
f 504/504/504 506/506/506 507/507/507
f 504/504/504 507/507/507 506/506/506
f 508/508/508 509/509/509 510/510/510
f 508/508/508 510/510/510 509/509/509
f 508/508/508 510/510/510 511/511/511
f 508/508/508 511/511/511 510/510/510
f 512/512/512 513/513/513 514/514/514
f 512/512/512 514/514/514 513/513/513
f 515/515/515 516/516/516 512/512/512
f 515/515/515 512/512/512 516/516/516
f 517/517/517 518/518/518 519/519/519
f 517/517/517 519/519/519 518/518/518
f 517/517/517 519/519/519 520/520/520
f 517/517/517 520/520/520 519/519/519
f 521/521/521 522/522/522 523/523/523
f 521/521/521 523/523/523 522/522/522
f 521/521/521 523/523/523 524/524/524
f 521/521/521 524/524/524 523/523/523
f 525/525/525 526/526/526 527/527/527
f 525/525/525 527/527/527 526/526/526
f 525/525/525 527/527/527 528/528/528
f 525/525/525 528/528/528 527/527/527
f 529/529/529 530/530/530 531/531/531
f 529/529/529 531/531/531 530/530/530
f 531/531/531 530/530/530 532/532/532
f 531/531/531 532/532/532 530/530/530
f 533/533/533 534/534/534 535/535/535
f 533/533/533 535/535/535 534/534/534
f 533/533/533 535/535/535 536/536/536
f 533/533/533 536/536/536 535/535/535
f 537/537/537 538/538/538 539/539/539
f 537/537/537 539/539/539 540/540/540
f 540/540/540 539/539/539 541/541/541
f 540/540/540 541/541/541 542/542/542
f 541/541/541 539/539/539 543/543/543
f 543/543/543 539/539/539 544/544/544
f 544/544/544 539/539/539 538/538/538
f 544/544/544 538/538/538 545/545/545
f 545/545/545 538/538/538 546/546/546
f 546/546/546 538/538/538 547/547/547
f 547/547/547 538/538/538 548/548/548
f 547/547/547 548/548/548 549/549/549
f 547/547/547 549/549/549 550/550/550
f 547/547/547 550/550/550 551/551/551
f 547/547/547 551/551/551 546/546/546
f 546/546/546 551/551/551 552/552/552
f 553/553/553 554/554/554 555/555/555
f 553/553/553 555/555/555 554/554/554
f 553/553/553 555/555/555 556/556/556
f 553/553/553 556/556/556 555/555/555
f 557/557/557 558/558/558 559/559/559
f 557/557/557 559/559/559 558/558/558
f 557/557/557 559/559/559 560/560/560
f 557/557/557 560/560/560 559/559/559
f 561/561/561 562/562/562 563/563/563
f 561/561/561 563/563/563 562/562/562
f 563/563/563 562/562/562 564/564/564
f 563/563/563 564/564/564 562/562/562
f 565/565/565 566/566/566 567/567/567
f 565/565/565 567/567/567 566/566/566
f 567/567/567 566/566/566 568/568/568
f 567/567/567 568/568/568 566/566/566
f 569/569/569 570/570/570 571/571/571
f 569/569/569 571/571/571 570/570/570
f 569/569/569 571/571/571 572/572/572
f 569/569/569 572/572/572 571/571/571
f 573/573/573 574/574/574 575/575/575
f 573/573/573 575/575/575 574/574/574
f 573/573/573 575/575/575 576/576/576
f 573/573/573 576/576/576 575/575/575
f 577/577/577 578/578/578 579/579/579
f 577/577/577 579/579/579 578/578/578
f 579/579/579 578/578/578 580/580/580
f 579/579/579 580/580/580 578/578/578
f 581/581/581 582/582/582 583/583/583
f 581/581/581 583/583/583 582/582/582
f 584/584/584 585/585/585 586/586/586
f 584/584/584 586/586/586 585/585/585
f 586/586/586 585/585/585 587/587/587
f 586/586/586 587/587/587 585/585/585
f 588/588/588 589/589/589 590/590/590
f 588/588/588 590/590/590 589/589/589
f 588/588/588 590/590/590 591/591/591
f 588/588/588 591/591/591 590/590/590
f 592/592/592 593/593/593 594/594/594
f 592/592/592 594/594/594 593/593/593
f 595/595/595 596/596/596 597/597/597
f 595/595/595 597/597/597 596/596/596
f 595/595/595 597/597/597 598/598/598
f 595/595/595 598/598/598 597/597/597
f 599/599/599 600/600/600 601/601/601
f 599/599/599 601/601/601 600/600/600
f 601/601/601 600/600/600 602/602/602
f 601/601/601 602/602/602 600/600/600
f 603/603/603 604/604/604 605/605/605
f 603/603/603 605/605/605 604/604/604
f 603/603/603 605/605/605 606/606/606
f 603/603/603 606/606/606 605/605/605
f 607/607/607 608/608/608 609/609/609
f 607/607/607 609/609/609 608/608/608
f 610/610/610 611/611/611 612/612/612
f 610/610/610 612/612/612 611/611/611
f 613/613/613 614/614/614 615/615/615
f 613/613/613 615/615/615 614/614/614
f 616/616/616 613/613/613 617/617/617
f 616/616/616 617/617/617 613/613/613
f 618/618/618 619/619/619 620/620/620
f 618/618/618 620/620/620 619/619/619
f 620/620/620 619/619/619 621/621/621
f 620/620/620 621/621/621 619/619/619
f 622/622/622 623/623/623 624/624/624
f 622/622/622 624/624/624 623/623/623
f 624/624/624 623/623/623 625/625/625
f 624/624/624 625/625/625 623/623/623
f 626/626/626 627/627/627 628/628/628
f 626/626/626 628/628/628 627/627/627
f 629/629/629 628/628/628 630/630/630
f 629/629/629 630/630/630 628/628/628
f 631/631/631 632/632/632 633/633/633
f 631/631/631 633/633/633 632/632/632
f 634/634/634 633/633/633 635/635/635
f 634/634/634 635/635/635 633/633/633
f 636/636/636 637/637/637 638/638/638
f 636/636/636 638/638/638 637/637/637
f 636/636/636 638/638/638 639/639/639
f 636/636/636 639/639/639 638/638/638
f 640/640/640 641/641/641 642/642/642
f 640/640/640 642/642/642 641/641/641
f 643/643/643 644/644/644 645/645/645
f 643/643/643 645/645/645 644/644/644
f 645/645/645 644/644/644 646/646/646
f 645/645/645 646/646/646 644/644/644
f 647/647/647 648/648/648 649/649/649
f 647/647/647 649/649/649 648/648/648
f 649/649/649 648/648/648 650/650/650
f 649/649/649 650/650/650 648/648/648
f 651/651/651 652/652/652 653/653/653
f 651/651/651 653/653/653 652/652/652
f 653/653/653 652/652/652 654/654/654
f 653/653/653 654/654/654 652/652/652
f 655/655/655 656/656/656 657/657/657
f 655/655/655 657/657/657 656/656/656
f 657/657/657 656/656/656 658/658/658
f 657/657/657 658/658/658 656/656/656
f 659/659/659 660/660/660 661/661/661
f 659/659/659 661/661/661 660/660/660
f 659/659/659 661/661/661 662/662/662
f 659/659/659 662/662/662 661/661/661
f 663/663/663 664/664/664 665/665/665
f 663/663/663 665/665/665 664/664/664
f 666/666/666 667/667/667 668/668/668
f 666/666/666 668/668/668 667/667/667
f 669/669/669 670/670/670 671/671/671
f 669/669/669 671/671/671 670/670/670
f 672/672/672 673/673/673 674/674/674
f 672/672/672 674/674/674 673/673/673
f 675/675/675 676/676/676 672/672/672
f 675/675/675 672/672/672 676/676/676
f 677/677/677 678/678/678 679/679/679
f 677/677/677 679/679/679 678/678/678
f 677/677/677 679/679/679 680/680/680
f 677/677/677 680/680/680 679/679/679
f 681/681/681 682/682/682 683/683/683
f 681/681/681 683/683/683 682/682/682
f 681/681/681 683/683/683 684/684/684
f 681/681/681 684/684/684 683/683/683
f 685/685/685 686/686/686 687/687/687
f 685/685/685 687/687/687 686/686/686
f 685/685/685 687/687/687 688/688/688
f 685/685/685 688/688/688 687/687/687
f 689/689/689 690/690/690 691/691/691
f 689/689/689 691/691/691 690/690/690
f 691/691/691 690/690/690 692/692/692
f 691/691/691 692/692/692 690/690/690
f 693/693/693 694/694/694 695/695/695
f 693/693/693 695/695/695 694/694/694
f 693/693/693 695/695/695 696/696/696
f 693/693/693 696/696/696 695/695/695
f 697/697/697 698/698/698 699/699/699
f 697/697/697 699/699/699 698/698/698
f 697/697/697 699/699/699 700/700/700
f 697/697/697 700/700/700 699/699/699
f 701/701/701 702/702/702 703/703/703
f 701/701/701 703/703/703 702/702/702
f 703/703/703 702/702/702 704/704/704
f 703/703/703 704/704/704 702/702/702
f 705/705/705 706/706/706 707/707/707
f 705/705/705 707/707/707 706/706/706
f 708/708/708 709/709/709 705/705/705
f 708/708/708 705/705/705 709/709/709
f 710/710/710 711/711/711 712/712/712
f 710/710/710 712/712/712 711/711/711
f 712/712/712 711/711/711 713/713/713
f 712/712/712 713/713/713 711/711/711
f 714/714/714 715/715/715 716/716/716
f 714/714/714 716/716/716 715/715/715
f 714/714/714 716/716/716 717/717/717
f 714/714/714 717/717/717 716/716/716
f 718/718/718 719/719/719 720/720/720
f 718/718/718 720/720/720 719/719/719
f 720/720/720 719/719/719 721/721/721
f 720/720/720 721/721/721 719/719/719
f 722/722/722 723/723/723 724/724/724
f 722/722/722 724/724/724 723/723/723
f 724/724/724 723/723/723 725/725/725
f 724/724/724 725/725/725 723/723/723
f 726/726/726 727/727/727 728/728/728
f 726/726/726 728/728/728 727/727/727
f 726/726/726 728/728/728 729/729/729
f 726/726/726 729/729/729 728/728/728
f 730/730/730 731/731/731 732/732/732
f 730/730/730 732/732/732 731/731/731
f 730/730/730 732/732/732 733/733/733
f 730/730/730 733/733/733 732/732/732
f 734/734/734 735/735/735 736/736/736
f 734/734/734 736/736/736 735/735/735
f 736/736/736 735/735/735 737/737/737
f 736/736/736 737/737/737 735/735/735
f 738/738/738 739/739/739 740/740/740
f 738/738/738 740/740/740 739/739/739
f 740/740/740 739/739/739 741/741/741
f 740/740/740 741/741/741 739/739/739
f 742/742/742 743/743/743 744/744/744
f 742/742/742 744/744/744 743/743/743
f 744/744/744 743/743/743 745/745/745
f 744/744/744 745/745/745 743/743/743
f 746/746/746 747/747/747 748/748/748
f 746/746/746 748/748/748 747/747/747
f 749/749/749 750/750/750 746/746/746
f 749/749/749 746/746/746 750/750/750
f 751/751/751 752/752/752 753/753/753
f 751/751/751 753/753/753 752/752/752
f 751/751/751 753/753/753 754/754/754
f 751/751/751 754/754/754 753/753/753
f 755/755/755 756/756/756 757/757/757
f 755/755/755 757/757/757 756/756/756
f 755/755/755 757/757/757 758/758/758
f 755/755/755 758/758/758 757/757/757
f 759/759/759 760/760/760 761/761/761
f 759/759/759 761/761/761 760/760/760
f 762/762/762 763/763/763 764/764/764
f 762/762/762 764/764/764 763/763/763
f 762/762/762 764/764/764 765/765/765
f 762/762/762 765/765/765 764/764/764
f 766/766/766 767/767/767 768/768/768
f 766/766/766 768/768/768 767/767/767
f 766/766/766 768/768/768 769/769/769
f 766/766/766 769/769/769 768/768/768
f 770/770/770 771/771/771 772/772/772
f 770/770/770 772/772/772 771/771/771
f 773/773/773 774/774/774 775/775/775
f 773/773/773 775/775/775 774/774/774
f 775/775/775 774/774/774 776/776/776
f 775/775/775 776/776/776 774/774/774
f 777/777/777 778/778/778 779/779/779
f 777/777/777 779/779/779 778/778/778
f 777/777/777 779/779/779 780/780/780
f 777/777/777 780/780/780 779/779/779
f 781/781/781 782/782/782 783/783/783
f 781/781/781 783/783/783 782/782/782
f 784/784/784 785/785/785 786/786/786
f 784/784/784 786/786/786 785/785/785
f 784/784/784 786/786/786 787/787/787
f 784/784/784 787/787/787 786/786/786
f 788/788/788 789/789/789 790/790/790
f 788/788/788 790/790/790 789/789/789
f 790/790/790 789/789/789 791/791/791
f 790/790/790 791/791/791 789/789/789
f 792/792/792 793/793/793 794/794/794
f 792/792/792 794/794/794 793/793/793
f 792/792/792 794/794/794 795/795/795
f 792/792/792 795/795/795 794/794/794
f 796/796/796 797/797/797 798/798/798
f 796/796/796 798/798/798 797/797/797
f 798/798/798 797/797/797 799/799/799
f 798/798/798 799/799/799 797/797/797
f 800/800/800 801/801/801 802/802/802
f 800/800/800 802/802/802 801/801/801
f 800/800/800 802/802/802 803/803/803
f 800/800/800 803/803/803 802/802/802
f 804/804/804 805/805/805 806/806/806
f 804/804/804 806/806/806 805/805/805
f 806/806/806 805/805/805 807/807/807
f 806/806/806 807/807/807 805/805/805
f 808/808/808 809/809/809 810/810/810
f 808/808/808 810/810/810 809/809/809
f 808/808/808 810/810/810 811/811/811
f 808/808/808 811/811/811 810/810/810
f 812/812/812 813/813/813 814/814/814
f 812/812/812 814/814/814 813/813/813
f 812/812/812 814/814/814 815/815/815
f 812/812/812 815/815/815 814/814/814
f 816/816/816 817/817/817 818/818/818
f 816/816/816 818/818/818 817/817/817
f 816/816/816 818/818/818 819/819/819
f 816/816/816 819/819/819 818/818/818
f 820/820/820 821/821/821 822/822/822
f 820/820/820 822/822/822 821/821/821
f 820/820/820 822/822/822 823/823/823
f 820/820/820 823/823/823 822/822/822
f 824/824/824 825/825/825 826/826/826
f 826/826/826 825/825/825 827/827/827
f 828/828/828 829/829/829 830/830/830
f 828/828/828 830/830/830 829/829/829
f 831/831/831 830/830/830 832/832/832
f 831/831/831 832/832/832 830/830/830
f 833/833/833 834/834/834 835/835/835
f 833/833/833 835/835/835 834/834/834
f 833/833/833 835/835/835 836/836/836
f 833/833/833 836/836/836 835/835/835
f 837/837/837 838/838/838 839/839/839
f 837/837/837 839/839/839 838/838/838
f 839/839/839 838/838/838 840/840/840
f 839/839/839 840/840/840 838/838/838
f 841/841/841 842/842/842 843/843/843
f 841/841/841 843/843/843 842/842/842
f 843/843/843 842/842/842 844/844/844
f 843/843/843 844/844/844 842/842/842
f 845/845/845 846/846/846 847/847/847
f 845/845/845 847/847/847 846/846/846
f 845/845/845 847/847/847 848/848/848
f 845/845/845 848/848/848 847/847/847
f 849/849/849 850/850/850 851/851/851
f 849/849/849 851/851/851 850/850/850
f 849/849/849 851/851/851 852/852/852
f 849/849/849 852/852/852 851/851/851
f 853/853/853 854/854/854 855/855/855
f 853/853/853 855/855/855 854/854/854
f 856/856/856 857/857/857 858/858/858
f 856/856/856 858/858/858 857/857/857
f 858/858/858 857/857/857 859/859/859
f 858/858/858 859/859/859 857/857/857
f 860/860/860 861/861/861 862/862/862
f 860/860/860 862/862/862 861/861/861
f 862/862/862 861/861/861 863/863/863
f 862/862/862 863/863/863 861/861/861
f 864/864/864 865/865/865 866/866/866
f 864/864/864 866/866/866 865/865/865
f 864/864/864 866/866/866 867/867/867
f 864/864/864 867/867/867 866/866/866
f 868/868/868 869/869/869 870/870/870
f 868/868/868 870/870/870 869/869/869
f 870/870/870 869/869/869 871/871/871
f 870/870/870 871/871/871 869/869/869
f 872/872/872 873/873/873 874/874/874
f 872/872/872 874/874/874 873/873/873
f 872/872/872 874/874/874 875/875/875
f 872/872/872 875/875/875 874/874/874
f 876/876/876 877/877/877 878/878/878
f 876/876/876 878/878/878 877/877/877
f 876/876/876 878/878/878 879/879/879
f 876/876/876 879/879/879 878/878/878
f 880/880/880 881/881/881 882/882/882
f 880/880/880 882/882/882 881/881/881
f 882/882/882 881/881/881 883/883/883
f 882/882/882 883/883/883 881/881/881
f 884/884/884 885/885/885 886/886/886
f 884/884/884 886/886/886 885/885/885
f 884/884/884 886/886/886 887/887/887
f 884/884/884 887/887/887 886/886/886
f 888/888/888 889/889/889 890/890/890
f 888/888/888 890/890/890 889/889/889
f 891/891/891 892/892/892 888/888/888
f 891/891/891 888/888/888 892/892/892
f 893/893/893 894/894/894 895/895/895
f 893/893/893 895/895/895 894/894/894
f 895/895/895 894/894/894 896/896/896
f 895/895/895 896/896/896 894/894/894
f 897/897/897 898/898/898 899/899/899
f 897/897/897 899/899/899 898/898/898
f 897/897/897 899/899/899 900/900/900
f 897/897/897 900/900/900 899/899/899
f 901/901/901 902/902/902 903/903/903
f 901/901/901 903/903/903 902/902/902
f 901/901/901 903/903/903 904/904/904
f 901/901/901 904/904/904 903/903/903
f 905/905/905 906/906/906 907/907/907
f 905/905/905 907/907/907 906/906/906
f 905/905/905 907/907/907 908/908/908
f 905/905/905 908/908/908 907/907/907
f 909/909/909 910/910/910 911/911/911
f 909/909/909 911/911/911 910/910/910
f 909/909/909 911/911/911 912/912/912
f 909/909/909 912/912/912 911/911/911
f 913/913/913 914/914/914 915/915/915
f 913/913/913 915/915/915 914/914/914
f 913/913/913 915/915/915 916/916/916
f 913/913/913 916/916/916 915/915/915
f 917/917/917 918/918/918 919/919/919
f 917/917/917 919/919/919 918/918/918
f 917/917/917 919/919/919 920/920/920
f 917/917/917 920/920/920 919/919/919
f 921/921/921 922/922/922 923/923/923
f 921/921/921 923/923/923 922/922/922
f 921/921/921 923/923/923 924/924/924
f 921/921/921 924/924/924 923/923/923
f 925/925/925 926/926/926 927/927/927
f 925/925/925 927/927/927 926/926/926
f 925/925/925 927/927/927 928/928/928
f 925/925/925 928/928/928 927/927/927
f 929/929/929 930/930/930 931/931/931
f 929/929/929 931/931/931 930/930/930
f 929/929/929 931/931/931 932/932/932
f 929/929/929 932/932/932 931/931/931
f 933/933/933 934/934/934 935/935/935
f 933/933/933 935/935/935 934/934/934
f 936/936/936 937/937/937 934/934/934
f 936/936/936 934/934/934 937/937/937
f 938/938/938 939/939/939 940/940/940
f 938/938/938 940/940/940 939/939/939
f 938/938/938 940/940/940 941/941/941
f 938/938/938 941/941/941 940/940/940
f 942/942/942 943/943/943 944/944/944
f 942/942/942 944/944/944 943/943/943
f 942/942/942 944/944/944 945/945/945
f 942/942/942 945/945/945 944/944/944
f 946/946/946 947/947/947 948/948/948
f 946/946/946 948/948/948 947/947/947
f 946/946/946 948/948/948 949/949/949
f 946/946/946 949/949/949 948/948/948
f 950/950/950 951/951/951 952/952/952
f 950/950/950 952/952/952 951/951/951
f 950/950/950 952/952/952 953/953/953
f 950/950/950 953/953/953 952/952/952
f 954/954/954 955/955/955 956/956/956
f 954/954/954 956/956/956 955/955/955
f 956/956/956 955/955/955 957/957/957
f 956/956/956 957/957/957 955/955/955
f 958/958/958 959/959/959 960/960/960
f 958/958/958 960/960/960 959/959/959
f 958/958/958 960/960/960 961/961/961
f 958/958/958 961/961/961 960/960/960
f 962/962/962 963/963/963 964/964/964
f 962/962/962 964/964/964 963/963/963
f 962/962/962 964/964/964 965/965/965
f 962/962/962 965/965/965 964/964/964
f 966/966/966 967/967/967 968/968/968
f 966/966/966 968/968/968 967/967/967
f 968/968/968 967/967/967 969/969/969
f 968/968/968 969/969/969 967/967/967
f 970/970/970 971/971/971 972/972/972
f 970/970/970 972/972/972 971/971/971
f 970/970/970 972/972/972 973/973/973
f 970/970/970 973/973/973 972/972/972
f 974/974/974 975/975/975 976/976/976
f 974/974/974 976/976/976 975/975/975
f 976/976/976 975/975/975 977/977/977
f 976/976/976 977/977/977 975/975/975
f 978/978/978 979/979/979 980/980/980
f 978/978/978 980/980/980 981/981/981
f 982/982/982 983/983/983 984/984/984
f 982/982/982 984/984/984 983/983/983
f 982/982/982 984/984/984 985/985/985
f 982/982/982 985/985/985 984/984/984
f 986/986/986 987/987/987 988/988/988
f 986/986/986 988/988/988 987/987/987
f 986/986/986 988/988/988 989/989/989
f 986/986/986 989/989/989 988/988/988
f 990/990/990 991/991/991 992/992/992
f 990/990/990 992/992/992 991/991/991
f 992/992/992 991/991/991 993/993/993
f 992/992/992 993/993/993 991/991/991
f 994/994/994 995/995/995 996/996/996
f 994/994/994 996/996/996 995/995/995
f 996/996/996 995/995/995 997/997/997
f 996/996/996 997/997/997 995/995/995
f 998/998/998 999/999/999 1000/1000/1000
f 998/998/998 1000/1000/1000 999/999/999
f 1000/1000/1000 999/999/999 1001/1001/1001
f 1000/1000/1000 1001/1001/1001 999/999/999
f 1002/1002/1002 1003/1003/1003 1004/1004/1004
f 1002/1002/1002 1004/1004/1004 1003/1003/1003
f 1005/1005/1005 1006/1006/1006 1007/1007/1007
f 1005/1005/1005 1007/1007/1007 1006/1006/1006
f 1007/1007/1007 1006/1006/1006 1008/1008/1008
f 1007/1007/1007 1008/1008/1008 1006/1006/1006
f 1009/1009/1009 1010/1010/1010 1011/1011/1011
f 1009/1009/1009 1011/1011/1011 1010/1010/1010
f 1009/1009/1009 1011/1011/1011 1012/1012/1012
f 1009/1009/1009 1012/1012/1012 1011/1011/1011
f 1013/1013/1013 1014/1014/1014 1015/1015/1015
f 1013/1013/1013 1015/1015/1015 1014/1014/1014
f 1015/1015/1015 1014/1014/1014 1016/1016/1016
f 1015/1015/1015 1016/1016/1016 1014/1014/1014
f 1017/1017/1017 1018/1018/1018 1019/1019/1019
f 1017/1017/1017 1019/1019/1019 1018/1018/1018
f 1017/1017/1017 1019/1019/1019 1020/1020/1020
f 1017/1017/1017 1020/1020/1020 1019/1019/1019
f 1021/1021/1021 1022/1022/1022 1023/1023/1023
f 1021/1021/1021 1023/1023/1023 1022/1022/1022
f 1021/1021/1021 1023/1023/1023 1024/1024/1024
f 1021/1021/1021 1024/1024/1024 1023/1023/1023
f 1025/1025/1025 1026/1026/1026 1027/1027/1027
f 1025/1025/1025 1027/1027/1027 1026/1026/1026
f 1025/1025/1025 1027/1027/1027 1028/1028/1028
f 1025/1025/1025 1028/1028/1028 1027/1027/1027
f 1029/1029/1029 1030/1030/1030 1031/1031/1031
f 1029/1029/1029 1031/1031/1031 1030/1030/1030
f 1029/1029/1029 1031/1031/1031 1032/1032/1032
f 1029/1029/1029 1032/1032/1032 1031/1031/1031
f 1033/1033/1033 1034/1034/1034 1035/1035/1035
f 1033/1033/1033 1035/1035/1035 1034/1034/1034
f 1036/1036/1036 1037/1037/1037 1038/1038/1038
f 1036/1036/1036 1038/1038/1038 1037/1037/1037
f 1036/1036/1036 1038/1038/1038 1039/1039/1039
f 1036/1036/1036 1039/1039/1039 1038/1038/1038
f 1040/1040/1040 1041/1041/1041 1042/1042/1042
f 1040/1040/1040 1042/1042/1042 1041/1041/1041
f 1042/1042/1042 1041/1041/1041 1043/1043/1043
f 1042/1042/1042 1043/1043/1043 1041/1041/1041
f 1044/1044/1044 1045/1045/1045 1046/1046/1046
f 1044/1044/1044 1046/1046/1046 1045/1045/1045
f 1044/1044/1044 1046/1046/1046 1047/1047/1047
f 1044/1044/1044 1047/1047/1047 1046/1046/1046
f 1048/1048/1048 1049/1049/1049 1050/1050/1050
f 1048/1048/1048 1050/1050/1050 1049/1049/1049
f 1048/1048/1048 1050/1050/1050 1051/1051/1051
f 1048/1048/1048 1051/1051/1051 1050/1050/1050
f 1052/1052/1052 1053/1053/1053 1054/1054/1054
f 1052/1052/1052 1054/1054/1054 1053/1053/1053
f 1052/1052/1052 1054/1054/1054 1055/1055/1055
f 1052/1052/1052 1055/1055/1055 1054/1054/1054
f 1056/1056/1056 1057/1057/1057 1058/1058/1058
f 1056/1056/1056 1058/1058/1058 1057/1057/1057
f 1056/1056/1056 1058/1058/1058 1059/1059/1059
f 1056/1056/1056 1059/1059/1059 1058/1058/1058
f 1060/1060/1060 1061/1061/1061 1062/1062/1062
f 1060/1060/1060 1062/1062/1062 1061/1061/1061
f 1060/1060/1060 1062/1062/1062 1063/1063/1063
f 1060/1060/1060 1063/1063/1063 1062/1062/1062
f 1064/1064/1064 1065/1065/1065 1066/1066/1066
f 1064/1064/1064 1066/1066/1066 1065/1065/1065
f 1066/1066/1066 1065/1065/1065 1067/1067/1067
f 1066/1066/1066 1067/1067/1067 1065/1065/1065
f 1068/1068/1068 1069/1069/1069 1070/1070/1070
f 1068/1068/1068 1070/1070/1070 1069/1069/1069
f 1070/1070/1070 1069/1069/1069 1071/1071/1071
f 1070/1070/1070 1071/1071/1071 1069/1069/1069
f 1072/1072/1072 1073/1073/1073 1074/1074/1074
f 1072/1072/1072 1074/1074/1074 1073/1073/1073
f 1072/1072/1072 1074/1074/1074 1075/1075/1075
f 1072/1072/1072 1075/1075/1075 1074/1074/1074
f 1076/1076/1076 1077/1077/1077 1078/1078/1078
f 1076/1076/1076 1078/1078/1078 1077/1077/1077
f 1078/1078/1078 1077/1077/1077 1079/1079/1079
f 1078/1078/1078 1079/1079/1079 1077/1077/1077
f 1080/1080/1080 1081/1081/1081 1082/1082/1082
f 1080/1080/1080 1082/1082/1082 1081/1081/1081
f 1080/1080/1080 1082/1082/1082 1083/1083/1083
f 1080/1080/1080 1083/1083/1083 1082/1082/1082
f 1084/1084/1084 1085/1085/1085 1086/1086/1086
f 1084/1084/1084 1086/1086/1086 1085/1085/1085
f 1087/1087/1087 1088/1088/1088 1084/1084/1084
f 1087/1087/1087 1084/1084/1084 1088/1088/1088
f 1089/1089/1089 1090/1090/1090 1091/1091/1091
f 1089/1089/1089 1091/1091/1091 1090/1090/1090
f 1089/1089/1089 1091/1091/1091 1092/1092/1092
f 1089/1089/1089 1092/1092/1092 1091/1091/1091
f 1093/1093/1093 1094/1094/1094 1095/1095/1095
f 1093/1093/1093 1095/1095/1095 1094/1094/1094
f 1093/1093/1093 1095/1095/1095 1096/1096/1096
f 1093/1093/1093 1096/1096/1096 1095/1095/1095
f 1097/1097/1097 1098/1098/1098 1099/1099/1099
f 1097/1097/1097 1099/1099/1099 1098/1098/1098
f 1097/1097/1097 1099/1099/1099 1100/1100/1100
f 1097/1097/1097 1100/1100/1100 1099/1099/1099
f 1101/1101/1101 1102/1102/1102 1103/1103/1103
f 1101/1101/1101 1103/1103/1103 1102/1102/1102
f 1101/1101/1101 1103/1103/1103 1104/1104/1104
f 1101/1101/1101 1104/1104/1104 1103/1103/1103
f 1105/1105/1105 1106/1106/1106 1107/1107/1107
f 1105/1105/1105 1107/1107/1107 1106/1106/1106
f 1107/1107/1107 1106/1106/1106 1108/1108/1108
f 1107/1107/1107 1108/1108/1108 1106/1106/1106
f 1109/1109/1109 1110/1110/1110 1111/1111/1111
f 1109/1109/1109 1111/1111/1111 1110/1110/1110
f 1111/1111/1111 1110/1110/1110 1112/1112/1112
f 1111/1111/1111 1112/1112/1112 1110/1110/1110
f 1113/1113/1113 1114/1114/1114 1115/1115/1115
f 1113/1113/1113 1115/1115/1115 1114/1114/1114
f 1113/1113/1113 1115/1115/1115 1116/1116/1116
f 1113/1113/1113 1116/1116/1116 1115/1115/1115
f 1117/1117/1117 1118/1118/1118 1119/1119/1119
f 1117/1117/1117 1119/1119/1119 1118/1118/1118
f 1117/1117/1117 1119/1119/1119 1120/1120/1120
f 1117/1117/1117 1120/1120/1120 1119/1119/1119
f 1121/1121/1121 1122/1122/1122 1123/1123/1123
f 1121/1121/1121 1123/1123/1123 1122/1122/1122
f 1124/1124/1124 1125/1125/1125 1121/1121/1121
f 1124/1124/1124 1121/1121/1121 1125/1125/1125
f 1126/1126/1126 1127/1127/1127 1128/1128/1128
f 1126/1126/1126 1128/1128/1128 1127/1127/1127
f 1128/1128/1128 1127/1127/1127 1129/1129/1129
f 1128/1128/1128 1129/1129/1129 1127/1127/1127
f 1130/1130/1130 1131/1131/1131 1132/1132/1132
f 1130/1130/1130 1132/1132/1132 1131/1131/1131
f 1130/1130/1130 1132/1132/1132 1133/1133/1133
f 1130/1130/1130 1133/1133/1133 1132/1132/1132
f 1134/1134/1134 1135/1135/1135 1136/1136/1136
f 1134/1134/1134 1136/1136/1136 1135/1135/1135
f 1136/1136/1136 1135/1135/1135 1137/1137/1137
f 1136/1136/1136 1137/1137/1137 1135/1135/1135
f 1138/1138/1138 1139/1139/1139 1140/1140/1140
f 1138/1138/1138 1140/1140/1140 1139/1139/1139
f 1140/1140/1140 1139/1139/1139 1141/1141/1141
f 1140/1140/1140 1141/1141/1141 1139/1139/1139
f 1142/1142/1142 1143/1143/1143 1144/1144/1144
f 1142/1142/1142 1144/1144/1144 1143/1143/1143
f 1144/1144/1144 1143/1143/1143 1145/1145/1145
f 1144/1144/1144 1145/1145/1145 1143/1143/1143
f 1146/1146/1146 1147/1147/1147 1148/1148/1148
f 1146/1146/1146 1148/1148/1148 1147/1147/1147
f 1149/1149/1149 1150/1150/1150 1146/1146/1146
f 1149/1149/1149 1146/1146/1146 1150/1150/1150
f 1151/1151/1151 1152/1152/1152 1153/1153/1153
f 1151/1151/1151 1153/1153/1153 1152/1152/1152
f 1153/1153/1153 1152/1152/1152 1154/1154/1154
f 1153/1153/1153 1154/1154/1154 1152/1152/1152
f 1155/1155/1155 1156/1156/1156 1157/1157/1157
f 1155/1155/1155 1157/1157/1157 1156/1156/1156
f 1155/1155/1155 1157/1157/1157 1158/1158/1158
f 1155/1155/1155 1158/1158/1158 1157/1157/1157
f 1159/1159/1159 1160/1160/1160 1161/1161/1161
f 1159/1159/1159 1161/1161/1161 1160/1160/1160
f 1162/1162/1162 1163/1163/1163 1164/1164/1164
f 1162/1162/1162 1164/1164/1164 1163/1163/1163
f 1162/1162/1162 1164/1164/1164 1165/1165/1165
f 1162/1162/1162 1165/1165/1165 1164/1164/1164
f 1166/1166/1166 1167/1167/1167 1168/1168/1168
f 1166/1166/1166 1168/1168/1168 1167/1167/1167
f 1169/1169/1169 1170/1170/1170 1171/1171/1171
f 1169/1169/1169 1171/1171/1171 1170/1170/1170
f 1171/1171/1171 1170/1170/1170 1172/1172/1172
f 1171/1171/1171 1172/1172/1172 1170/1170/1170
f 1173/1173/1173 1174/1174/1174 1175/1175/1175
f 1173/1173/1173 1175/1175/1175 1174/1174/1174
f 1176/1176/1176 1177/1177/1177 1174/1174/1174
f 1176/1176/1176 1174/1174/1174 1177/1177/1177
f 1178/1178/1178 1179/1179/1179 1180/1180/1180
f 1178/1178/1178 1180/1180/1180 1179/1179/1179
f 1178/1178/1178 1180/1180/1180 1181/1181/1181
f 1178/1178/1178 1181/1181/1181 1180/1180/1180
f 1182/1182/1182 1183/1183/1183 1184/1184/1184
f 1182/1182/1182 1184/1184/1184 1183/1183/1183
f 1182/1182/1182 1184/1184/1184 1185/1185/1185
f 1182/1182/1182 1185/1185/1185 1184/1184/1184
f 1186/1186/1186 1187/1187/1187 1188/1188/1188
f 1186/1186/1186 1188/1188/1188 1187/1187/1187
f 1188/1188/1188 1187/1187/1187 1189/1189/1189
f 1188/1188/1188 1189/1189/1189 1187/1187/1187
f 1190/1190/1190 1191/1191/1191 1192/1192/1192
f 1190/1190/1190 1192/1192/1192 1191/1191/1191
f 1190/1190/1190 1192/1192/1192 1193/1193/1193
f 1190/1190/1190 1193/1193/1193 1192/1192/1192
f 1194/1194/1194 1195/1195/1195 1196/1196/1196
f 1194/1194/1194 1196/1196/1196 1197/1197/1197
f 1197/1197/1197 1196/1196/1196 1198/1198/1198
f 1196/1196/1196 1195/1195/1195 1199/1199/1199
f 1199/1199/1199 1195/1195/1195 1200/1200/1200
f 1198/1198/1198 1196/1196/1196 1201/1201/1201
f 1198/1198/1198 1201/1201/1201 1202/1202/1202
f 1196/1196/1196 1199/1199/1199 1203/1203/1203
f 1196/1196/1196 1203/1203/1203 1201/1201/1201
f 1202/1202/1202 1201/1201/1201 1204/1204/1204
f 1204/1204/1204 1201/1201/1201 1203/1203/1203
f 1202/1202/1202 1204/1204/1204 1205/1205/1205
f 1205/1205/1205 1204/1204/1204 1206/1206/1206
f 1206/1206/1206 1204/1204/1204 1207/1207/1207
f 1208/1208/1208 1199/1199/1199 1200/1200/1200
f 1199/1199/1199 1208/1208/1208 1203/1203/1203
f 1208/1208/1208 1200/1200/1200 1209/1209/1209
f 1207/1207/1207 1204/1204/1204 1210/1210/1210
f 1210/1210/1210 1204/1204/1204 1211/1211/1211
f 1207/1207/1207 1210/1210/1210 1212/1212/1212
f 1210/1210/1210 1211/1211/1211 1213/1213/1213
f 1212/1212/1212 1210/1210/1210 1214/1214/1214
f 1213/1213/1213 1211/1211/1211 1215/1215/1215
f 1213/1213/1213 1215/1215/1215 1216/1216/1216
f 1216/1216/1216 1215/1215/1215 1217/1217/1217
f 1212/1212/1212 1214/1214/1214 1218/1218/1218
f 1219/1219/1219 1214/1214/1214 1217/1217/1217
f 1219/1219/1219 1217/1217/1217 1215/1215/1215
f 1218/1218/1218 1214/1214/1214 1220/1220/1220
f 1214/1214/1214 1219/1219/1219 1221/1221/1221
f 1214/1214/1214 1221/1221/1221 1220/1220/1220
f 1219/1219/1219 1215/1215/1215 1222/1222/1222
f 1219/1219/1219 1222/1222/1222 1223/1223/1223
f 1224/1224/1224 1225/1225/1225 1218/1218/1218
f 1222/1222/1222 1215/1215/1215 1226/1226/1226
f 1224/1224/1224 1218/1218/1218 1227/1227/1227
f 1227/1227/1227 1218/1218/1218 1220/1220/1220
f 1224/1224/1224 1227/1227/1227 1228/1228/1228
f 1224/1224/1224 1228/1228/1228 1229/1229/1229
f 1228/1228/1228 1227/1227/1227 1230/1230/1230
f 1230/1230/1230 1227/1227/1227 1220/1220/1220
f 1230/1230/1230 1220/1220/1220 1231/1231/1231
f 1231/1231/1231 1220/1220/1220 1232/1232/1232
f 1232/1232/1232 1220/1220/1220 1221/1221/1221
f 1231/1231/1231 1232/1232/1232 1233/1233/1233
f 1232/1232/1232 1221/1221/1221 1234/1234/1234
f 1232/1232/1232 1234/1234/1234 1233/1233/1233
f 1234/1234/1234 1221/1221/1221 1235/1235/1235
f 1233/1233/1233 1234/1234/1234 1236/1236/1236
f 1233/1233/1233 1236/1236/1236 1237/1237/1237
f 1237/1237/1237 1236/1236/1236 1238/1238/1238
f 1238/1238/1238 1236/1236/1236 1239/1239/1239
f 1236/1236/1236 1234/1234/1234 1240/1240/1240
f 1236/1236/1236 1240/1240/1240 1239/1239/1239
f 1240/1240/1240 1234/1234/1234 1235/1235/1235
f 1239/1239/1239 1240/1240/1240 1241/1241/1241
f 1240/1240/1240 1235/1235/1235 1242/1242/1242
f 1242/1242/1242 1235/1235/1235 1223/1223/1223
f 1243/1243/1243 1244/1244/1244 1241/1241/1241
f 1241/1241/1241 1244/1244/1244 1245/1245/1245
f 1241/1241/1241 1245/1245/1245 1246/1246/1246
f 1246/1246/1246 1245/1245/1245 1247/1247/1247
f 1247/1247/1247 1245/1245/1245 1242/1242/1242
f 1246/1246/1246 1247/1247/1247 1248/1248/1248
f 1242/1242/1242 1223/1223/1223 1249/1249/1249
f 1242/1242/1242 1249/1249/1249 1247/1247/1247
f 1249/1249/1249 1223/1223/1223 1222/1222/1222
f 1248/1248/1248 1247/1247/1247 1250/1250/1250
f 1250/1250/1250 1247/1247/1247 1249/1249/1249
f 1248/1248/1248 1250/1250/1250 1251/1251/1251
f 1249/1249/1249 1222/1222/1222 1252/1252/1252
f 1249/1249/1249 1252/1252/1252 1250/1250/1250
f 1252/1252/1252 1222/1222/1222 1226/1226/1226
f 1251/1251/1251 1250/1250/1250 1253/1253/1253
f 1253/1253/1253 1250/1250/1250 1252/1252/1252
f 1251/1251/1251 1253/1253/1253 1254/1254/1254
f 1254/1254/1254 1253/1253/1253 1255/1255/1255
f 1254/1254/1254 1255/1255/1255 1256/1256/1256
f 1255/1255/1255 1253/1253/1253 1257/1257/1257
f 1253/1253/1253 1252/1252/1252 1258/1258/1258
f 1253/1253/1253 1258/1258/1258 1257/1257/1257
f 1258/1258/1258 1252/1252/1252 1226/1226/1226
f 1257/1257/1257 1258/1258/1258 1259/1259/1259
f 1259/1259/1259 1258/1258/1258 1226/1226/1226
f 1257/1257/1257 1259/1259/1259 1209/1209/1209
f 1209/1209/1209 1259/1259/1259 1208/1208/1208
f 1259/1259/1259 1226/1226/1226 1260/1260/1260
f 1259/1259/1259 1260/1260/1260 1208/1208/1208
f 1260/1260/1260 1226/1226/1226 1215/1215/1215
f 1208/1208/1208 1260/1260/1260 1203/1203/1203
f 1203/1203/1203 1260/1260/1260 1215/1215/1215
f 1261/1261/1261 1262/1262/1262 1263/1263/1263
f 1261/1261/1261 1263/1263/1263 1262/1262/1262
f 1261/1261/1261 1263/1263/1263 1264/1264/1264
f 1261/1261/1261 1264/1264/1264 1263/1263/1263
f 1265/1265/1265 1266/1266/1266 1267/1267/1267
f 1265/1265/1265 1267/1267/1267 1266/1266/1266
f 1265/1265/1265 1267/1267/1267 1268/1268/1268
f 1265/1265/1265 1268/1268/1268 1267/1267/1267
o trunk
usemtl trunk
v -24.549109259928308 202.6383707842489 87.05915428522066
v -69.82135491108332 211.30569337859868 55.73502675754818
v -41.156828872800816 175.07108177725726 34.45461275070671
v -18.307878745822457 170.6966640442375 50.26393049345242
v -11.685744045287606 157.2785884376586 12.746780641435638
v -40.75452098696251 282.8562729001984 111.0531964639979
v -45.336944850411 167.81072916947014 14.432117225616937
v -86.72995830145408 294.17158111812563 79.8829521719865
v -22.253401166810765 364.5302554753822 74.10282225120724
v -78.10370189937082 196.920267240269 16.06302819852754
v -111.532981001486 269.0299101701872 -5.303099751472473
v -65.39432082589218 366.56270815631535 62.436991789209564
v -15.11992432001069 449.5649638138418 17.986373873207512
v -32.0821390377255 171.84456502358745 -14.458493454249826
v 0.9123046743118857 175.78036766352616 -20.288975220026934
v -51.841017768138975 204.91279016329548 -41.179980818680896
v 13.533209956537082 212.71104887714537 -52.732327791649524
v -74.56104586443564 284.29391815906433 -54.81800695103924
v -3.313497882189713 290.3484922694409 -62.07279332979458
v -87.87204900125819 380.33072404035437 -0.2967504652466361
v -54.08244339499887 372.9055434700072 -39.43929991384191
v -11.80069535736024 374.00245666503906 -45.2548453188318
v -14.473885063111313 451.39755789689195 -27.977472215186893
v -33.919473332682934 434.1857264361044 -28.409826473926937
v -13.756502097047221 495.46583430973567 -17.38035303401196
v -50.814273789173036 437.89826040192855 -8.838553362943996
v -39.57540970149003 431.0142336867926 22.528324070877918
v 49.47646865694542 225.31775977667863 -34.853614221407675
v 19.052907472520364 182.14297106885536 -11.265566499214474
v 0.9123046743118857 175.78036766352616 -20.288975220026934
v -11.685744045287606 157.2785884376586 12.746780641435638
v 13.533209956537082 212.71104887714537 -52.732327791649524
v -3.313497882189713 290.3484922694409 -62.07279332979458
v 22.80612630168284 171.50741862499808 15.980593097491528
v 56.91297410979985 204.24478636013242 19.131144435386958
v 50.40163130272092 300.8178275401198 -40.35486011054572
v -11.80069535736024 374.00245666503906 -45.2548453188318
v 9.147476140908369 175.04752151609406 41.88502398062879
v -18.307878745822457 170.6966640442375 50.26393049345242
v 29.85013751533088 211.259004637951 70.45743033641905
v -24.549109259928308 202.6383707842489 87.05915428522066
v 34.900610371837466 373.5111266609252 -30.863350770604892
v 71.58174758821022 247.66097857257515 32.84390047779234
v 39.17440420060646 278.83813137144557 84.65375487259993
v -40.75452098696251 282.8562729001984 111.0531964639979
v -14.473885063111313 451.39755789689195 -27.977472215186893
v 45.11014213712197 381.5294626190907 19.56141722483898
v 28.4303478368624 356.20486642432024 64.60456866917647
v -22.253401166810765 364.5302554753822 74.10282225120724
v -15.11992432001069 449.5649638138418 17.986373873207512
v 10.572054724055013 434.48846171221396 -24.12185190230843
v -13.756502097047221 495.46583430973567 -17.38035303401196
v 7.336919349948253 425.83536914014445 23.61210781758226
v 15.676815913418148 438.4976860106461 1.090532682073398
vt 0.9248634576797485 0.58696249127388
vt 0.8756370544433594 0.6200750768184662
vt 0.8465834259986877 0.5754264891147614
vt 0.8680379390716553 0.551377922296524
vt 0.8099917769432068 0.5407574772834778
vt 0.9572130441665649 0.6800744533538818
vt 0.8200323581695557 0.5777153968811035
vt 0.8980681896209717 0.6938382983207703
vt 0.9263893365859985 0.7848139852285385
vt 0.8286385536193848 0.6158330142498016
vt 0.8054749965667725 0.6776329874992371
vt 0.8836023807525635 0.7597277760505676
vt 0.8385875821113586 0.856318861246109
vt 0.7802972793579102 0.5751518309116364
vt 0.7516098618507385 0.5484176278114319
vt 0.7568590641021729 0.6152836680412292
vt 0.6895962357521057 0.5829340517520905
vt 0.748191773891449 0.6849268972873688
vt 0.6729026436805725 0.6802575886249542
vt 0.8059023022651672 0.762993261218071
vt 0.7460249662399292 0.7649769634008408
vt 0.6989349126815796 0.778130441904068
vt 0.7464827299118042 0.8484145700931549
vt 0.7585680484771729 0.8248847872018814
vt 0.7792596220970154 0.8843348473310471
vt 0.7921994924545288 0.8203985691070557
vt 0.8355662822723389 0.8239997625350952
vt 0.8961150050163269 0.634296715259552
vt 0.87005215883255 0.5807977616786957
vt 0.8841517567634583 0.5618762671947479
vt 0.8319650888442993 0.5401776134967804
vt 0.9323404431343079 0.6096987724304199
vt 0.9675893187522888 0.6936246752738953
vt 0.8341013789176941 0.5789056122303009
vt 0.8361461162567139 0.6184881031513214
vt 0.9030731916427612 0.6973479390144348
vt 0.9441205859184265 0.7834406495094299
vt 0.7975401878356934 0.5749076902866364
vt 0.773979902267456 0.5512558221817017
vt 0.772484540939331 0.6198919713497162
vt 0.7170323729515076 0.5891598165035248
vt 0.8925138115882874 0.76082643866539
vt 0.8246101140975952 0.6480300426483154
vt 0.7632374167442322 0.6756187677383423
vt 0.669972836971283 0.6774803996086121
vt 0.8970915675163269 0.8490554541349411
vt 0.8330026865005493 0.7615894079208374
vt 0.7765740156173706 0.7408673465251923
vt 0.7249976992607117 0.7695547342300415
vt 0.808923602104187 0.8450575321912766
vt 0.8805810809135437 0.8204596042633057
vt 0.8627582788467407 0.8806115910410881
vt 0.8146916031837463 0.8118228763341904
vt 0.8474990129470825 0.8193304240703583
vn -0.12116022408008575 -0.5984127521514893 0.7919734716415405
vn -0.680720329284668 -0.5449117422103882 0.48958200216293335
vn -0.4081431031227112 -0.8398328423500061 0.35791015625
vn -0.08941688388586044 -0.8871820569038391 0.45267245173454285
vn 0.03279837965965271 -0.9993273019790649 -0.016399234533309937
vn -0.19279873371124268 0.03666728734970093 0.9805529117584229
vn -0.4285021126270294 -0.9032927751541138 0.021160602569580078
vn -0.7924724817276001 0.06735314428806305 0.6061769723892212
vn -0.023450687527656555 0.5586789846420288 0.829052209854126
vn -0.7297031879425049 -0.6833951473236084 0.02245241403579712
vn -0.9764740467071533 -0.14146354794502258 -0.1627456247806549
vn -0.5756628513336182 0.5216416716575623 0.6296840310096741
vn 0.023879319429397583 0.7290222644805908 0.6840729713439941
vn -0.24294504523277283 -0.8773019313812256 -0.41390642523765564
vn 0.16645242273807526 -0.8775255084037781 -0.44971346855163574
vn -0.40383344888687134 -0.5908545851707458 -0.6984331011772156
vn 0.22222323715686798 -0.4946749806404114 -0.8401862978935242
vn -0.5235710740089417 0.0013459697365760803 -0.8519808053970337
vn 0.11163780093193054 0.07480871677398682 -0.990929126739502
vn -0.878853976726532 0.4629294276237488 -0.11537635326385498
vn -0.43393948674201965 0.3305460810661316 -0.8381141424179077
vn 0.06177866458892822 0.26602697372436523 -0.9619836807250977
vn 0.04197275638580322 0.30907249450683594 -0.9501116871833801
vn -0.4392847418785095 0.35999155044555664 -0.8230642080307007
vn 0.020376622676849365 0.9720872640609741 -0.2337324470281601
vn -0.7868956327438354 0.5928250551223755 -0.17132800817489624
vn -0.5186234712600708 0.6797493100166321 0.518623411655426
vn 0.7452471852302551 -0.40217074751853943 -0.5318504571914673
vn 0.43244192004203796 -0.8382479548454285 -0.3321656286716461
vn 0.16645242273807526 -0.8775255084037781 -0.44971346855163574
vn 0.03279837965965271 -0.9993273019790649 -0.016399234533309937
vn 0.22222323715686798 -0.4946749806404114 -0.8401862978935242
vn 0.11163780093193054 0.07480871677398682 -0.990929126739502
vn 0.4540421962738037 -0.8907237648963928 0.02136668562889099
vn 0.7910270690917969 -0.6113749742507935 0.022282421588897705
vn 0.7571429014205933 0.1460096538066864 -0.6367225646972656
vn 0.06177866458892822 0.26602697372436523 -0.9619836807250977
vn 0.3286348283290863 -0.8541402816772461 0.4030425548553467
vn -0.08941688388586044 -0.8871820569038391 0.45267245173454285
vn 0.4895820915699005 -0.5449117422103882 0.680720329284668
vn -0.12116022408008575 -0.5984127521514893 0.7919734716415405
vn 0.6909670233726501 0.34466683864593506 -0.6354283094406128
vn 0.9764740467071533 -0.14146354794502258 0.1627456247806549
vn 0.606177031993866 0.06735306978225708 0.7924725413322449
vn -0.19279873371124268 0.03666728734970093 0.9805529117584229
vn 0.04197275638580322 0.30907249450683594 -0.9501116871833801
vn 0.8552091717720032 0.4985063672065735 0.14180392026901245
vn 0.5450849533081055 0.4914149045944214 0.6792595982551575
vn -0.023450687527656555 0.5586789846420288 0.829052209854126
vn 0.023879319429397583 0.7290222644805908 0.6840729713439941
vn 0.6229041218757629 0.4358658790588379 -0.6496238708496094
vn 0.020376622676849365 0.9720872640609741 -0.2337324470281601
vn 0.46357962489128113 0.6777967214584351 0.5706882476806641
vn 0.7695426344871521 0.6271993517875671 0.1201021671295166
f 1269/1269/1269 1270/1270/1270 1271/1271/1271
f 1269/1269/1269 1271/1271/1271 1272/1272/1272
f 1272/1272/1272 1271/1271/1271 1273/1273/1273
f 1270/1270/1270 1269/1269/1269 1274/1274/1274
f 1273/1273/1273 1271/1271/1271 1275/1275/1275
f 1270/1270/1270 1274/1274/1274 1276/1276/1276
f 1276/1276/1276 1274/1274/1274 1277/1277/1277
f 1271/1271/1271 1270/1270/1270 1278/1278/1278
f 1271/1271/1271 1278/1278/1278 1275/1275/1275
f 1270/1270/1270 1276/1276/1276 1279/1279/1279
f 1270/1270/1270 1279/1279/1279 1278/1278/1278
f 1276/1276/1276 1277/1277/1277 1280/1280/1280
f 1276/1276/1276 1280/1280/1280 1279/1279/1279
f 1280/1280/1280 1277/1277/1277 1281/1281/1281
f 1282/1282/1282 1273/1273/1273 1275/1275/1275
f 1282/1282/1282 1275/1275/1275 1278/1278/1278
f 1273/1273/1273 1282/1282/1282 1283/1283/1283
f 1282/1282/1282 1278/1278/1278 1284/1284/1284
f 1282/1282/1282 1284/1284/1284 1283/1283/1283
f 1284/1284/1284 1278/1278/1278 1279/1279/1279
f 1283/1283/1283 1284/1284/1284 1285/1285/1285
f 1285/1285/1285 1284/1284/1284 1286/1286/1286
f 1286/1286/1286 1284/1284/1284 1279/1279/1279
f 1285/1285/1285 1286/1286/1286 1287/1287/1287
f 1288/1288/1288 1279/1279/1279 1280/1280/1280
f 1279/1279/1279 1288/1288/1288 1286/1286/1286
f 1287/1287/1287 1286/1286/1286 1289/1289/1289
f 1289/1289/1289 1286/1286/1286 1288/1288/1288
f 1287/1287/1287 1289/1289/1289 1290/1290/1290
f 1290/1290/1290 1289/1289/1289 1291/1291/1291
f 1291/1291/1291 1289/1289/1289 1292/1292/1292
f 1292/1292/1292 1289/1289/1289 1288/1288/1288
f 1291/1291/1291 1292/1292/1292 1293/1293/1293
f 1292/1292/1292 1288/1288/1288 1294/1294/1294
f 1292/1292/1292 1294/1294/1294 1293/1293/1293
f 1294/1294/1294 1288/1288/1288 1295/1295/1295
f 1294/1294/1294 1295/1295/1295 1293/1293/1293
f 1295/1295/1295 1288/1288/1288 1280/1280/1280
f 1293/1293/1293 1295/1295/1295 1281/1281/1281
f 1281/1281/1281 1295/1295/1295 1280/1280/1280
f 1296/1296/1296 1297/1297/1297 1298/1298/1298
f 1298/1298/1298 1297/1297/1297 1299/1299/1299
f 1296/1296/1296 1298/1298/1298 1300/1300/1300
f 1296/1296/1296 1300/1300/1300 1301/1301/1301
f 1299/1299/1299 1297/1297/1297 1302/1302/1302
f 1297/1297/1297 1296/1296/1296 1303/1303/1303
f 1297/1297/1297 1303/1303/1303 1302/1302/1302
f 1296/1296/1296 1301/1301/1301 1304/1304/1304
f 1296/1296/1296 1304/1304/1304 1303/1303/1303
f 1304/1304/1304 1301/1301/1301 1305/1305/1305
f 1299/1299/1299 1302/1302/1302 1306/1306/1306
f 1306/1306/1306 1302/1302/1302 1303/1303/1303
f 1299/1299/1299 1306/1306/1306 1307/1307/1307
f 1307/1307/1307 1306/1306/1306 1308/1308/1308
f 1308/1308/1308 1306/1306/1306 1303/1303/1303
f 1307/1307/1307 1308/1308/1308 1309/1309/1309
f 1304/1304/1304 1305/1305/1305 1310/1310/1310
f 1311/1311/1311 1303/1303/1303 1304/1304/1304
f 1303/1303/1303 1311/1311/1311 1308/1308/1308
f 1311/1311/1311 1304/1304/1304 1310/1310/1310
f 1309/1309/1309 1308/1308/1308 1312/1312/1312
f 1312/1312/1312 1308/1308/1308 1311/1311/1311
f 1309/1309/1309 1312/1312/1312 1313/1313/1313
f 1310/1310/1310 1305/1305/1305 1314/1314/1314
f 1312/1312/1312 1311/1311/1311 1315/1315/1315
f 1315/1315/1315 1311/1311/1311 1310/1310/1310
f 1313/1313/1313 1312/1312/1312 1316/1316/1316
f 1316/1316/1316 1312/1312/1312 1315/1315/1315
f 1313/1313/1313 1316/1316/1316 1317/1317/1317
f 1317/1317/1317 1316/1316/1316 1318/1318/1318
f 1310/1310/1310 1314/1314/1314 1319/1319/1319
f 1319/1319/1319 1314/1314/1314 1320/1320/1320
f 1321/1321/1321 1320/1320/1320 1318/1318/1318
f 1321/1321/1321 1318/1318/1318 1316/1316/1316
f 1319/1319/1319 1320/1320/1320 1322/1322/1322
f 1319/1319/1319 1322/1322/1322 1310/1310/1310
f 1322/1322/1322 1320/1320/1320 1321/1321/1321
f 1322/1322/1322 1321/1321/1321 1316/1316/1316
f 1310/1310/1310 1322/1322/1322 1315/1315/1315
f 1315/1315/1315 1322/1322/1322 1316/1316/1316