mtllib reference_topiary_1.mtl
o leaves
usemtl leaves
v 18.927343483046286 875.0459716075987 8.547293740933336
v 26.730897389058992 707.1686541940284 9.11102226869328
v 5.935784282646781 710.243465393547 -6.29179824994305
v 13.643017434698391 872.38169091893 -12.614955817620586
v -18.613327910580974 690.6449325441375 4.549243553416936
v -18.652456951892283 697.165586816983 29.02286963200006
v 1.2144306307937216 844.9115152434101 -14.739577460476733
v -10.691997338467695 854.111543790562 1.6494919582614749
v -32.149860708732305 595.7029748150683 25.482041629280634
v -8.933463199870793 596.0487756203479 56.803085672573786
v -18.150324192572768 809.3156589297798 18.13133987854785
v -16.463069230552733 801.4893719530481 -11.779533361825418
v -17.12046152963413 556.6862061267763 -15.832888563786906
v -0.2840551819036326 563.3467201172837 -51.87591229836772
v 7.21571307013354 760.3227810596857 -16.17277583738012
v 37.74033522042703 761.884629257082 -31.885408510373335
v 7.21571307013354 760.3227810596857 -16.17277583738012
v 15.892813524861975 676.1852775033065 13.390510805009857
v 24.00240560216228 467.4288982481469 10.904331845561352
v 47.24040744811531 670.6912123312162 28.175706938495786
v -37.1150590303376 491.1632612934263 18.529381573669554
v -84.09921578534946 517.9657898549958 20.360904415761393
v -22.88591673993689 691.8184776005783 -1.2386764773702998
v -59.85140800476074 712.3626498725471 -18.342510452420694
v 19.78496632238073 297.80055594256544 -49.315498569818935
v -5.702093008934982 176.641227692131 -3.8466356166704436
v 19.61503559210169 240.01374958068368 -84.51900144261639
v -6.751347127861864 120.14466946519266 -37.224609551467296
v -7.778023640940509 176.89335064625178 -4.078647283118541
v -22.004446176093396 120.86945255910318 -33.87048957854744
v -23.95266857672864 249.94442782064124 -87.3299846498985
v -8.409294321781069 305.6995887455978 -54.79391634933592
v -11.709408731911127 177.4050682548463 0.885718201441089
v -38.77312179625504 120.86017863956963 11.62102020631625
v -103.45962103896254 269.49279890285703 9.69599081775335
v -69.49953206880825 323.2467080664447 2.1443413350525806
v 38.833308407640835 468.4713318591982 -17.035875733443135
v 6.9440537550317964 477.46403010811395 -40.95544495920497
v 38.30600207246195 674.4396780419538 3.6935657849462014
v 27.691752422512987 676.8036639596534 -28.75933731634786
v 21.571242433833326 676.6834409218135 35.59673395682508
v 44.60228240396094 465.97371889850285 27.724718015024983
v 40.50038930938 669.9761818713091 6.537105389467375
v 43.75564301107812 463.8988765205924 -10.22996278259698
v -3.3621287604016583 787.5310342142901 -9.116359700368145
v -26.11995916666947 580.7289739293376 16.2853617367782
v -69.74744045828271 609.0725125290278 7.304400792272072
v -27.428452424177035 804.6452830156942 -32.45325539055772
v 39.26589498369713 294.97593406617176 74.23873492113249
v 21.9963948557696 193.42535124050352 36.293756304763434
v 38.43023551730659 202.38857569656975 10.409173299008467
v 65.00251180543674 295.81792711272954 55.54024159438967
v 60.306421415073665 263.3333393907923 51.32704269228958
v 14.526387603264157 149.23525607492041 29.02288371183741
v 74.1635485896914 258.3994827871248 10.934211607054463
v 17.428218614398027 146.87168316578303 -12.358666404964417
v -2.263482865386122 827.7854769248662 -38.048383288496126
v -50.212571940084146 621.4569121833862 -24.32927137284767
v 16.76659180423406 806.1735648808517 -11.661760215684186
v -8.710748919351833 588.3436127910464 -14.526127126273208
v 3.709999008441535 636.6579551396408 31.074006257094737
v 16.23682736411808 441.9173218133881 37.442748471507876
v 4.677231328224573 638.1738467479315 66.31188505277859
v 37.3583351533244 441.57035707488774 70.00943337838481
v 4.677231328224573 638.1738467479315 66.31188505277859
v -62.18916787875919 384.39972194161004 54.72959965232789
v -33.45249206062377 213.1434876149095 26.27504857506339
v -34.78129313686701 339.8963222353477 99.588585650827
v -1.2379306859857455 176.80415956992803 53.62791808571403
v 25.754570960998535 198.49859823392134 16.144806240487288
v 38.48722365897471 179.74494949100526 -27.29804027737595
v 90.25845940657489 319.04768756055455 -4.216110495131786
v 63.329353107242135 341.0614569356122 34.77543592453003
v -50.51145403403936 316.4330429918184 56.77579894779235
v -19.023068777219518 178.21443362498846 10.909150669893881
v -55.407083879305624 256.14991901427743 89.39614446144405
v -21.837595410234346 119.61249854620986 39.69642590350053
v -54.21540868563915 614.642120721772 39.50568634694017
v -8.855594072754927 402.1202673123578 46.63268412192037
v -55.617375636663965 402.24112863615744 30.764712123420296
v -88.0530500036525 613.094990647684 5.798511148437741
v -24.818125672227755 212.25987456914947 -14.861260108121737
v -51.01076730592983 173.16805096123164 25.728612434206987
v -120.5052540996882 391.18503961037464 -7.5001029048379015
v -65.4624953983337 416.85937896488224 -29.323802688929042
v 7.9935296313969175 546.3249101413517 -25.726235288334646
v -26.979800753706083 573.9652828907404 -40.67439732589121
v 29.292942032100648 751.5501037357361 -10.021319539528195
v 14.713306830623958 770.623665156327 -37.9751869074003
v -14.0721262909296 835.938716497947 1.541174302889606
v -18.45465166362252 676.7465936856007 30.949479482305332
v 8.22405000840585 827.3675873523622 4.863924398196964
v 5.591867828932334 664.2360386885996 19.93102586175513
v -9.979828605501671 277.56916256401485 92.7254064815251
v -11.233992463960423 150.36203729824757 34.800664646419015
v 32.88308466513326 267.27700796652965 82.52762434050793
v 24.57351665797196 147.16278849624274 16.762284547325194
v 35.70614133294173 357.4380348986528 69.3563025767409
v 18.568947089938668 204.4802200137161 30.343870478352226
v 78.84398220092294 329.7336458221195 43.27048466900202
v 50.973366564653055 183.68985709242935 -1.0403351286264855
v -86.2207187442329 398.2153839952364 28.28984983324066
v -41.548290590601646 213.23639576829325 25.292494165615775
v -74.7855629507951 374.7411412516917 75.10527381746788
v -17.2916500587163 191.94212485486128 62.8277589017012
v -34.79118891588347 489.70556634617606 6.887382996363903
v -53.120260163554995 509.0898979367234 -35.537863810231364
v -14.698611000391443 687.3657947450173 -4.933983322203629
v -5.76015708484049 696.3109594630445 -43.93520787006288
v -14.698611000391443 687.3657947450173 -4.933983322203629
v -96.79156025563638 422.39887507881707 38.64269087633749
v -68.14369066493718 317.22804692786514 33.13973898024071
v -42.314388620571826 325.40163655919355 47.95942719527117
v -78.37395029743826 425.58925358329236 63.23695182800293
v -86.09057411434144 479.6111865306464 2.689794233934147
v -62.50111606177383 287.75166338822976 9.770806380144254
v -103.89053915429304 456.18387657826344 37.87354456158135
v -56.0881209185743 257.48200303926245 54.71678230706163
v -40.81449170750896 457.7869129931833 -41.25301762828677
v -39.80403810035526 308.55939144224635 -28.992356277826264
v -82.02114443140707 447.09554807407653 -54.78534642166979
v -79.27314502986398 293.64388758741967 -31.144757439771038
v -6.049879657940602 380.88051352913925 79.8105161021075
v 19.272616294425305 214.05458450317383 32.09991248573844
v -28.769845568288968 346.14825811911754 109.98309127927766
v 5.399888660025409 178.33450647789664 65.51942956729198
v 2.44580238588213 516.5537511269878 -33.49105673512136
v -10.96192776687502 322.77212368221734 -42.968584796575115
v -31.171786034201077 515.3130734060693 -65.21554443779893
v -60.443723295617296 322.57188962200496 -58.36655774454432
v -32.526327399756966 558.9672524159349 64.40670002163864
v 6.234157155817888 336.39859026811257 54.546693178612415
v -36.33414431819766 331.40651823028804 75.3679707294374
v -80.12413039920837 559.8424175592859 55.52749934158926
v 52.34934682921162 290.45540516770734 32.73106700792088
v 2.1417440450566962 175.91358169795961 9.844405209924293
v 83.30815420376035 230.06970488180326 26.98265192076916
v 30.36273511375968 119.85017558721107 4.905654102798522
v 40.853347365311755 487.4547447745256 3.8074499626797955
v 31.474702001556636 322.3546471182756 -9.551177930644178
v 76.42559179170864 469.05412448672797 -11.641683540944978
v 60.398597416915294 307.78852973397323 -37.207774759277584
v -51.99380277648686 539.4435116625208 60.90652754926306
v -30.469077778613475 398.7167763897753 59.22729574789213
v -78.06652174221249 534.1411575557679 33.17503713247344
v -59.943701338580276 392.0826949472503 33.58411272679727
v 63.507087587371586 478.25343965545414 11.54796462359391
v 57.85221659292387 313.97115527175544 -8.92732263080717
v 51.871603868139076 478.7595628753422 -19.648924587279794
v 32.130425839912235 316.91419796680844 -37.58166014678835
v 19.632990904680387 241.62480211633397 -66.15703500161959
v -10.713491383499987 263.8208584522638 -35.65551258447602
v 57.565659049927724 410.1975133099894 -56.99194791748768
v 18.84998651001397 437.23977456881306 -40.87819358495277
v 31.73661513591376 361.2198416642317 28.224176778568058
v 74.98167631194347 346.8888575636496 3.1735090993520783
v 67.91242933648778 553.198085995171 33.0352783203125
v 23.910605062649946 571.3728281456655 37.36935966596829
v -54.437034712063046 573.9753077349325 37.34285906543882
v -26.565410020783194 350.20832001693606 43.33054456185168
v -53.29033521216686 542.3504161083792 86.64653995844323
v -0.621476613982456 317.1678227702464 85.5356407916452
v 25.46584277641116 417.1091740525614 97.29948569470504
v 43.33375476476714 239.06765960332916 65.75923266373282
v 33.71649370418759 254.51307221660466 26.47620721126166
v 32.351918107881325 431.8624406349002 56.2824977664497
v 6.064550848457757 438.8147264015018 75.5648444018026
v 17.356134540452732 256.4989863418219 54.01034054793711
v 52.29825579275297 410.59437699205296 73.83579813589262
v 60.1370691314457 237.04361727857216 36.82431038909071
v -50.669955456350735 519.8609359621063 57.27969755337933
v -18.149527508442798 340.2731737752599 59.48019309306708
v -53.599753717737876 332.66352856253076 75.50908355262337
v -91.7844321784072 516.2156097532257 53.73111390692043
v -54.49592597841278 437.15961336150883 59.77188977669543
v -13.683898242439811 435.63527385080897 48.11523467536986
v -35.568020475192334 633.3151389294723 36.631012995412036
v -75.58795410817063 634.0603565606546 25.82898290138545
v -53.75160007026252 522.9393140537533 24.36403683790072
v -44.7511438309677 343.6200449785849 38.13764241736705
v -67.25259653226597 342.1766926923136 69.37615045412319
v 25.893541302267963 597.8237737820843 -12.509461462967039
v 11.797339662792176 389.1899829774391 -25.495783550532785
v 38.073705875967434 592.0740563099779 -53.5154295718576
v -2.26244887733084 391.2096323929434 -71.93310054268424
v 27.697670647478482 269.8546694958304 82.61751002214086
v 0.5652531468140798 149.83203467421646 35.328360523764545
v 60.69192266839696 261.83400567122334 51.04657702558623
v 23.748358403603863 146.84043531342755 1.2338283200432936
v 73.85739660638524 259.91434187401 12.60837701361949
v 23.200462652942328 148.64452241912602 16.409211506055097
v 65.54563214459758 259.4363595557025 -25.769002794280766
v 5.623629595351032 147.637569998193 -20.04378658580029
v 33.4350729551841 490.4713593130037 -18.62787590252133
v 16.622203072225016 326.5892614529828 -29.46029497882513
v 61.13466784710021 474.4965260423075 -44.79124320773628
v 16.622203072225016 326.5892614529828 -29.46029497882513
v 33.03055453488207 314.6009745560293 -65.86964205494077
v -98.969063420934 416.06429993636965 59.97162165604239
v -62.078181214219946 309.89536150233954 51.969181834243415
v -42.53760097533699 325.7480005579671 29.283942669395387
v -78.04891725224773 432.6864302627684 40.301755657346234
v 24.263823595572646 572.5318428099625 29.130390309912013
v 34.937635650784955 582.5118567999892 -3.9286940820573824
v 0.41285885395262184 792.0467947411726 24.16856880263081
v 26.89234149737621 801.9821287140134 7.560802256967139
v -25.80186278801265 323.9268205297275 -71.9888660851426
v -43.49694007963646 321.14370601383723 -27.96876852906595
v -30.4689979928685 517.6008780171552 -33.18842940443144
v 3.1497147608929734 514.3066841786302 -64.31478684342753
v -12.584860165288129 853.53205523153 -14.833626080685713
v -32.359429701106755 701.4210017647331 12.80365027780608
v 4.232407026872861 844.9737668976071 0.7652615263002126
v -4.666831315033079 686.3064653291477 18.138995790106105
v 6.1204038032396575 919.3629918135996 6.3806009574199285
v 15.128001453369622 744.0331226258767 22.445055912798786
v 13.060227153808114 911.7215824878123 -13.014658933549416
v 5.311682585656174 741.6503635917123 0.04560818646367141
v -75.30707073962594 294.92282491969314 59.23083448034572
v -41.01762152093602 152.72608892185482 20.555044253041427
v -33.46705530572125 281.5639127896527 84.0451961427223
v -2.1134121856820864 148.5852275307723 28.855432206251493
v 34.79761870827262 674.0881702092689 18.824369419278124
v 46.80803910953792 465.48794573686257 2.02026584838319
v 40.84028127625233 671.32506783553 -14.885026873566035
v 29.945997741278703 469.0066285020723 -33.17742366490402
v 67.86115056886447 413.5032713882567 63.516450679208354
v 63.73555641474687 243.75750323918862 26.981262710150773
v 35.60003802532286 266.81597777238983 1.5391143933525235
v 52.07734314475473 438.8353768296129 35.98682054384487
v -17.847152441505372 467.9102409543015 -24.39690856483039
v -62.43490797328198 475.47599462073623 -25.03651802934061
v 2.4886901571056037 652.2322827436793 -37.837218581222174
v -33.843838793086256 654.9169134905958 -54.29524605668436
v -17.268424193690144 511.1248286690299 -43.6194440511268
v -29.84421459708627 346.75755838709557 -30.610594223803425
v -60.24193106673834 512.0281534870778 -52.38080587912732
v -74.07789624582125 344.7038545383243 -24.31724484511248
v -78.44904745657614 534.7140755240373 58.03019043028824
v -54.805410189891425 401.6251075924851 64.97788616991419
v -49.4125039558711 537.6020191222664 34.11900340102789
v -54.805410189891425 401.6251075924851 64.97788616991419
v -38.037975942056015 400.3524029348779 31.819878600713775
v -80.37109074630136 419.0520038754921 0.4991715935271556
v -22.13634139909519 208.9506246912198 20.926397616469018
v -110.94897750794419 389.3792159914032 -37.80045377926564
v -58.2515724061981 176.09847812202034 -9.9618158002538
v 10.072686306134923 680.7443663829894 -10.716269804736761
v -0.6217328376892045 477.19775222417877 -15.081696388289686
v 6.612628463685043 484.64422150859684 -56.31152100450411
v 6.612628463685043 484.64422150859684 -56.31152100450411
v 35.975727978653794 680.9071668489712 -37.11297521441002
v 20.302794580384504 675.5234125092273 0.4678953248332805
v 20.1332146727194 468.7092247910387 -6.208885021097078
v 56.40432121246819 670.2382545771561 3.836026165898391
v -31.381075776468112 374.64524817279005 71.47108006665087
v -3.1849043810461453 209.4733621191791 29.08117423846027
v -68.08205383030449 348.3447502917192 84.8147812790758
v -3.1849043810461453 209.4733621191791 29.08117423846027
v -31.49292365772518 176.90234296903836 54.285160199863704
v 17.272753743674812 505.9891047440176 93.88733097887415
v 28.374035527387004 344.2285567756713 67.61153382579172
v 37.94500912268331 353.72234704926257 24.16437066446139
v 44.38400737882599 514.8238835372324 57.735766951493396
v 21.49213486769068 143.8727341298982 -19.450035151534195
v 37.3352348335146 196.3143085870217 -25.74224171676035
v 27.30692934802198 195.97483432199073 -31.57594776529027
v 10.664004275179286 128.5756948426014 -30.28643882180762
v 32.51086304506918 194.00938289372002 -38.20287899708185
v 18.535987364025566 99.4679777640996 -27.06011214594203
v 24.388861937785713 308.3441952082116 -27.14648490815651
v 21.012765685404382 307.52296522846376 -25.214787543289304
v 22.53118931777834 306.7751381340928 -21.500667249123882
v 25.83435435933391 307.5655614297221 -23.425341121793732
v 39.971583471523495 188.44829769585078 -34.758371161663625
v 21.49213486769068 143.8727341298982 -19.450035151534195
v 28.448893329289955 101.9470241126113 -20.62503981778002
v 18.535987364025566 99.4679777640996 -27.06011214594203
v 32.51086304506918 194.00938289372002 -38.20287899708185
v 24.388861937785713 308.3441952082116 -27.14648490815651
v -92.70284119553453 312.9706983491192 35.902538637476646
v -50.99259023591289 216.89664660476325 24.02861991266566
v -26.490683630695493 229.1735138480119 39.49572720865565
v -74.79091328898753 317.57099421944207 60.743431406696956
v 16.180687532650204 677.5338630976639 -6.48618800433602
v 10.563015468477264 472.26962142103304 -12.912663418476976
v 51.31347442236473 673.8316543458953 -18.517203687682866
v 51.032168658699575 361.6404345655066 -18.853465403158836
v 2.9497684573564005 213.4346774243933 -17.566364111862786
v 87.12923432898334 314.3878621379222 -23.99399289934654
v 37.338841618515374 171.07306502935455 -30.231440630484755
v -8.279356782830607 593.854536221722 -39.1851963959341
v -24.05322912171131 422.30654889204374 -30.9391965077618
v -44.71035454216905 594.0880362443098 -56.493883057842105
v -68.46897245392087 424.36089102677477 -34.37126950016172
v 28.762481813355695 571.809528380867 -1.7479769005550174
v 9.362053448759665 593.2451984075111 -30.43543635390875
v 24.208288023790978 788.0024647149514 13.903814741945643
v 29.276395876576583 803.5589203121156 -16.199053507151568
v 25.130486863804617 371.115038714071 69.36716751789484
v 24.819794132953554 212.8985547643947 17.544643616113138
v 21.044238815157435 331.73392138143225 106.60960918336403
v 29.045965258530746 176.59095328623854 52.76326119430422
v 24.00392387795636 507.1925366018701 34.34915711560588
v 30.083881588432735 370.73863772895396 18.633029122990887
v 54.29516157766027 499.61213990459294 56.53544204441582
v 66.7188345916628 364.11645844226746 25.51191435085507
v 54.29516157766027 499.61213990459294 56.53544204441582
v 28.206635647871366 497.6546295045868 -16.92201326212545
v 25.530717973634015 359.5739649975394 -19.51572580600348
v 65.72072900186373 492.5327601395254 -21.39970777541634
v -78.96824145880271 593.5027655654067 -5.422073790407556
v -82.24644998865804 442.0652539711299 19.044025441793007
v -33.06560628996121 580.1417508463221 -25.540414288288027
v -49.53991709731695 434.6842653169407 -21.05248021328543
v -54.329563313581815 243.62740554208833 -58.91791009527492
v -44.95794378866361 264.6066072418934 -18.469140989573923
v -42.46442806063675 413.76575710266593 -82.5800294951191
v -46.25300722798025 434.6138661301981 -39.53337200044647
v 71.04774629037212 406.9479243961845 -27.87636490318719
v 44.07357512496588 267.27590035265825 -39.870166403102125
v 8.068272447961522 277.99782790536955 -53.54464054107666
v 43.46901506889524 416.3425926148422 -55.812662980687904
v -13.54303416304701 481.709870766467 40.765845869469835
v -41.691449683482254 499.64867238923324 71.26962106058917
v -15.547587646274117 686.9292071485145 22.563357052840587
v -50.648150481577 703.825237244133 29.303968891384095
v 3.785583681947603 582.140900018647 -20.857720863162065
v -16.316824306653242 376.68536028524085 -23.395630318348804
v 19.489957357016134 575.0560760498047 -62.389561510461526
v -26.12562630120225 377.2686034675658 -71.31511770834135
v 19.489957357016134 575.0560760498047 -62.389561510461526
v 22.841619224998894 474.8076341283603 -31.854557240103176
v -17.97688875611373 487.6798344409372 -37.2373353777908
v 35.26568178116806 677.4165686659926 -11.820547928021648
v 8.852563974425548 684.6477478507936 -35.061817469559315
v 46.65826718638262 446.69263944851133 62.33059984492505
v 56.65353902681606 306.65373238991566 35.6128905701825
v 51.37851857763576 315.3067686426358 -2.8331263914821654
v 57.929824656388895 456.52795025682826 24.79117921018225
v 11.572237089862973 879.3908967746524 2.6232646558228443
v 12.742766714471532 709.6750905194621 8.5905123883345
v 17.47004863784069 716.42725486455 -15.7654801691611
v 28.04949058322456 883.3165056123509 -11.517479429094811
v 8.146317573044245 586.9191462599387 44.79898242499885
v 21.91952833040493 372.4882546372301 42.9622535630474
v 43.606997474910706 567.637053061658 63.75659169174555
v 21.91952833040493 372.4882546372301 42.9622535630474
v 69.29687627657192 355.671221815695 40.49793941768136
v -53.489165981923506 551.4906335064745 5.910513907905639
v -43.37175155249168 333.98192698561303 20.26346490139098
v -84.09580846471111 328.6985337264895 46.6195194739995
v -84.09580846471111 328.6985337264895 46.6195194739995
v -108.98895151033177 554.8655141995648 2.1138975000756934
v -16.439171053293183 126.01569881589394 -10.050844958448035
v -28.833477046546037 168.46026022603192 -23.975337114859755
v -38.98184365174902 166.44049817182886 -28.867937448456534
v -18.947474130495326 264.4868723050816 -28.6901513422568
v -15.918565547372413 262.9710933354896 -24.648123369442196
v -24.602094034510337 169.2184876269243 -31.453042518435502
v -13.617602154964537 263.44939479677697 -27.88646718648475
v -16.64611884928125 264.9493668023057 -31.88467870547077
v -35.93599233101672 167.2784925445797 -36.50050463638907
v -16.64611884928125 264.9493668023057 -31.88467870547077
v -35.93599233101672 167.2784925445797 -36.50050463638907
v -18.29008417805349 104.5183497151052 -31.54454503472396
v -4.8861274217057415 122.1453861927423 -26.61932875790934
v -18.29008417805349 104.5183497151052 -31.54454503472396
v 0.6275943033103868 113.0217454564853 -23.835766033863457
v -4.987643928978387 77.92347059475155 -26.086083078008937
v -10.498381975128895 115.09324621966505 -4.4602061819842485
v 0.6275943033103868 113.0217454564853 -23.835766033863457
v -20.19693063000056 106.25527599665124 -10.591507192671768
v -10.498381975128895 115.09324621966505 -4.4602061819842485
v -11.51822918043362 89.12373715498316 1.5540114479271447
v -12.315139761121255 70.21304659956084 2.4721390149724765
v -24.365038852992022 99.83220438318929 -17.204622584065117
v -4.987643928978387 77.92347059475155 -26.086083078008937
v 6.69933679535633 871.8317136989804 0.7502592396079086
v 9.237005719988366 707.0735871322512 10.76615349514278
v 24.842847519972192 710.5674893837275 -8.8100387590138
v 24.842847519972192 710.5674893837275 -8.8100387590138
v 27.30632860829511 875.9243281807487 -4.827444126286845
v 23.64723701176681 474.7153454878199 77.11882666340024
v 41.35232741438498 305.00892579086184 62.97023277583085
v 52.685596811489795 462.2584816039078 47.15462838570903
v 57.33223411980577 297.8902163468008 24.983667013213392
v -11.647929122128826 795.5347646878461 19.23663527008117
v 11.349039988254939 577.1915555938962 40.57555686770462
v 40.57662224206399 579.3557955524115 17.71251047690084
v 40.57662224206399 579.3557955524115 17.71251047690084
v 19.480503919556387 801.6602824053426 19.85860856499259
v 27.18294934024961 108.62278187368798 -2.3295212625049233
v 29.85318814675639 134.10146780840057 20.065241911279873
v 41.68117609549695 135.1545551630456 23.915457913256066
v 31.813171904856766 82.19222384174978 -5.246298754309106
v 18.048157372812586 109.80479360565427 15.492706786929153
v 27.18294934024961 108.62278187368798 -2.3295212625049233
v 24.206865960218774 138.6238364722785 31.26559999045425
v 39.87147582797554 128.65196062823918 27.81485713373019
v 24.77271115686011 85.08517986207497 11.789165143891584
v 37.463103223034715 133.75375214524158 34.3535453315795
v 39.57521258376715 180.99878716656542 36.89045981159361
v 35.44332239571519 183.00593368650422 26.772585440808395
v 43.578955132191574 181.98210423386942 31.134678622869057
v 29.54923731135571 247.61733107679473 36.78426498503197
v 33.199808259648606 248.5314316636934 35.6673607676048
v 29.284545755761815 248.89258887824113 30.903785716830278
v 31.046409775891643 184.13348460760642 33.012637941856084
v 26.372438810003086 247.44461840531957 32.311720172251306
v 29.54923731135571 247.61733107679473 36.78426498503197
v 39.57521258376715 180.99878716656542 36.89045981159361
v 37.463103223034715 133.75375214524158 34.3535453315795
v 18.048157372812586 109.80479360565427 15.492706786929153
v 24.77271115686011 85.08517986207497 11.789165143891584
v 4.7271942177156765 791.8309789942945 8.312691384413112
v 14.980878886275404 573.0824207696389 24.005916174941177
v 21.186980206196704 578.919583418238 58.64166837977612
v -11.651629772711926 800.1276451771654 33.526575471472555
v 56.41931623924436 288.92402573833317 2.4585628251391136
v 2.3061635456685945 175.8658416627899 7.4083698312128625
v 82.9879036099892 229.06151343518357 -17.37610326977227
v 25.896225857922413 119.38836630873793 -13.17485580294151
v -53.55792252097543 680.754128403551 36.35578268156277
v -40.47043680206059 544.1234994122362 42.14912418305405
v -50.218903173611864 679.7033595287894 -0.23998760097608793
v -40.813355933962846 542.0111858938623 4.3584893303593315
v 43.13498031435989 280.4977875056229 -31.808171215958485
v 0.6724853713916042 175.84928377406806 6.402747954909257
v 52.72172567412609 217.25823560098965 -62.25179968856451
v 10.712598487148135 113.72782113983875 -23.308330633508877
v -36.82991651099498 682.5157225601316 -5.122200241239052
v -13.386005257058333 668.8383057361513 13.297018338376143
v 1.9700272287440113 830.7035701481376 -3.0126358111073652
v -36.82991651099498 682.5157225601316 -5.122200241239052
v -5.004986768632423 837.7419118806133 -25.492376229894443
v 41.32596526558944 452.8018621009166 1.5886166081653805
v 36.662711402562664 314.77287998349647 1.1871235929136201
v 78.5142183303833 446.5563466229777 7.688351503507359
v 25.32663777118593 882.3377504123478 4.576781368631078
v 27.600451717226527 710.9717872199111 -0.510582898369455
v 1.745074987411499 715.0378189687655 -5.671250538563165
v 13.142860545886784 880.1629224161463 -12.906691220801648
v 1.0974827684520736 92.23555955361194 18.358364349275124
v -2.9886599014124533 75.28979947247844 12.618181273693175
v -12.17317628109549 95.98048653189592 34.992342858802616
v 1.4331153645290164 64.96431320671022 19.655226487813035
v -10.307789083540909 93.90331628754383 42.811115895669296
v -13.97193299503777 99.87190013795387 46.08721244992234
v -4.931055889354917 104.35505176153708 32.04069034321102
v -17.147196794119406 106.34619419968973 36.83332617827288
v -18.66421713603763 158.79293126384104 34.993832974922
v -7.958921977854151 107.75750077615574 34.57571577838087
v -1.382751932998342 103.8180092188317 39.03905707081472
v 18.969483262910618 76.40502584262157 18.834610154309612
v -20.725140421409307 162.30389827818382 28.893586218826414
v -35.332563355213075 233.8444529555914 30.322532484850548
v -36.58540136232151 234.39210230909933 27.32192672143771
v -13.898616935324482 164.30370450958492 27.190648664639692
v -32.99918231063002 236.980426968552 26.01874860252921
v -31.660105299761916 236.39592598742388 28.96367799578689
v -11.19673017441757 165.11139907236176 34.68498470276359
v -35.332563355213075 233.8444529555914 30.322532484850548
v -3.864695941369365 109.95735333660457 46.62466330791083
v -15.175536157577996 161.05937206839013 36.89143132037065
v -18.66421713603763 158.79293126384104 34.993832974922
v -7.177414739225793 104.40480990672675 49.850171006570655
v -13.97193299503777 99.87190013795387 46.08721244992234
v -10.307789083540909 93.90331628754383 42.811115895669296
v 1.2027062329016334 100.43437086691068 46.59624080958329
v -4.478462157756325 94.93996777872401 46.65117564163809
v 1.4331153645290164 64.96431320671022 19.655226487813035
v 11.456494960259265 66.06688649635616 21.68351975012952
v -5.627021662832245 901.2777974286417 -8.896406827949164
v -10.713810526479886 722.7908907912848 22.326529495359406
v 14.356986040205468 895.6433844378614 -11.434695852084424
v 5.128541447984891 714.5723958653729 3.626672477703395
v 14.356986040205468 895.6433844378614 -11.434695852084424
v 3.3954654152937764 378.9959554597149 -54.18777935148224
v -25.71335458380031 221.60841724065347 -19.395906390167596
v 26.855011155286174 332.14276231180025 -85.18479001803661
v -10.641555147846853 180.01541377991205 -55.4141566509337
v -71.83951186382865 638.9768855778251 1.2715665374215195
v -51.518458081042674 398.09700072281004 34.63093455382219
v -78.88474802332601 417.5892026405635 -11.103959299447968
v -67.92034220507765 648.577757707731 -38.60751709600133
v -88.18650808859998 300.0580231974444 -15.855938430846207
v -32.013741534525956 152.82672221266378 -14.184019931658048
v -84.84369187843143 296.4704994141586 25.542885299742693
v -18.966277753274273 149.48553926362766 24.641932934287965
v -32.21595146524625 572.894689604992 68.78819991284469
v -1.726186885608463 435.3796215507928 75.0462511393029
v -57.36525133838804 561.9710261427512 41.12904935371219
v -30.215558573955626 422.93980365663066 49.50429980210432
v -9.123019463433995 489.6712490892786 66.11870499107782
v -0.6616972093507061 352.35209727850486 57.2239695571539
v -0.4551010426339202 481.0263791422206 102.51848716435471
v 97.09541253217563 378.605624822181 4.879679149530065
v 62.333894526864604 228.79424057607577 -1.4632996025047904
v 23.30943355410118 259.0363983094223 -6.944091887924615
v 64.57132617319662 411.6502897007259 -5.288951861576772
v 5.596940676997027 581.9068743487982 -18.51886628180977
v -32.432206033721684 610.7727936872348 -20.065385056292918
v 29.66831988237036 790.9526975136104 -7.511397281030971
v 6.769980032612959 812.8838276299905 -27.950000105880378
v -12.478445927927813 589.8447487297959 -1.405194900401934
v -13.165800120886855 602.8272974209523 -37.32927436903706
v 7.9506835130255995 798.5858466681533 -5.491270911036514
v 28.953770483572654 805.197287732222 -29.67481538066714
v 5.432109194477713 709.5457062007874 29.680125825987087
v 7.206984744297238 706.9239278477947 4.923086114755766
v 12.357838041200413 870.0696689876046 -8.27853076570616
v -1.8568895757198334 875.0691000870833 7.307025508617792
v -2.5451371050256446 870.4277098648192 -7.019966371416107
v -5.9754559843558965 709.0208098644347 16.326187398490006
v 20.005724092168133 708.0268108938623 18.11346435171413
v -2.5451371050256446 870.4277098648192 -7.019966371416107
v 20.005724092168133 708.0268108938623 18.11346435171413
v 13.750572138883937 875.2946027620571 7.083056949255035
v -2.953729291600505 829.0715104951634 -7.030511582930258
v -13.388181765248456 670.350517813615 15.064481440491564
v -3.368770337010932 834.6672508660264 14.982854756783313
v 1.4980992404964026 670.5937423105315 37.43829924290574
v -33.11761251584752 682.9201705812469 13.422846324800506
v -12.074971762229138 840.5809327373355 -11.199051000940518
v 7.768242847262405 828.466640682671 -17.46173801384573
v -61.13391692244162 400.070017717016 49.708570082356616
v -13.798766248808134 218.93514422919807 35.98755738866611
v -103.11088224095623 372.3327381404366 52.90030963777557
v -45.672946088896026 183.40576352096917 54.44294824374943
v -72.71939844597043 468.85535472959987 31.47786057840182
v -50.16957211682177 270.449533237247 41.72241124581164
v -60.1003019828496 449.69213290477364 76.26422277585728
v -19.543995772759747 251.2824441504291 78.32969736865186
v -53.75160007026252 522.9393140537533 24.36403683790072
v -67.25259653226597 342.1766926923136 69.37615045412319
v -91.12072741891456 528.1987152700349 36.09617160061213
v -50.163330055597264 631.3865391288217 9.834659615839561
v -21.3176997627799 420.9699029997578 16.982375871478105
v -87.77119981960988 596.0835058858075 38.6677389069805
v -37.061379650446376 381.4823420967643 63.51233467342347
v -46.702998829638865 589.1438356534703 -2.588516497236537
v -46.91726110112949 599.672550291527 29.571903502847267
v -5.939400454205791 788.5335186335046 -31.119690636011562
v -24.415221739941696 803.1828572430949 -9.593899677118918
v -52.646407930869756 429.27464162270854 70.54550441231315
v -31.099967130525844 244.08019433810017 56.05308558997207
v -14.880609324597938 391.38486066202483 107.7223762752503
v 11.611104480863556 215.86132800485206 71.8023551730659
v -71.76652668029305 528.1455498042069 35.65959104402798
v -46.06332365922102 348.2947387094573 47.63143738423746
v -66.86494575710748 506.6695926696297 76.80572862700215
v -24.026751987577423 324.739996842512 85.34603231535183
v -46.421918343371296 640.8406805804395 5.562946083038811
v -39.46489705814152 441.2176102165162 21.194186736279587
v -89.19056944959746 636.0590176319513 9.16464239593566
v -39.46489705814152 441.2176102165162 21.194186736279587
v -73.43020495467299 434.82044550377555 47.19204320682316
v -1.3968649166306173 328.4189644760973 63.32279659631684
v 3.724985235319363 318.1990676038847 102.96248075530285
v -34.845673193143114 496.4452653419315 104.62178020026741
v -34.845673193143114 496.4452653419315 104.62178020026741
v -23.442274472844883 503.48458327646335 67.32361992513101
v 15.125025914409969 384.4765039879506 65.83855846735436
v -32.9517567251611 403.2894570057787 81.90435687388022
v -11.271350965725155 603.6981447475164 61.67201075966903
v -56.770683273555726 625.1317121851163 46.5012300671555
v -38.86137891003466 701.7178422822727 8.015281220120707
v -45.104749559417485 499.3676388357568 41.1379618907538
v -25.284513244478724 688.2976922463245 45.00037572515293
v -8.55223048390366 481.7735116312823 69.51540473877914
v 23.620731717958225 146.42067781583532 1.9713130405568702
v -10.576664697466873 145.07102215383935 -17.17996996218764
v 32.94253912497693 250.97925831952435 -60.20230101788138
v 64.2453075393917 248.46887963963306 -32.33540480531107
v 30.488695685319076 594.6986506304403 19.29766197842876
v 34.038654462559016 382.00971648449035 5.742317344260028
v 68.92790475229579 578.7930526132659 -0.2742813548117172
v 60.50895987533209 371.6891581617941 -32.98408872499241
v 24.00240560216228 467.4288982481469 10.904331845561352
v 66.06975408989614 462.5100038183017 6.138681192097701
v 47.24040744811531 670.6912123312162 28.175706938495786
v 5.1079872320956135 796.186041644239 3.0564857045496545
v 11.320657382799885 579.005639384112 8.536162456189555
v 22.101977209406577 797.871492040439 28.420825173535686
v 48.701946190961706 575.966647290808 16.48357416701129
v 22.101977209406577 797.871492040439 28.420825173535686
v -12.213856451154694 610.359034200353 43.48621124357689
v 2.855371654502989 392.0167637622263 51.68031519792211
v 1.6067851716139185 595.0190701822596 83.59988843362163
v 39.613157745421404 376.07084109088566 78.2383520772138
v 36.72592048569927 377.83314862589197 47.259785997585986
v 4.276668462227649 390.56083348792373 86.12586757329505
v 15.04759032895246 593.8638476874885 56.91020038184219
v -27.920981561105084 611.7765546783688 69.39815723989892
v -0.8644840467398561 471.6313730074665 44.658437488585946
v -6.477183361691753 480.2256306325357 86.39510222307341
v -9.782785388428396 677.1432320902667 29.05614732757328
v -33.017005038073684 687.1714554433747 55.06541785292738
v 12.118452646600918 515.8378571037233 31.818336858524113
v 0.6950612905926592 528.7720837930995 69.18401699366532
v 0.9070634548589 754.6392575962337 11.691743229317852
v -26.27029428331871 767.7660964605377 27.415358175442915
v 24.714019354872818 477.6183826716866 52.65417530780702
v 31.802196671643596 309.39162246824253 40.10280286233257
v 53.17872434150516 458.545759906919 70.96671213315228
v 68.52958146042711 293.04896752665366 46.87142184400183
v 53.17872434150516 458.545759906919 70.96671213315228
v 38.33575746205848 571.7802423191822 39.62266163563165
v 48.870979331609774 361.70670366662694 20.916196774310016
v 42.666511272820905 365.5664564117672 66.9339322668361
v 11.770214856140257 581.5014876718596 73.98108328421286
v -16.631779708261565 791.905695997824 12.782079966988151
v -0.7822386568456184 576.3504824300451 43.56324203371063
v 9.851829977486078 799.7390416663463 28.234215702597552
v 37.13142684125525 575.6163784838099 36.864353446509895
v 39.833098884642595 258.336630393201 18.293605310710397
v 44.5655011755275 227.8911973547748 -26.986753846716695
v 90.59824342802754 377.1261530598318 -19.75597828391969
v 70.46026507700522 411.7699495450718 19.854135869994877
v 40.92797519653801 313.25734506441853 8.20166189370193
v 78.94095473402129 297.12203919418215 -2.7627794174697455
v 81.41112139844519 460.0132919671967 23.76073223399365
v 11.700151238854476 676.7473446102593 22.3839728851018
v 23.321851970642573 467.84370902955067 24.931496522558017
v 27.69843330533486 673.818062609575 50.9210552756242
v 58.997395470386415 463.97599648302935 40.44993655888115
v 27.69843330533486 673.818062609575 50.9210552756242
v 4.180015952099027 796.123865082508 4.827697270029173
v 13.74975902827706 577.8905162661094 16.645376137861117
v 3.5191344933247004 800.5706907257321 34.940721481803834
v 38.971042069863145 577.7955242967981 41.73395201915831
v 3.5191344933247004 800.5706907257321 34.940721481803834
v -72.1247646752305 331.3327023363489 29.471429783528247
v -15.667157144997065 185.0337118614377 10.721128521941779
v -97.0800842825822 275.29553165585975 48.53564923203837
v -35.244512745714566 127.47787115142101 31.211866637853188
v -45.9199299023846 221.44011625154752 -0.27904730642170417
v -49.106943325733575 203.07182327030213 43.62167335870698
v -109.59880558524546 395.61020107719844 17.390689981265332
v -83.98932734812338 405.5797772144708 -15.707392626860011
v -83.061907235093 268.1528677151898 29.987645900155616
v -37.35643202864279 277.68208285954995 32.7243978582968
v -73.0471442064901 470.86467893104856 29.535687814547323
v -120.39997446255421 467.37734727033484 7.271942073904624
v -39.394131795627864 498.047438193494 -12.736760490522611
v -58.424205291928274 499.91709040844535 18.01263042322294
v -54.59286565855732 694.1903482271931 -19.076023045487293
v -23.665353069155238 690.072577769362 -33.953462060042256
v -26.65040061229796 694.8638525534802 -13.194813972383034
v -29.080298941905106 497.11122287539985 9.966631104626995
v -71.77567857456958 502.26643329530253 -5.695245514704487
v -71.77567857456958 502.26643329530253 -5.695245514704487
v -54.16296129151592 691.0003451850471 -40.35395900095542
v -48.39501043004314 491.3018068929357 3.8454622968914003
v -51.847128417548234 318.8964137880821 9.511903984340158
v -93.27495191979597 333.75619903324156 -26.582054735168697
v -70.28451585394191 502.18916314793387 -37.16007696361992
v -18.922265355042587 615.9279290146716 -15.678620479238315
v -34.924217565791814 405.259620486282 -8.213711887832702
v -87.98772894491361 421.4073166133851 -2.9881140143852534
v -87.98772894491361 421.4073166133851 -2.9881140143852534
v -64.27852187569687 629.9543005274976 -33.39598732670461
v -33.347233543245814 704.2565683680257 -25.305966223318748
v -67.06579463688408 512.4714243130421 -3.213763940991379
v 10.846859122824482 679.5169049360621 -27.15440481666505
v -24.486730887195257 487.18865462175506 -28.678976644681196
v 3.527982497778465 866.0315716360498 -1.1965098578160205
v -3.516729187777662 716.4446763166293 -4.456086069580138
v 5.201076076725337 741.6288871464767 -28.486047673413136
v 5.201076076725337 741.6288871464767 -28.486047673413136
v 21.201989312810223 891.2241177296075 -16.050199120063482
v 4.840389070079083 883.4718719242127 -18.009327528044935
v -13.081202591498068 737.1316744586615 -20.315557952940935
v 18.856663872876506 874.4130172128753 -1.5958941240948956
v 12.08781022725143 722.2977585679903 -14.25139547333004
v -80.89360289686309 231.6904631186658 -25.785544256525718
v -47.935988959365005 247.98607263039418 3.420610538148505
v -95.57432077062413 424.3391142116757 -54.93162654516265
v -70.26407662339098 438.488149267482 -18.56208786251038
v -95.57432077062413 424.3391142116757 -54.93162654516265
v 23.907979172984447 642.8485780250369 -45.920676133764076
v -0.7199872226461651 451.7769625806433 -42.885283785542164
v -40.490096948278236 459.9939181110052 -24.710856084748517
v -16.030458014781082 650.4475601076141 -48.35334349804976
v -39.78405411787859 465.77078150951957 -43.62345211149201
v -38.20438319303858 476.4271533395362 -6.345945784426111
v -6.602456954520519 643.8753924031896 -60.78955226057158
v -22.052350476032167 661.9810870313269 -32.054282079531454
v -33.44120941762849 599.2152371744471 -34.25297305339903
v -45.951022876529244 426.083887655904 -14.867844778721727
v -17.198859237310455 587.9482134120672 -64.47245286205623
v -45.843166629160486 420.4126793568529 -53.06342455345815
v -63.502056392159055 361.22644980122726 -38.590166043108844
v -25.8735573197913 366.12796032522607 -52.058077233982836
v -51.76116631725642 513.0429906169261 -51.56177235400583
v -12.736573932677743 515.5047469251738 -52.341565372437
v -8.108476250190435 584.9492456030658 -47.41948889935111
v -44.88747420273428 383.8870656771923 -43.27528120025875
v 32.33753790066937 572.1562678419699 -35.53624697557585
v 3.6872679910321877 370.33238748865807 -52.390736857737146
v 3.171043367836419 482.2960801011934 -47.658625550157446
v -19.13639269475862 300.6064797949603 -29.3598775788555
v 45.94809896363987 453.88165421373265 -64.44484230101578
v 17.71151667504799 277.1578811285064 -62.608113439064326
v 5.775084059069476 482.15719658558766 -39.8182118032861
v -9.158050685416995 348.0778716680572 -37.076832271936375
v 1.4254660528945173 469.75698996716596 -73.44647186008964
v -24.037738953988384 338.4386272880975 -68.06788482065276
v 10.563015468477264 472.26962142103304 -12.912663418476976
v 36.616951931179976 473.06289823036497 -46.08343436023382
v 51.31347442236473 673.8316543458953 -18.517203687682866
v 10.836269911818617 795.5158413864497 -3.142997798487896
v 36.01940128746934 582.7931156308632 -27.068785325748713
v 42.75492795809048 796.4306928980069 1.0864432226485154
v 14.203759863620668 148.3649062359427 -18.196860401649175
v -24.889808470808617 150.63319619246357 -21.95258309522013
v 40.67717574712798 265.9319329449511 -58.14806682857003
v 0.5078218202656648 274.0456175616407 -74.06386803454302
v 55.42664546666183 352.9779554352047 -29.86572154863613
v 14.302854932199313 203.8266527371144 -19.435902514795618
v 39.99781420850378 340.50434593140614 -73.20133719857284
v -13.581203428779062 192.12638299296222 -54.60576748284768
v 45.983209384707955 426.5977453997755 -29.518808436206008
v 20.441377726126845 254.29689978051374 -35.222883768907685
v 28.858454678002307 420.54146293580067 -71.19044074862022
v -12.66117875031599 250.41604605246718 -67.34802028325599
v 32.363590293043245 592.4668274526521 -27.234971992612824
v 7.4393390201208165 387.65051233486867 -42.227173414755995
v 64.10269756016768 584.1549550454448 -3.656839409212428
v 54.9251685930988 376.48790464626524 -34.67631152295691
v 20.1332146727194 468.7092247910387 -6.208885021097078
v 58.32106109679215 465.6120360366942 -24.25489463205413
v 56.40432121246819 670.2382545771561 3.836026165898391
v 11.573682619830755 795.1350474920799 -1.6559040041889732
v 10.03901906839506 579.6737370528574 -3.1454438768972564
v 37.76851132160097 795.8630689485806 15.606394433599759
v 48.77145834795134 577.5597339540017 -8.961531942284953
v 37.76851132160097 795.8630689485806 15.606394433599759
v -54.47205596082793 458.6531045868641 88.27195392818902
v -33.63775221381601 344.85020975428307 81.46513165451411
v -13.657793050675881 354.61699868750384 57.27924230530506
v -32.84608989250003 468.9459913358914 66.9952828114427
v -44.19181290573961 272.7681445324515 99.8583834940993
v 0.5417299918889061 159.09215596717175 49.65411865805078
v 5.4603944143911045 189.00531483447458 17.277998483087135
v -36.021482756757365 303.4407510532169 69.99283325015091
v -0.6616972093507061 352.35209727850486 57.2239695571539
v 22.70305250573346 343.54044696477456 85.93839923227866
v -0.4551010426339202 481.0263791422206 102.51848716435471
v 49.500751683092496 506.51377580297276 89.38932982016736
v 54.553221529863016 339.6256138959269 52.49323807363435
v 11.873919898130763 346.52330743984913 31.736610442634642
v 10.344396660647055 515.3188179797075 65.40453809452808
v 45.96754791229729 545.1942053366834 39.58104632970855
v 45.71931568656381 400.9023050623616 30.697436313929522
v 45.762254497197674 406.05526270828847 -8.809419832830354
v 49.929811259892986 550.5466085719312 1.42223458355806
v 30.728264117804102 550.0367307287502 17.51838706609771
v 26.065012601416882 412.00780493067947 17.116886424267385
v 67.91651718259797 543.7912527970442 23.618122254769634
v 26.065012601416882 412.00780493067947 17.116886424267385
v 62.02675695494404 406.47818347600503 7.472256506521871
v 67.91651718259797 543.7912527970442 23.618122254769634
v 56.56523498024528 447.9592991626169 23.65129435156274
v 56.3170027545118 303.66741766141155 14.767678469184816
v 56.35996033826213 308.820356534222 -24.73917767757506
v 60.52751710095744 453.3117774903305 -14.507544087612724
v 36.662711402562664 314.77287998349647 1.1871235929136201
v 72.62444402289204 309.2432773019385 -8.45750485818217
v 78.5142183303833 446.5563466229777 7.688351503507359
v 91.01912731260765 401.2001217819574 -2.325434149719599
v 64.2094368071068 255.4874720535879 -20.845480791227086
v 24.944740956223857 271.0003927936704 -28.65357427146491
v 54.064393043518066 417.1802490714967 -13.80963353660163
v 65.73695836104746 409.4973136120894 9.06312442201329
v 47.227050375750686 267.32390321145846 -2.4382536864186837
v 79.89290192371278 407.31565220149486 -28.187395550134614
v 45.27728857956534 269.7587576438123 -41.692580763749255
v 25.530717973634015 359.5739649975394 -19.51572580600348
v 57.53336928960845 355.69619006059304 -38.77285427934542
v 65.72072900186373 492.5327601395254 -21.39970777541634
v 1.9215509354129552 893.9877457506075 -19.59295488717988
v 6.453719899410338 903.9421532097764 0.6363241691288986
v 8.451925722632822 719.025003628468 21.11677579053744
v -12.191693613848349 208.51144640464483 -27.650432793174204
v -57.20871170674722 199.59111851970042 -24.251402832391694
v -51.051974296569824 369.10792974036514 -74.78332425665668
v -1.963125908468652 370.1048948633389 -61.85686494421771
v -11.089694077574363 499.4730311115896 79.43724084088183
v 11.477180587963796 324.4369987427719 76.32307649597409
v 29.166831275609535 480.81262843815364 70.30391786980817
v 45.86468062062902 312.1499564703994 50.33899479963648
v 5.0309476420635315 496.4200342734029 58.75681798289141
v 17.569120240023757 324.84775453101935 49.91770259977326
v 13.800816038462122 482.55837808443806 94.75686418728566
v 41.03580797751119 310.8194681603139 78.23242446569007
v 13.800816038462122 482.55837808443806 94.75686418728566
v -85.2437282171775 265.857835454265 5.937310185019426
v -41.72789768909845 269.8724100908895 24.844954802295355
v -62.07736458365373 466.1158689363735 8.956869169483035
v -97.98795219481461 464.85378986268535 -21.857060785368674
v 56.842138448099455 472.9173314852978 41.70050771217647
v 61.306756312452904 306.6844452084519 21.56515525081965
v 67.17513865373266 466.5732195996863 8.516570362519092
v 56.76354010274091 304.1570393119271 -15.738035046209502
v 11.495852798927487 244.28069122194307 86.25329948785738
v 23.11216329965066 256.9870873699038 44.87440342039574
v -21.814685168228753 433.1774223507859 105.49523699002003
v 5.948828078630402 440.8416222399614 71.85208985185999
v -23.406887148308943 484.61459753081556 86.52070375878041
v -4.916857546708716 343.8316180011419 83.35088181683398
v 14.612251144694532 477.5455054335707 77.65552190345103
v 27.233242519258514 343.1358863049605 57.63499286231094
v 5.058890252601444 301.64863180926466 75.17256605343556
v 0.607721602881518 176.11526128813978 14.490935746140368
v 20.667699378306473 240.51471019354392 101.22610828069251
v 14.736026994825348 120.11410683158815 36.947781176078976
v 20.295348693066696 472.08241590364713 -56.71949367823564
v 0.9803161553041203 339.9793369563546 -57.542258360254486
v -31.774407765996738 346.54733702892395 -46.582118732722726
v -11.256722014720046 479.929841409518 -54.57259069277546
v -18.756219486551963 758.0721096729669 -18.152328222755372
v -43.45160300337424 549.2392862875631 19.234367242948277
v -24.200614512436033 766.4609894039124 12.383335453318798
v -25.11932155278724 551.2077977338175 53.41930182900016
v -26.65700874929353 257.6109743493748 -42.97209067607489
v -73.59093568456454 250.1824709374135 -33.881741715228465
v -71.35791572060172 424.3408788846234 -63.93260373843937
v -20.125409749549206 424.6082831555464 -56.74614681033638
v -12.168338683646496 193.41981317114644 2.9301575905694737
v -26.441709263118234 121.27816207765595 -17.12647479350173
v -82.34108526875654 217.7729569082185 -59.06864883392815
v -64.15674066919041 292.840886303759 -46.21160311961737
v 10.836269911818617 795.5158413864497 -3.142997798487896
v 2.9450182722309446 582.6548328549843 -5.670056099028099
v 36.01940128746934 582.7931156308632 -27.068785325748713
v -55.78990057697447 285.37718329842636 77.31415155365711
v -18.30423206794919 169.7226584427 34.77596626507016
v 17.335884214386226 184.88694363691675 36.750027513879495
v -21.392799268557333 290.19291945329803 92.9956454930343
v 44.6503275022732 326.07758139062116 -7.367620435286695
v 13.238522480791948 194.67918891606368 -1.036009611928557
v 79.37141290799839 306.70747982235406 -12.41834379556611
v 13.238522480791948 194.67918891606368 -1.036009611928557
v 42.22909765919363 177.07732718760573 -20.75235674700399
v 43.83043510707345 354.9184198454609 -2.305303942265473
v 64.00325166897511 352.2305601225125 34.606585821767496
v 46.89740383718896 560.2309835238719 18.794733708299052
v 44.77607452963281 562.5070737102839 55.425082604716145
v 71.13460480697512 407.0999115470826 -56.29450317442887
v 34.0704561218502 263.70384561733937 -64.34044969363475
v 11.15744508157565 271.73072334349627 -30.0359303557028
v 45.93313678981751 416.9213302492157 -25.44311322565154
v -21.869162405569725 761.6434322567437 5.404327328749529
v -13.275916182150052 526.1381780068706 44.00266437079963
v -2.753956346061286 761.2797594445897 33.11978785071786
v 27.034658146655467 519.0336798119733 53.172782650144086
v 44.40465780693715 479.13724043237886 24.71265595728957
v 40.92797519653801 313.25734506441853 8.20166189370193
v 81.41112139844519 460.0132919671967 23.76073223399365
v -25.884466847096842 594.4656011626477 5.890801548957825
v -59.669538745729945 619.7190096997839 -20.62955475228978
v 1.19624828083778 798.6758074422521 -10.760062792169766
v -59.669538745729945 619.7190096997839 -20.62955475228978
v -4.531367733253269 811.8534088134766 -42.393334268584965
v -26.54218767571637 450.76062360147796 73.90385537635623
v -4.368664946143083 260.55846627303 61.187899018835836
v 11.954874269605622 422.8324214304526 101.70820191150575
v 39.57367318821704 240.87723784559356 68.1710900284174
v 23.591656853833538 295.03700301403137 -27.770585431827335
v -25.756755682427116 282.8792511947512 -60.511574031799796
v 7.577960298755976 460.93610328013506 -80.34401991235929
v 37.75770739307554 476.4350755946843 -31.306154615297093
v 71.76572412956418 450.16116044652745 49.27457317592591
v 73.98154322556624 304.95724340123456 15.509277582168579
v 32.56785588001642 306.6519864900844 10.889857772767074
v 32.20378179249801 453.8124189602109 40.99589633190726
v 23.907566164422224 865.7343556561808 -13.874400788404811
v -0.07506353160967742 706.4721715731883 -13.345843694341465
v -25.096190726663185 724.5454262560747 -11.430807470336674
v 5.886869754378251 878.6783443661187 -23.886807790891393
v 20.645216224700448 874.0181810273899 -28.045843905351294
v -14.106072778776875 719.1844249334861 -24.593486560611275
v 9.974670691752998 869.8077464666893 -8.494679148741595
v -9.285723130534015 710.7658085860605 0.7112964430427927
v 40.460590302474856 588.5826321098748 -5.932902022609561
v 27.83761953744363 381.0165059848095 -24.791420914056733
v 59.99054026415968 583.3150833610475 24.989582891539328
v 67.92048300345114 372.7163480022761 -3.4876813100078916
v -47.012999301820294 622.8925299456739 -8.016022171561174
v -55.03129302047369 408.9127938578448 16.306325441270364
v -67.03872849622111 417.6068118238074 -27.391739248290776
v -33.706203689725385 622.2402016947589 -42.31269904009001
v -66.85263997926486 456.70554393858424 -34.03556159162146
v -60.248942825737906 303.62170512282006 -13.731909314478477
v -53.282769646231586 447.35105018916096 -65.03403186798096
v -57.89108633056401 298.62527772197575 -48.73955812979871
v 48.981843970892 492.56234657107376 -0.010713404154507663
v 48.30893099777342 348.6912644754245 -12.124430710875144
v 37.43273066723441 355.27946442130985 -49.979714896735246
v 42.24097634863666 499.44220565435455 -37.638444130814925
v -15.33098929510342 537.238083486482 29.80281518200251
v -55.58871847438061 564.3600178515818 40.15277220508245
v -5.587469639740592 752.7145626038078 2.043809976399414
v -38.10505228718435 772.1326482577587 -9.439499594095185
v -5.587469639740592 752.7145626038078 2.043809976399414
v 57.69599141098383 422.5974571047806 -1.4380639873621033
v 37.10134526876014 250.7705951300193 -13.46846851776904
v 58.13608019370733 410.9382629394531 -43.041997068510284
v 19.66699371187706 242.91207471231778 -54.99308972846805
v -42.483158937589394 647.6189771036463 -12.209580873879862
v -37.863179454653284 410.54162453478716 3.1186783994276692
v -99.90817918552189 642.5678072951911 -25.39842851518646
v -91.9301115621732 404.1832450806625 20.50778058570201
v 30.671818049873895 570.7011635847917 10.952929577489538
v 27.54163788998221 586.0602010892133 -23.362861843559685
v 15.455283752576573 789.4918486827941 19.46696146266667
v 33.9204776944138 801.1876504252276 -5.350159261170335
v -35.83256419249407 691.3737049252968 27.738828358687755
v -26.23392371680793 486.4458399494802 60.88474134760579
v -5.42623848896327 673.028014776275 53.974774878794754
v 19.03957034659198 466.2551654605415 65.73623559606357
v 26.32398539640772 501.17398810198927 59.024921552402766
v 43.88847688990315 362.13341660386936 41.20155582277794
v 50.04699305286558 497.13119747131833 27.71710551629855
v 52.0748979463352 363.81556293157144 0.8704377646286657
v -52.76457061917763 463.49300174262584 66.68157934203862
v -39.71936665182039 352.8389217346672 62.791672278576954
v -32.74488402163889 462.9545887624185 90.10933515593761
v -12.337337798020972 354.948682109202 75.90947658058226
v -31.73088698875247 517.8606979490265 -34.77485161128007
v -37.677370187804456 365.4782227643832 -27.810356279057782
v -33.80716551007249 510.9480985506313 -69.0983458766787
v -53.19776028160035 362.2198855783057 -61.6117866020503
v -33.80716551007249 510.9480985506313 -69.0983458766787
v 33.145021265885966 594.6381636491911 -0.10331791062934662
v 25.73109517885944 384.74435881366884 -15.631755740623776
v 62.09693086428906 582.9632376122663 -31.206884722071372
v 34.941587391800766 379.2536352563092 -61.55542501314419
v -43.292036206703486 634.7388169896884 41.552322117362436
v -29.088132024749996 492.47749208465336 46.03586797639141
v -66.84866477185348 630.0651370071051 11.595099225757629
v -56.28941565986693 486.89845978744387 17.863824142245797
v 24.959212682378574 212.3570442199707 1.8415734993191217
v 47.36444612187663 174.6184994855265 27.69145674592867
v 66.68049519456278 320.6872564601147 70.43715067735808
v 51.117835082407076 363.70836843655803 43.38679351205901
v -24.172532276844414 206.53546325803742 -66.48390781222366
v -33.69860292419674 223.95207187322183 -24.42187211644931
v 5.61861599993518 378.80638452965445 -80.42428437180406
v -18.021870316482904 401.76275208240423 -43.603186532268374
v -53.147922350665716 257.2073147991511 71.62895258956068
v -17.679174115338665 264.90080075001157 47.393788502910944
v -44.187171252693716 459.8420811450388 50.66079417551597
v -91.30866508784257 460.65600838248184 52.10808881624477
v -82.68284046743798 532.422253466028 13.875583494742086
v -74.33342652058039 351.38595761276605 39.425839589336725
v -59.71447219998818 518.4495730662909 47.904356258122
v -36.44273037046898 334.9047382985513 66.42025286757101
v -40.83166441579503 521.0758945134681 -32.16199283524761
v -48.16741455258347 352.98107177253786 -9.478395731430355
v -36.87414362674623 501.8539128341074 -67.45306056315505
v -57.97212048778384 338.62553243561996 -46.96098368937575
v 16.643961114207592 208.7704966387411 -10.591633911207905
v 50.133344695324034 168.88490812046322 -1.772220180494579
v 92.8594840793159 306.86782101007896 19.502516571931015
v 63.55694429142269 351.59347564216677 8.57426542935409
v -68.35322211107871 678.9296067605808 15.283246913294155
v -60.034577302106726 548.9315573624739 28.53124160466232
v -32.65144787435457 680.2083563616895 21.105713731660618
v -25.521317335564323 547.9145050048828 19.443008139377504
v -69.54073436616913 632.1605922668938 36.26070388658779
v -53.647498446186695 497.8453268216351 49.30909224382536
v -38.30030443161491 631.071075679749 15.214951488915391
v -53.647498446186695 497.8453268216351 49.30909224382536
v -33.937251473974996 493.1245638629583 17.996425703754575
v -15.389107343718763 647.0361844761165 47.052089623578894
v 6.77872067830694 450.11937148927706 64.98244803721511
v 24.09557188589742 628.6914329829178 46.89467234874335
v 45.99864088644193 434.25124461256615 40.914895027641236
v 60.284428709135284 283.86705503689024 75.91854868911383
v 40.46564965736209 182.99491386713945 29.433998535937214
v 19.400079888621654 206.5308075251542 10.702736734405278
v 42.40520357146977 307.7646127835972 55.82748435613677
v -47.82145886909305 592.9734763198012 -34.975738037289595
v -52.07628715695359 386.9565828578679 -0.9473114765769853
v -34.072119889296886 571.7657870195044 -70.94941739960919
v -59.66064967508392 373.3824557206762 -45.988742760785925
v -60.50416803735448 464.1889587162048 -17.489296948815895
v -55.079084681713674 272.3942028255913 -4.205940745946929
v -99.61309395437166 465.82811460720274 4.280242394274614
v -71.23467021101104 262.80827409639136 36.29046396946344
v 12.1725262619379 600.3801465973141 -35.902831967421406
v -16.951399055991587 395.9940737626684 -41.104864886426554
v 53.060655518779605 589.2626694806918 -28.644302698570915
v 28.946857283434532 384.2706379927988 -55.51331155882107
v 0.43860852982350224 911.9403268408588 -6.035309959584334
v -0.4924236114804201 741.3159768412432 16.154605807281854
v 22.50279028584638 744.6753884863666 6.233481323625159
v 22.50279028584638 744.6753884863666 6.233481323625159
v 19.983569468100242 919.6688434270424 0.284677829710752
v 58.456635850621026 480.68515897735836 -18.26016335036811
v 42.3713462559257 317.93481721652773 -37.86528204369733
v 34.27579646974098 485.29609920471677 -45.18445082536833
v 5.732091862385667 324.38097976324127 -56.134964537432815
v 23.570924293337846 55.6192717214269 -22.886259349312372
v 21.264327792670784 15.135935441715512 -12.68647435143238
v -0.16578740814304727 14.475564083715124 -25.41970080278051
v -2.592336533107157 1.8880706955128768 -21.507420877772056
v -17.073323407511072 13.993960900569526 -15.251508613271039
v -3.745941019903018 53.25774038870504 -24.8935771739389
v -25.414655527730627 2.3512542247772217 -7.726361784409351
v 11.257807335515661 61.45349637729915 -34.93540164992565
v -4.987643928978387 77.92347059475155 -26.086083078008937
v -4.1477731245709215 -2.315952699250124 -36.410597835000104
v -42.51652345882626 -0.20390062952252824 -9.384802945955531
v 25.041697062845305 -0.4586188019964639 -14.198611336430227
v 18.535987364025566 99.4679777640996 -27.06011214594203
v 0.6275943033103868 113.0217454564853 -23.835766033863457
v 10.664004275179286 128.5756948426014 -30.28643882180762
v 21.49213486769068 143.8727341298982 -19.450035151534195
v -2.3747877929154346 166.2314407468781 -19.36533202336529
v 28.448893329289955 101.9470241126113 -20.62503981778002
v 17.60929940253731 178.40344136155497 -15.411662069831308
v -1.7751939594745636 312.7397326972541 -6.470554691600049
v 7.170388900388883 312.78931249783733 4.245722739715276
v 1.0485055409078523 312.92951013159563 18.05908097995548
v 31.813171904856766 82.19222384174978 -5.246298754309106
v 27.18294934024961 108.62278187368798 -2.3295212625049233
v 21.49213486769068 143.8727341298982 -19.450035151534195
v 23.1178492072999 46.77873896801566 -6.431357011081666
v 23.06942864665835 142.472973020058 -0.9114796105097598
v 18.048157372812586 109.80479360565427 15.492706786929153
v 24.77271115686011 85.08517986207497 11.789165143891584
v 13.103360735525296 146.19008762629952 14.69877291852095
v -14.013994162476909 312.9945214339129 21.14544937929769
v -2.72319278144461 119.46024857168123 12.74898648262024
v -22.94276642987109 312.84613872137595 10.42507412865406
v 1.0974827684520736 92.23555955361194 18.358364349275124
v 18.969483262910618 76.40502584262157 18.834610154309612
v -10.498381975128895 115.09324621966505 -4.4602061819842485
v 16.875895928210163 42.127384914187935 4.565358220592259
v 11.456494960259265 66.06688649635616 21.68351975012952
v -11.51822918043362 89.12373715498316 1.5540114479271447
v -2.9886599014124533 75.28979947247844 12.618181273693175
v -12.315139761121255 70.21304659956084 2.4721390149724765
v 1.4331153645290164 64.96431320671022 19.655226487813035
v -10.758755713935912 161.7073261831689 -11.630837372907504
v 0.6275943033103868 113.0217454564853 -23.835766033863457
v -16.830660930768712 312.7311533830297 -3.380561027470536
v -2.3747877929154346 166.2314407468781 -19.36533202336529
v -1.7751939594745636 312.7397326972541 -6.470554691600049
v 5.938174335036691 43.996206418735774 6.1609865877572005
v 2.533877635096002 682.3582536592259 43.751029517706925
v 28.56345157923661 471.37481959786004 50.66193933562031
v 36.170231545065334 668.7210113044799 28.787182541344112
v 52.3824532200971 460.7704117542177 16.146069905889316
v 4.183562897791075 656.4588621845396 -29.701834588538944
v -10.233121359442164 460.35477495568944 -15.746714092615083
v 3.628515176416382 637.9105725626307 -66.77787604294424
v -10.233121359442164 460.35477495568944 -15.746714092615083
v -32.46055813286248 451.82126713549997 -53.21557596912535
v 66.81652519646592 346.9115354883389 0.8592404806473124
v 25.58983686402088 200.20926092553327 -1.2775073487927595
v 69.618093685841 330.15893200251065 -42.25844942678617
v 13.440825103774785 185.2928559611163 -44.36645920821062
v -43.61601326409288 365.6697836447889 -49.42751775576374
v -17.54317931302889 197.96773204653283 -18.343534760587797
v -96.05938055383878 347.9702641644816 -39.87645070383868
v -52.87189652600627 169.44810161440392 4.103537502251272
v 31.557167608906905 370.1749936802181 -43.90115813007505
v -13.554204167343501 219.07355841689224 -25.768183817074995
v 65.06118718094713 322.24167050339105 -60.3982501142607
v 14.493806859639687 176.1662302993414 -50.81155168728566
v 65.06118718094713 322.24167050339105 -60.3982501142607
v -96.0809790243314 309.62643660898283 17.569834791769193
v -39.35393151335829 160.5977411345234 4.572657442937686
v -74.29101335720753 300.8119327815499 58.40351731758418
v -12.857820105364942 156.09001550148793 35.40161322420976
v -4.313712807621543 584.8899976475033 32.08681589036476
v -38.43362406482847 607.4463851808563 49.62448060043215
v -2.180824833592092 797.3269214780312 5.92252870244304
v -32.912063317036065 813.6191330556795 -0.834585805460224
v -73.05243353205404 644.4331792395885 -10.806638894118663
v -72.75907073433945 447.8605150237797 17.398483171237736
v -59.86672686779593 630.3670087198573 27.195475702210675
v -39.10094734251969 428.4061597088191 50.03715124655896
v -28.04902829523162 617.3039609053004 35.36823227649599
v -15.746854890988569 398.34210253137303 51.85779154770018
v -37.69968907664141 610.6161883496862 76.74855979408805
v -15.746854890988569 398.34210253137303 51.85779154770018
v 0.7030418450672796 387.93484995684287 97.167782896147
v 39.16612056296641 439.1898883609321 62.53072595971776
v 34.61663178571566 264.78692302553674 31.96682282320158
v 80.78720625929945 413.49317145159864 35.6987752313689
v 64.78324649840829 245.18352793896292 -3.4584028749015387
v -83.97497530058614 504.63762808972456 1.2563950726835746
v -82.54826538206086 327.2160207192729 21.323547588558647
v -38.537059243269795 490.43805580439533 -38.98737702782699
v -64.74965200649471 326.5018162764902 -39.85885560043215
v 2.6913494693012687 205.7852895241084 -26.823751569732906
v -38.22145030254454 196.5953045942652 -45.388561534130666
v -2.9337447224639535 353.205372968058 -85.60919386195386
v 32.34677427397 359.49226439468504 -51.40737285764199
v -58.405619906628225 433.7217300895631 -45.169643529756804
v -49.47554408095953 247.86380332285964 -27.590248528427967
v -108.21178203492653 428.86978059303107 -29.13576411450003
v -79.07785768584004 231.30859915665755 5.621077038171723
v -17.483362297373496 585.4336671003207 -42.55439822129377
v -28.819047559903364 383.25009383554533 -24.129175764369215
v -67.89635954879401 580.546424144835 -59.15255527796708
v -83.02356314471388 376.93586875134565 -20.54988633929275
v -35.18860640488272 702.4276162695697 -23.84038891379289
v -64.4568054694829 508.0037980567752 2.7010859701577137
v -45.551249361413674 700.6129317396269 6.973670106234513
v -53.45286346795991 499.9637979222095 39.68121498588502
v -76.92518666034609 549.5141247126062 24.54744783912118
v -47.20960545727587 324.8243256816714 54.245914999894275
v -83.29731272900199 338.67524364801847 13.277387525152973
v -86.72659791360691 556.8622604129821 -15.077881925688017
v -53.14735446389266 640.4450183778298 14.386275621849721
v -41.77926093574584 444.85508926271456 36.00987158422395
v -56.462813550093045 626.0912812600925 51.70511448477197
v -24.211014818957473 427.3787445909395 75.16642724435161
v -76.50821697054886 413.351584607222 10.499812251939549
v -29.3464407207459 227.96315471018394 24.824867567678137
v -121.34144625325841 387.6020026019239 -8.516992757639548
v -67.99669246973954 194.654032940001 19.68991803372
v -121.34144625325841 387.6020026019239 -8.516992757639548
v 48.235917654563124 235.88005952009067 -41.909917133060965
v 9.26044512921431 258.66810731061804 -25.235961272021918
v 78.8974855828473 403.8537017942414 -23.046011530508206
v 37.09545520346934 430.85124548964615 -20.46947404155581
v -48.93939795456534 510.51473993016043 75.25222507987436
v -20.070550009960265 331.29185203492176 83.4272977874035
v -8.887670288874409 490.31148745319035 92.37007831963967
v 21.861179137793116 316.54804710328114 78.97945839589036
v -18.538040673638893 219.43854534719873 83.29336098798618
v -1.1255572308001556 239.78575008122002 45.94074928854394
v -50.16809373390018 403.1608611579955 103.01119699252872
v -18.761978140027505 418.02286163089786 75.83907270056056
v -36.72282526812216 380.11374436025545 76.71859320693129
v -8.601501701385018 208.070334487074 40.76022332108866
v 1.7664361539788134 349.2069995309424 108.80160519457239
v 32.08366200679869 187.20823948777567 53.94239594617228
v 1.9215509354129552 893.9877457506075 -19.59295488717988
v -12.973413223356713 718.8274353507936 5.557150469990227
v 8.451925722632822 719.025003628468 21.11677579053744
v -58.217123737485394 564.8701585183933 65.88094347105252
v -26.256601641497276 436.0126885842151 80.34886337640718
v -29.058634765504852 568.8040275273361 42.20322361142617
v -8.892403460863068 433.51454997625876 47.53901263860267
v -29.058634765504852 568.8040275273361 42.20322361142617
v -7.172301998288613 216.5981915992076 -40.58819586836447
v -52.0600108649787 213.4898703867995 -50.12565710413175
v -27.38063494990191 391.2367032268855 -75.74309044935572
v 12.292427810158317 389.6597989900844 -48.925665419871414
v -1.6594114970034501 368.57195726529824 84.09436293474333
v 4.502154417394653 206.39104167307457 39.04292198616689
v 45.68528941297156 337.3766696359229 86.43026427021177
v 47.09928054509201 185.31005213579795 29.171900017055002
v -5.505023392166678 166.45758170781173 -22.865430576594797
v -30.5809280065101 150.30582120099407 8.458374874798332
v -90.19905187952237 251.10866141131544 -38.903569142649495
v -54.23706816876029 262.3029956667442 -66.88455427725485
v -50.67822501415343 583.6633997639333 2.989015710635448
v -52.666401299904656 432.6050300297775 17.42991523479852
v -76.60630650407687 444.1034512257013 -16.458110781166496
v -58.614067205293914 589.7836985550528 -30.14206886291504
v 4.326442153904382 149.0505943148155 -26.774828828225925
v -32.437232535655106 151.28332798875223 -11.21620376279035
v 7.045281918968741 273.90085806058147 -72.90779136297272
v -37.39763432600367 284.3444929348202 -68.53127573418806
v -28.300527043229952 200.76738567802852 10.138284268341666
v -45.777850263700714 164.34408548310049 -26.177120959664894
v -76.94185249448762 339.3116147499385 -64.38668787948728
v -64.85396482813077 373.39552180973567 -26.59700048251415
v -93.87884553023211 303.8758180272861 56.74301639316589
v -43.937634295365946 208.9856553265429 42.37547634154793
v -26.89032808063537 231.54525306281144 20.90628456881666
v -75.54959593795417 327.17002658393443 38.33679937002227
v -32.78663073937724 200.61928456223856 -3.046780883327244
v -37.09624367436086 162.05979144479346 -42.03819853114331
v -29.35373172985287 326.101610979696 -85.58833692956159
v -32.501938774829775 367.90491089107485 -45.93365305052029
v 64.3285944705873 315.13619610643764 9.29415284648655
v 33.18325741084542 176.49338939997156 6.46548947011392
v 22.322645806890772 183.06677735696627 -31.39573288714792
v 57.50771582595946 320.4660340556948 -28.460417676159718
v 17.39592768075898 18.15779002632682 9.68050358332987
v 5.938174335036691 43.996206418735774 6.1609865877572005
v -0.08250492272942554 16.22477619666753 18.292074128398745
v -17.914451717391728 16.527186463198326 6.103450505752264
v 32.026885062690795 295.4108508553092 60.17210915332704
v 0.7377900769860726 176.08426687285657 11.941250853651152
v 58.57197318490096 234.56691756961854 72.07717951827162
v 25.106703671883412 120.19934616689608 23.491678275461272
v -29.854692342713125 595.9080898855615 -17.180902751411978
v -54.62239107747716 617.4984879381075 3.2972259901639984
v 12.734968831220012 795.3351689135935 -28.70334649649192
v -16.087853298412533 814.9523997870018 -24.56604965089813
v -31.794832916710323 596.8385230837845 0.08299211626799088
v -24.295338964837743 612.4558411245271 -35.949990035980704
v -6.873771313607223 811.451814306064 -14.058413702671922
v 20.62380548537247 822.9071699728178 -33.017077783899985
v -18.150643335552665 669.0273134727178 -3.904188711812177
v -33.11761251584752 682.9201705812469 13.422846324800506
v 7.768242847262405 828.466640682671 -17.46173801384573
v -7.602605880714777 45.26954936230277 -2.6374844115550125
v -3.745941019903018 53.25774038870504 -24.8935771739389
v -4.987643928978387 77.92347059475155 -26.086083078008937
v -17.073323407511072 13.993960900569526 -15.251508613271039
v -17.914451717391728 16.527186463198326 6.103450505752264
v -25.414655527730627 2.3512542247772217 -7.726361784409351
v -25.543579905051885 2.184717908618957 17.519595585470125
v -42.51652345882626 -0.20390062952252824 -9.384802945955531
v -46.357259036987784 -3.8929230819536946 25.17826679184681
v -0.08250492272942554 16.22477619666753 18.292074128398745
v -7.369838596328976 1.842009680946981 53.52787145479458
v -3.6604441409035933 2.889599739097235 31.225334002277044
v 27.47435738721232 -1.4899021351900628 27.880363576994167
v 17.23546916105616 5.525195692467878 17.73083890516927
v 33.71533915752501 -1.0265364480300212 9.841755267203323
v 17.39592768075898 18.15779002632682 9.68050358332987
v 27.112559540065256 3.850030030791215 5.046520528830881
v 24.6144749048188 17.307029934379997 -0.8260471174332101
v 20.244673011809823 1.9881696858274656 -8.009849922863518
vt 0.6664937138557434 0.8294320553541183
vt 0.6664937138557434 0.5072176158428192
vt 0.3334757387638092 0.5072176158428192
vt 0.3334757387638092 0.8294320553541183
vt 0.3334757387638092 0.5072176158428192
vt 0.0004882961511611938 0.5072176158428192
vt 0.3334757387638092 0.8294320553541183
vt 0.0004882961511611938 0.8294320553541183
vt 0.6664937138557434 0.5072176158428192
vt 0.3334757387638092 0.5072176158428192
vt 0.3334757387638092 0.8294320553541183
vt 0.6664937138557434 0.8294320553541183
vt 0.3334757387638092 0.5072176158428192
vt 0.0004882961511611938 0.5072176158428192
vt 0.3334757387638092 0.8294320553541183
vt 0.0004882961511611938 0.8294320553541183
vt 0.3334757387638092 0.8294320553541183
vt 0.3334757387638092 0.8294320553541183
vt 0.3334757387638092 0.5072176158428192
vt 0.0004882961511611938 0.8294320553541183
vt 0.3334757387638092 0.5072176158428192
vt 0.0004882961511611938 0.5072176158428192
vt 0.3334757387638092 0.8294320553541183
vt 0.0004882961511611938 0.8294320553541183
vt 0.3334757387638092 0.8294320553541183
vt 0.3334757387638092 0.5072176158428192
vt 0.0004882961511611938 0.8294320553541183
vt 0.0004882961511611938 0.5072176158428192
vt 0.3334757387638092 0.5072176158428192
vt 0.0004882961511611938 0.5072176158428192
vt 0.0004882961511611938 0.8294320553541183
vt 0.3334757387638092 0.8294320553541183
vt 0.3334757387638092 0.5072176158428192
vt 0.0004882961511611938 0.5072176158428192
vt 0.0004882961511611938 0.8294320553541183
vt 0.3334757387638092 0.8294320553541183
vt 0.6664937138557434 0.5072176158428192
vt 0.3334757387638092 0.5072176158428192
vt 0.6664937138557434 0.8294320553541183
vt 0.3334757387638092 0.8294320553541183
vt 0.6664937138557434 0.8294320553541183
vt 0.6664937138557434 0.5072176158428192
vt 0.3334757387638092 0.8294320553541183
vt 0.3334757387638092 0.5072176158428192
vt 0.3334757387638092 0.8294320553541183
vt 0.3334757387638092 0.5072176158428192
vt 0.0004882961511611938 0.5072176158428192
vt 0.0004882961511611938 0.8294320553541183
vt 0.3334757387638092 0.8294320553541183
vt 0.3334757387638092 0.5072176158428192
vt 0.0004882961511611938 0.5072176158428192
vt 0.0004882961511611938 0.8294320553541183
vt 0.6664937138557434 0.8294320553541183
vt 0.6664937138557434 0.5072176158428192
vt 0.3334757387638092 0.8294320553541183
vt 0.3334757387638092 0.5072176158428192
vt 0.3334757387638092 0.8294320553541183
vt 0.3334757387638092 0.5072176158428192
vt 0.0004882961511611938 0.8294320553541183
vt 0.0004882961511611938 0.5072176158428192
vt 0.3334757387638092 0.8294320553541183
vt 0.3334757387638092 0.5072176158428192
vt 0.0004882961511611938 0.8294320553541183
vt 0.0004882961511611938 0.5072176158428192
vt 0.0004882961511611938 0.8294320553541183
vt 0.6664937138557434 0.8294320553541183
vt 0.6664937138557434 0.5072176158428192
vt 0.3334757387638092 0.8294320553541183
vt 0.3334757387638092 0.5072176158428192
vt 0.6664937138557434 0.5072176158428192
vt 0.3334757387638092 0.5072176158428192
vt 0.3334757387638092 0.8294320553541183
vt 0.6664937138557434 0.8294320553541183
vt 0.3334757387638092 0.8294320553541183
vt 0.3334757387638092 0.5072176158428192
vt 0.0004882961511611938 0.8294320553541183
vt 0.0004882961511611938 0.5072176158428192
vt 0.3334757387638092 0.8294320553541183
vt 0.3334757387638092 0.5072176158428192
vt 0.0004882961511611938 0.5072176158428192
vt 0.0004882961511611938 0.8294320553541183
vt 0.6664937138557434 0.5072176158428192
vt 0.3334757387638092 0.5072176158428192
vt 0.3334757387638092 0.8294320553541183
vt 0.6664937138557434 0.8294320553541183
vt 0.6664937138557434 0.5072176158428192
vt 0.3334757387638092 0.5072176158428192
vt 0.6664937138557434 0.8294320553541183
vt 0.3334757387638092 0.8294320553541183
vt 0.6664937138557434 0.8294320553541183
vt 0.6664937138557434 0.5072176158428192
vt 0.3334757387638092 0.8294320553541183
vt 0.3334757387638092 0.5072176158428192
vt 0.6664937138557434 0.8294320553541183
vt 0.6664937138557434 0.5072176158428192
vt 0.3334757387638092 0.8294320553541183
vt 0.3334757387638092 0.5072176158428192
vt 0.6664937138557434 0.8294320553541183
vt 0.6664937138557434 0.5072176158428192
vt 0.3334757387638092 0.8294320553541183
vt 0.3334757387638092 0.5072176158428192
vt 0.6664937138557434 0.8294320553541183
vt 0.6664937138557434 0.5072176158428192
vt 0.3334757387638092 0.8294320553541183
vt 0.3334757387638092 0.5072176158428192
vt 0.6664937138557434 0.5072176158428192
vt 0.3334757387638092 0.5072176158428192
vt 0.6664937138557434 0.8294320553541183
vt 0.3334757387638092 0.8294320553541183
vt 0.6664937138557434 0.8294320553541183
vt 0.3334757387638092 0.8294320553541183
vt 0.3334757387638092 0.5072176158428192
vt 0.0004882961511611938 0.5072176158428192
vt 0.0004882961511611938 0.8294320553541183
vt 0.3334757387638092 0.8294320553541183
vt 0.3334757387638092 0.5072176158428192
vt 0.0004882961511611938 0.8294320553541183
vt 0.0004882961511611938 0.5072176158428192
vt 0.6664937138557434 0.8294320553541183
vt 0.6664937138557434 0.5072176158428192
vt 0.3334757387638092 0.8294320553541183
vt 0.3334757387638092 0.5072176158428192
vt 0.3334757387638092 0.8294320553541183
vt 0.3334757387638092 0.5072176158428192
vt 0.0004882961511611938 0.8294320553541183
vt 0.0004882961511611938 0.5072176158428192
vt 0.3334757387638092 0.8294320553541183
vt 0.3334757387638092 0.5072176158428192
vt 0.0004882961511611938 0.8294320553541183
vt 0.0004882961511611938 0.5072176158428192
vt 0.3334757387638092 0.8294320553541183
vt 0.3334757387638092 0.5072176158428192
vt 0.0004882961511611938 0.5072176158428192
vt 0.0004882961511611938 0.8294320553541183
vt 0.3334757387638092 0.8294320553541183
vt 0.3334757387638092 0.5072176158428192
vt 0.0004882961511611938 0.8294320553541183
vt 0.0004882961511611938 0.5072176158428192
vt 0.3334757387638092 0.8294320553541183
vt 0.3334757387638092 0.5072176158428192
vt 0.0004882961511611938 0.8294320553541183
vt 0.0004882961511611938 0.5072176158428192
vt 0.6664937138557434 0.8294320553541183
vt 0.6664937138557434 0.5072176158428192
vt 0.3334757387638092 0.8294320553541183
vt 0.3334757387638092 0.5072176158428192
vt 0.6664937138557434 0.8294320553541183
vt 0.6664937138557434 0.5072176158428192
vt 0.3334757387638092 0.8294320553541183
vt 0.3334757387638092 0.5072176158428192
vt 0.6664937138557434 0.5072176158428192
vt 0.3334757387638092 0.5072176158428192
vt 0.6664937138557434 0.8294320553541183
vt 0.3334757387638092 0.8294320553541183
vt 0.6664937138557434 0.5072176158428192
vt 0.3334757387638092 0.5072176158428192
vt 0.3334757387638092 0.8294320553541183
vt 0.6664937138557434 0.8294320553541183
vt 0.6664937138557434 0.8294320553541183
vt 0.6664937138557434 0.5072176158428192
vt 0.3334757387638092 0.8294320553541183
vt 0.3334757387638092 0.5072176158428192
vt 0.6664937138557434 0.8294320553541183
vt 0.6664937138557434 0.5072176158428192
vt 0.3334757387638092 0.5072176158428192
vt 0.3334757387638092 0.8294320553541183
vt 0.3334757387638092 0.8294320553541183
vt 0.3334757387638092 0.5072176158428192
vt 0.0004882961511611938 0.8294320553541183
vt 0.0004882961511611938 0.5072176158428192
vt 0.3334757387638092 0.8294320553541183
vt 0.3334757387638092 0.5072176158428192
vt 0.0004882961511611938 0.5072176158428192
vt 0.0004882961511611938 0.8294320553541183
vt 0.6664937138557434 0.5072176158428192
vt 0.3334757387638092 0.5072176158428192
vt 0.3334757387638092 0.8294320553541183
vt 0.6664937138557434 0.8294320553541183
vt 0.3334757387638092 0.8294320553541183
vt 0.3334757387638092 0.5072176158428192
vt 0.0004882961511611938 0.5072176158428192
vt 0.6664937138557434 0.8294320553541183
vt 0.6664937138557434 0.5072176158428192
vt 0.3334757387638092 0.8294320553541183
vt 0.3334757387638092 0.5072176158428192
vt 0.6664937138557434 0.8294320553541183
vt 0.6664937138557434 0.5072176158428192
vt 0.3334757387638092 0.8294320553541183
vt 0.3334757387638092 0.5072176158428192
vt 0.6664937138557434 0.8294320553541183
vt 0.6664937138557434 0.5072176158428192
vt 0.3334757387638092 0.8294320553541183
vt 0.3334757387638092 0.5072176158428192
vt 0.3334757387638092 0.8294320553541183
vt 0.3334757387638092 0.5072176158428192
vt 0.0004882961511611938 0.8294320553541183
vt 0.3334757387638092 0.5072176158428192
vt 0.0004882961511611938 0.5072176158428192
vt 0.6664937138557434 0.8294320553541183
vt 0.6664937138557434 0.5072176158428192
vt 0.3334757387638092 0.5072176158428192
vt 0.3334757387638092 0.8294320553541183
vt 0.6664937138557434 0.5072176158428192
vt 0.3334757387638092 0.5072176158428192
vt 0.6664937138557434 0.8294320553541183
vt 0.3334757387638092 0.8294320553541183
vt 0.6664937138557434 0.5072176158428192
vt 0.3334757387638092 0.5072176158428192
vt 0.3334757387638092 0.8294320553541183
vt 0.6664937138557434 0.8294320553541183
vt 0.6664937138557434 0.8294320553541183
vt 0.6664937138557434 0.5072176158428192
vt 0.3334757387638092 0.8294320553541183
vt 0.3334757387638092 0.5072176158428192
vt 0.6664937138557434 0.8294320553541183
vt 0.6664937138557434 0.5072176158428192
vt 0.3334757387638092 0.8294320553541183
vt 0.3334757387638092 0.5072176158428192
vt 0.6664937138557434 0.8294320553541183
vt 0.6664937138557434 0.5072176158428192
vt 0.3334757387638092 0.8294320553541183
vt 0.3334757387638092 0.5072176158428192
vt 0.6664937138557434 0.8294320553541183
vt 0.6664937138557434 0.5072176158428192
vt 0.3334757387638092 0.8294320553541183
vt 0.3334757387638092 0.5072176158428192
vt 0.6664937138557434 0.8294320553541183
vt 0.6664937138557434 0.5072176158428192
vt 0.3334757387638092 0.5072176158428192
vt 0.3334757387638092 0.8294320553541183
vt 0.3334757387638092 0.5072176158428192
vt 0.0004882961511611938 0.5072176158428192
vt 0.3334757387638092 0.8294320553541183
vt 0.0004882961511611938 0.8294320553541183
vt 0.6664937138557434 0.8294320553541183
vt 0.6664937138557434 0.5072176158428192
vt 0.3334757387638092 0.8294320553541183
vt 0.3334757387638092 0.5072176158428192
vt 0.3334757387638092 0.8294320553541183
vt 0.3334757387638092 0.5072176158428192
vt 0.0004882961511611938 0.8294320553541183
vt 0.3334757387638092 0.5072176158428192
vt 0.0004882961511611938 0.5072176158428192
vt 0.3334757387638092 0.8294320553541183
vt 0.3334757387638092 0.5072176158428192
vt 0.0004882961511611938 0.8294320553541183
vt 0.0004882961511611938 0.5072176158428192
vt 0.3334757387638092 0.8294320553541183
vt 0.3334757387638092 0.5072176158428192
vt 0.0004882961511611938 0.5072176158428192
vt 0.0004882961511611938 0.5072176158428192
vt 0.0004882961511611938 0.8294320553541183
vt 0.3334757387638092 0.8294320553541183
vt 0.3334757387638092 0.5072176158428192
vt 0.0004882961511611938 0.8294320553541183
vt 0.3334757387638092 0.8294320553541183
vt 0.3334757387638092 0.5072176158428192
vt 0.0004882961511611938 0.8294320553541183
vt 0.3334757387638092 0.5072176158428192
vt 0.0004882961511611938 0.5072176158428192
vt 0.3334757387638092 0.8294320553541183
vt 0.3334757387638092 0.5072176158428192
vt 0.0004882961511611938 0.5072176158428192
vt 0.0004882961511611938 0.8294320553541183
vt 0.8677632808685303 0.04596090316772461
vt 0.8997772336006165 0.1266518235206604
vt 0.8625446557998657 0.12436294555664062
vt 0.8152104020118713 0.03796499967575073
vt 0.8383739590644836 0.1271095871925354
vt 0.7393109202384949 0.028107523918151855
vt 0.8648030161857605 0.2618793249130249
vt 0.8842738270759583 0.25855278968811035
vt 0.9019135236740112 0.2597430348396301
vt 0.9203771948814392 0.2622455358505249
vt 0.9296853542327881 0.1194189190864563
vt 0.8677632808685303 0.04596090316772461
vt 0.9363994002342224 0.012421011924743652
vt 0.9782403111457825 0.011108756065368652
vt 0.9562975168228149 0.12372201681137085
vt 0.939512312412262 0.2615131139755249
vt 0.3334757387638092 0.8294320553541183
vt 0.3334757387638092 0.5072176158428192
vt 0.0004882961511611938 0.5072176158428192
vt 0.0004882961511611938 0.8294320553541183
vt 0.3334757387638092 0.8294320553541183
vt 0.3334757387638092 0.5072176158428192
vt 0.0004882961511611938 0.8294320553541183
vt 0.3334757387638092 0.8294320553541183
vt 0.3334757387638092 0.5072176158428192
vt 0.0004882961511611938 0.8294320553541183
vt 0.0004882961511611938 0.5072176158428192
vt 0.6664937138557434 0.8294320553541183
vt 0.6664937138557434 0.5072176158428192
vt 0.3334757387638092 0.8294320553541183
vt 0.3334757387638092 0.5072176158428192
vt 0.6664937138557434 0.5072176158428192
vt 0.3334757387638092 0.5072176158428192
vt 0.6664937138557434 0.8294320553541183
vt 0.3334757387638092 0.8294320553541183
vt 0.3334757387638092 0.8294320553541183
vt 0.3334757387638092 0.5072176158428192
vt 0.0004882961511611938 0.8294320553541183
vt 0.0004882961511611938 0.5072176158428192
vt 0.3334757387638092 0.8294320553541183
vt 0.3334757387638092 0.5072176158428192
vt 0.0004882961511611938 0.8294320553541183
vt 0.0004882961511611938 0.5072176158428192
vt 0.0004882961511611938 0.8294320553541183
vt 0.3334757387638092 0.8294320553541183
vt 0.3334757387638092 0.5072176158428192
vt 0.0004882961511611938 0.8294320553541183
vt 0.3334757387638092 0.8294320553541183
vt 0.3334757387638092 0.5072176158428192
vt 0.0004882961511611938 0.8294320553541183
vt 0.0004882961511611938 0.5072176158428192
vt 0.6664937138557434 0.5072176158428192
vt 0.3334757387638092 0.5072176158428192
vt 0.6664937138557434 0.8294320553541183
vt 0.3334757387638092 0.8294320553541183
vt 0.3334757387638092 0.8294320553541183
vt 0.3334757387638092 0.5072176158428192
vt 0.0004882961511611938 0.5072176158428192
vt 0.0004882961511611938 0.8294320553541183
vt 0.3334757387638092 0.5072176158428192
vt 0.0004882961511611938 0.5072176158428192
vt 0.3334757387638092 0.8294320553541183
vt 0.0004882961511611938 0.8294320553541183
vt 0.6664937138557434 0.8294320553541183
vt 0.6664937138557434 0.5072176158428192
vt 0.3334757387638092 0.8294320553541183
vt 0.3334757387638092 0.5072176158428192
vt 0.3334757387638092 0.8294320553541183
vt 0.6664937138557434 0.5072176158428192
vt 0.3334757387638092 0.5072176158428192
vt 0.6664937138557434 0.8294320553541183
vt 0.3334757387638092 0.8294320553541183
vt 0.3334757387638092 0.8294320553541183
vt 0.3334757387638092 0.5072176158428192
vt 0.0004882961511611938 0.5072176158428192
vt 0.0004882961511611938 0.8294320553541183
vt 0.3334757387638092 0.8294320553541183
vt 0.3334757387638092 0.5072176158428192
vt 0.0004882961511611938 0.5072176158428192
vt 0.0004882961511611938 0.8294320553541183
vt 0.6664937138557434 0.8294320553541183
vt 0.6664937138557434 0.5072176158428192
vt 0.3334757387638092 0.8294320553541183
vt 0.6664937138557434 0.5072176158428192
vt 0.3334757387638092 0.5072176158428192
vt 0.6664937138557434 0.8294320553541183
vt 0.6664937138557434 0.5072176158428192
vt 0.3334757387638092 0.5072176158428192
vt 0.3334757387638092 0.5072176158428192
vt 0.3334757387638092 0.8294320553541183
vt 0.5774712562561035 0.31324195861816406
vt 0.5653248429298401 0.383526086807251
vt 0.5364848971366882 0.37733083963394165
vt 0.5184789299964905 0.4868922829627991
vt 0.5448469519615173 0.4821619391441345
vt 0.5942869186401367 0.3867000341415405
vt 0.5638905167579651 0.4850916862487793
vt 0.5871761441230774 0.4919278621673584
vt 0.6271248459815979 0.3868221044540405
vt 0.49742117524147034 0.48912012577056885
vt 0.5104525685310364 0.3795281648635864
vt 0.45585498213768005 0.3001495599746704
vt 0.6431165337562561 0.3159581422805786
vt 0.7172459959983826 0.3186437487602234
vt 0.651448130607605 0.3017364740371704
vt 0.7625964879989624 0.28412729501724243
vt 0.5819879770278931 0.2949003577232361
vt 0.651448130607605 0.3017364740371704
vt 0.538254976272583 0.2922452688217163
vt 0.5819879770278931 0.2949003577232361
vt 0.539201021194458 0.2603228688240051
vt 0.4983672499656677 0.24018067121505737
vt 0.504745602607727 0.2932828664779663
vt 0.4353160262107849 0.2603533864021301
vt 0.3334757387638092 0.8294320553541183
vt 0.3334757387638092 0.5072176158428192
vt 0.0004882961511611938 0.5072176158428192
vt 0.0004882961511611938 0.5072176158428192
vt 0.0004882961511611938 0.8294320553541183
vt 0.6664937138557434 0.8294320553541183
vt 0.6664937138557434 0.5072176158428192
vt 0.3334757387638092 0.8294320553541183
vt 0.3334757387638092 0.5072176158428192
vt 0.6664937138557434 0.8294320553541183
vt 0.6664937138557434 0.5072176158428192
vt 0.3334757387638092 0.5072176158428192
vt 0.3334757387638092 0.5072176158428192
vt 0.3334757387638092 0.8294320553541183
vt 0.8734092116355896 0.3253883719444275
vt 0.86956387758255 0.3729667067527771
vt 0.8219855427742004 0.37717825174331665
vt 0.8312937021255493 0.2850428819656372
vt 0.9307840466499329 0.33857232332229614
vt 0.8734092116355896 0.3253883719444275
vt 0.9100619554519653 0.3886227011680603
vt 0.8011413812637329 0.3733329176902771
vt 0.7710196375846863 0.2952055335044861
vt 0.7807245254516602 0.38492995500564575
vt 0.790337860584259 0.43992429971694946
vt 0.8593401908874512 0.4299142360687256
vt 0.8207952976226807 0.4349803328514099
vt 0.7999817132949829 0.4949186444282532
vt 0.8195745944976807 0.4927823543548584
vt 0.8491470217704773 0.4868312478065491
vt 0.886745810508728 0.4376964569091797
vt 0.8634296655654907 0.4867702126502991
vt 0.8837854862213135 0.4948576092720032
vt 0.9237647652626038 0.4449598789215088
vt 0.9637745022773743 0.39506208896636963
vt 0.9307840466499329 0.33857232332229614
vt 0.982757031917572 0.3097628951072693
vt 0.3334757387638092 0.8294320553541183
vt 0.3334757387638092 0.5072176158428192
vt 0.0004882961511611938 0.5072176158428192
vt 0.0004882961511611938 0.8294320553541183
vt 0.3334757387638092 0.8294320553541183
vt 0.3334757387638092 0.5072176158428192
vt 0.0004882961511611938 0.8294320553541183
vt 0.0004882961511611938 0.5072176158428192
vt 0.6664937138557434 0.8294320553541183
vt 0.6664937138557434 0.5072176158428192
vt 0.3334757387638092 0.8294320553541183
vt 0.3334757387638092 0.5072176158428192
vt 0.3334757387638092 0.8294320553541183
vt 0.3334757387638092 0.5072176158428192
vt 0.0004882961511611938 0.8294320553541183
vt 0.0004882961511611938 0.5072176158428192
vt 0.6664937138557434 0.5072176158428192
vt 0.3334757387638092 0.5072176158428192
vt 0.3334757387638092 0.8294320553541183
vt 0.6664937138557434 0.5072176158428192
vt 0.6664937138557434 0.8294320553541183
vt 0.3334757387638092 0.8294320553541183
vt 0.3334757387638092 0.5072176158428192
vt 0.0004882961511611938 0.8294320553541183
vt 0.6664937138557434 0.8294320553541183
vt 0.6664937138557434 0.5072176158428192
vt 0.3334757387638092 0.5072176158428192
vt 0.3334757387638092 0.8294320553541183
vt 0.5658131837844849 0.04086428880691528
vt 0.6233100295066833 0.026795268058776855
vt 0.6028016209602356 0.07300025224685669
vt 0.6725058555603027 0.031708717346191406
vt 0.6328012943267822 0.08114874362945557
vt 0.6371349096298218 0.08774071931838989
vt 0.5551621913909912 0.06869715452194214
vt 0.5944395065307617 0.09369182586669922
vt 0.6186407208442688 0.16168707609176636
vt 0.5541856288909912 0.08355969190597534
vt 0.5199133157730103 0.07199317216873169
vt 0.5070040225982666 0.014984607696533203
vt 0.5894955396652222 0.1650746464729309
vt 0.600146472454071 0.23566395044326782
vt 0.5845209956169128 0.23645740747451782
vt 0.5590685606002808 0.15982544422149658
vt 0.5639210343360901 0.23609119653701782
vt 0.5485702157020569 0.23535877466201782
vt 0.5237891674041748 0.16208380460739136
vt 0.5253456234931946 0.2385936975479126
vt 0.4989776313304901 0.08877831697463989
vt 0.49705496430397034 0.16385388374328613
vt 0.47935423254966736 0.16489148139953613
vt 0.4687948226928711 0.08908355236053467
vt 0.43333232402801514 0.09121984243392944
vt 0.430738240480423 0.07348859310150146
vt 0.48854029178619385 0.07504498958587646
vt 0.4593645930290222 0.07406842708587646
vt 0.44123661518096924 0.013702809810638428
vt 0.4769432544708252 0.012665152549743652
vt 0.6664937138557434 0.8294320553541183
vt 0.6664937138557434 0.5072176158428192
vt 0.3334757387638092 0.8294320553541183
vt 0.3334757387638092 0.5072176158428192
vt 0.3334757387638092 0.8294320553541183
vt 0.3334757387638092 0.8294320553541183
vt 0.3334757387638092 0.5072176158428192
vt 0.0004882961511611938 0.8294320553541183
vt 0.0004882961511611938 0.5072176158428192
vt 0.3334757387638092 0.8294320553541183
vt 0.3334757387638092 0.5072176158428192
vt 0.0004882961511611938 0.5072176158428192
vt 0.0004882961511611938 0.8294320553541183
vt 0.6664937138557434 0.8294320553541183
vt 0.6664937138557434 0.5072176158428192
vt 0.3334757387638092 0.8294320553541183
vt 0.3334757387638092 0.5072176158428192
vt 0.6664937138557434 0.8294320553541183
vt 0.6664937138557434 0.5072176158428192
vt 0.3334757387638092 0.8294320553541183
vt 0.3334757387638092 0.5072176158428192
vt 0.3334757387638092 0.8294320553541183
vt 0.3334757387638092 0.5072176158428192
vt 0.0004882961511611938 0.8294320553541183
vt 0.6664937138557434 0.8294320553541183
vt 0.6664937138557434 0.5072176158428192
vt 0.3334757387638092 0.5072176158428192
vt 0.3334757387638092 0.8294320553541183
vt 0.6664937138557434 0.5072176158428192
vt 0.3334757387638092 0.5072176158428192
vt 0.6664937138557434 0.8294320553541183
vt 0.3334757387638092 0.8294320553541183
vt 0.3334757387638092 0.5072176158428192
vt 0.0004882961511611938 0.5072176158428192
vt 0.3334757387638092 0.8294320553541183
vt 0.0004882961511611938 0.8294320553541183
vt 0.6664937138557434 0.5072176158428192
vt 0.3334757387638092 0.5072176158428192
vt 0.3334757387638092 0.8294320553541183
vt 0.6664937138557434 0.8294320553541183
vt 0.3334757387638092 0.8294320553541183
vt 0.3334757387638092 0.5072176158428192
vt 0.0004882961511611938 0.5072176158428192
vt 0.3334757387638092 0.8294320553541183
vt 0.0004882961511611938 0.5072176158428192
vt 0.0004882961511611938 0.8294320553541183
vt 0.3334757387638092 0.8294320553541183
vt 0.3334757387638092 0.5072176158428192
vt 0.0004882961511611938 0.8294320553541183
vt 0.0004882961511611938 0.5072176158428192
vt 0.0004882961511611938 0.5072176158428192
vt 0.0004882961511611938 0.8294320553541183
vt 0.3334757387638092 0.8294320553541183
vt 0.3334757387638092 0.8294320553541183
vt 0.3334757387638092 0.5072176158428192
vt 0.0004882961511611938 0.8294320553541183
vt 0.0004882961511611938 0.5072176158428192
vt 0.3334757387638092 0.8294320553541183
vt 0.3334757387638092 0.5072176158428192
vt 0.0004882961511611938 0.8294320553541183
vt 0.0004882961511611938 0.5072176158428192
vt 0.3334757387638092 0.8294320553541183
vt 0.0004882961511611938 0.5072176158428192
vt 0.0004882961511611938 0.8294320553541183
vt 0.6664937138557434 0.8294320553541183
vt 0.6664937138557434 0.5072176158428192
vt 0.3334757387638092 0.8294320553541183
vt 0.3334757387638092 0.5072176158428192
vt 0.6664937138557434 0.5072176158428192
vt 0.3334757387638092 0.5072176158428192
vt 0.6664937138557434 0.8294320553541183
vt 0.3334757387638092 0.8294320553541183
vt 0.3334757387638092 0.8294320553541183
vt 0.3334757387638092 0.5072176158428192
vt 0.0004882961511611938 0.8294320553541183
vt 0.0004882961511611938 0.5072176158428192
vt 0.6664937138557434 0.8294320553541183
vt 0.6664937138557434 0.5072176158428192
vt 0.3334757387638092 0.8294320553541183
vt 0.3334757387638092 0.5072176158428192
vt 0.3334757387638092 0.8294320553541183
vt 0.3334757387638092 0.5072176158428192
vt 0.0004882961511611938 0.8294320553541183
vt 0.3334757387638092 0.5072176158428192
vt 0.0004882961511611938 0.5072176158428192
vt 0.3334757387638092 0.5072176158428192
vt 0.0004882961511611938 0.5072176158428192
vt 0.0004882961511611938 0.8294320553541183
vt 0.0004882961511611938 0.8294320553541183
vt 0.3334757387638092 0.8294320553541183
vt 0.3334757387638092 0.5072176158428192
vt 0.0004882961511611938 0.5072176158428192
vt 0.3334757387638092 0.8294320553541183
vt 0.0004882961511611938 0.8294320553541183
vt 0.6664937138557434 0.8294320553541183
vt 0.6664937138557434 0.5072176158428192
vt 0.3334757387638092 0.8294320553541183
vt 0.3334757387638092 0.5072176158428192
vt 0.6664937138557434 0.5072176158428192
vt 0.3334757387638092 0.5072176158428192
vt 0.3334757387638092 0.8294320553541183
vt 0.6664937138557434 0.8294320553541183
vt 0.6664937138557434 0.8294320553541183
vt 0.6664937138557434 0.5072176158428192
vt 0.3334757387638092 0.8294320553541183
vt 0.3334757387638092 0.5072176158428192
vt 0.3334757387638092 0.5072176158428192
vt 0.0004882961511611938 0.5072176158428192
vt 0.0004882961511611938 0.8294320553541183
vt 0.3334757387638092 0.8294320553541183
vt 0.3334757387638092 0.5072176158428192
vt 0.0004882961511611938 0.8294320553541183
vt 0.0004882961511611938 0.5072176158428192
vt 0.0004882961511611938 0.8294320553541183
vt 0.6664937138557434 0.8294320553541183
vt 0.6664937138557434 0.5072176158428192
vt 0.3334757387638092 0.8294320553541183
vt 0.3334757387638092 0.5072176158428192
vt 0.3334757387638092 0.5072176158428192
vt 0.0004882961511611938 0.5072176158428192
vt 0.3334757387638092 0.8294320553541183
vt 0.0004882961511611938 0.8294320553541183
vt 0.3334757387638092 0.5072176158428192
vt 0.0004882961511611938 0.5072176158428192
vt 0.3334757387638092 0.8294320553541183
vt 0.0004882961511611938 0.8294320553541183
vt 0.3334757387638092 0.5072176158428192
vt 0.0004882961511611938 0.5072176158428192
vt 0.3334757387638092 0.8294320553541183
vt 0.0004882961511611938 0.8294320553541183
vt 0.3334757387638092 0.8294320553541183
vt 0.3334757387638092 0.5072176158428192
vt 0.0004882961511611938 0.8294320553541183
vt 0.0004882961511611938 0.5072176158428192
vt 0.0004882961511611938 0.8294320553541183
vt 0.3334757387638092 0.8294320553541183
vt 0.3334757387638092 0.5072176158428192
vt 0.0004882961511611938 0.5072176158428192
vt 0.0004882961511611938 0.8294320553541183
vt 0.6664937138557434 0.8294320553541183
vt 0.6664937138557434 0.5072176158428192
vt 0.3334757387638092 0.8294320553541183
vt 0.3334757387638092 0.5072176158428192
vt 0.3334757387638092 0.5072176158428192
vt 0.0004882961511611938 0.5072176158428192
vt 0.0004882961511611938 0.8294320553541183
vt 0.3334757387638092 0.8294320553541183
vt 0.3334757387638092 0.5072176158428192
vt 0.0004882961511611938 0.5072176158428192
vt 0.0004882961511611938 0.8294320553541183
vt 0.3334757387638092 0.8294320553541183
vt 0.3334757387638092 0.5072176158428192
vt 0.0004882961511611938 0.8294320553541183
vt 0.0004882961511611938 0.5072176158428192
vt 0.0004882961511611938 0.8294320553541183
vt 0.3334757387638092 0.8294320553541183
vt 0.3334757387638092 0.5072176158428192
vt 0.0004882961511611938 0.8294320553541183
vt 0.0004882961511611938 0.5072176158428192
vt 0.0004882961511611938 0.8294320553541183
vt 0.3334757387638092 0.8294320553541183
vt 0.3334757387638092 0.5072176158428192
vt 0.0004882961511611938 0.8294320553541183
vt 0.0004882961511611938 0.5072176158428192
vt 0.6664937138557434 0.5072176158428192
vt 0.3334757387638092 0.5072176158428192
vt 0.3334757387638092 0.8294320553541183
vt 0.6664937138557434 0.8294320553541183
vt 0.6664937138557434 0.5072176158428192
vt 0.3334757387638092 0.5072176158428192
vt 0.3334757387638092 0.8294320553541183
vt 0.6664937138557434 0.8294320553541183
vt 0.6664937138557434 0.5072176158428192
vt 0.3334757387638092 0.5072176158428192
vt 0.3334757387638092 0.8294320553541183
vt 0.6664937138557434 0.8294320553541183
vt 0.3334757387638092 0.8294320553541183
vt 0.3334757387638092 0.5072176158428192
vt 0.0004882961511611938 0.5072176158428192
vt 0.0004882961511611938 0.5072176158428192
vt 0.0004882961511611938 0.8294320553541183
vt 0.6664937138557434 0.8294320553541183
vt 0.6664937138557434 0.5072176158428192
vt 0.3334757387638092 0.5072176158428192
vt 0.3334757387638092 0.8294320553541183
vt 0.6664937138557434 0.8294320553541183
vt 0.6664937138557434 0.5072176158428192
vt 0.3334757387638092 0.5072176158428192
vt 0.3334757387638092 0.5072176158428192
vt 0.3334757387638092 0.8294320553541183
vt 0.3334757387638092 0.8294320553541183
vt 0.3334757387638092 0.5072176158428192
vt 0.0004882961511611938 0.8294320553541183
vt 0.0004882961511611938 0.5072176158428192
vt 0.6664937138557434 0.8294320553541183
vt 0.6664937138557434 0.5072176158428192
vt 0.3334757387638092 0.5072176158428192
vt 0.3334757387638092 0.5072176158428192
vt 0.3334757387638092 0.8294320553541183
vt 0.3334757387638092 0.8294320553541183
vt 0.3334757387638092 0.5072176158428192
vt 0.0004882961511611938 0.8294320553541183
vt 0.0004882961511611938 0.5072176158428192
vt 0.6664937138557434 0.5072176158428192
vt 0.3334757387638092 0.5072176158428192
vt 0.6664937138557434 0.8294320553541183
vt 0.3334757387638092 0.8294320553541183
vt 0.6664937138557434 0.8294320553541183
vt 0.6664937138557434 0.8294320553541183
vt 0.6664937138557434 0.5072176158428192
vt 0.3334757387638092 0.5072176158428192
vt 0.3334757387638092 0.8294320553541183
vt 0.6664937138557434 0.5072176158428192
vt 0.3334757387638092 0.5072176158428192
vt 0.6664937138557434 0.8294320553541183
vt 0.3334757387638092 0.8294320553541183
vt 0.3334757387638092 0.8294320553541183
vt 0.3334757387638092 0.5072176158428192
vt 0.0004882961511611938 0.8294320553541183
vt 0.0004882961511611938 0.5072176158428192
vt 0.3334757387638092 0.5072176158428192
vt 0.0004882961511611938 0.5072176158428192
vt 0.3334757387638092 0.8294320553541183
vt 0.0004882961511611938 0.8294320553541183
vt 0.3334757387638092 0.8294320553541183
vt 0.3334757387638092 0.5072176158428192
vt 0.0004882961511611938 0.8294320553541183
vt 0.0004882961511611938 0.5072176158428192
vt 0.3334757387638092 0.8294320553541183
vt 0.3334757387638092 0.5072176158428192
vt 0.0004882961511611938 0.8294320553541183
vt 0.0004882961511611938 0.5072176158428192
vt 0.3334757387638092 0.8294320553541183
vt 0.3334757387638092 0.5072176158428192
vt 0.0004882961511611938 0.8294320553541183
vt 0.0004882961511611938 0.5072176158428192
vt 0.3334757387638092 0.5072176158428192
vt 0.0004882961511611938 0.5072176158428192
vt 0.0004882961511611938 0.8294320553541183
vt 0.3334757387638092 0.8294320553541183
vt 0.0004882961511611938 0.5072176158428192
vt 0.0004882961511611938 0.8294320553541183
vt 0.6664937138557434 0.5072176158428192
vt 0.3334757387638092 0.5072176158428192
vt 0.6664937138557434 0.8294320553541183
vt 0.3334757387638092 0.8294320553541183
vt 0.6664937138557434 0.8294320553541183
vt 0.6664937138557434 0.5072176158428192
vt 0.3334757387638092 0.8294320553541183
vt 0.3334757387638092 0.5072176158428192
vt 0.3334757387638092 0.8294320553541183
vt 0.3334757387638092 0.5072176158428192
vt 0.0004882961511611938 0.8294320553541183
vt 0.0004882961511611938 0.5072176158428192
vt 0.3334757387638092 0.8294320553541183
vt 0.3334757387638092 0.5072176158428192
vt 0.0004882961511611938 0.8294320553541183
vt 0.0004882961511611938 0.5072176158428192
vt 0.3334757387638092 0.5072176158428192
vt 0.0004882961511611938 0.5072176158428192
vt 0.0004882961511611938 0.8294320553541183
vt 0.3334757387638092 0.8294320553541183
vt 0.3334757387638092 0.5072176158428192
vt 0.0004882961511611938 0.8294320553541183
vt 0.0004882961511611938 0.5072176158428192
vt 0.0004882961511611938 0.8294320553541183
vt 0.6664937138557434 0.8294320553541183
vt 0.6664937138557434 0.5072176158428192
vt 0.3334757387638092 0.5072176158428192
vt 0.3334757387638092 0.8294320553541183
vt 0.6664937138557434 0.8294320553541183
vt 0.6664937138557434 0.5072176158428192
vt 0.3334757387638092 0.5072176158428192
vt 0.3334757387638092 0.8294320553541183
vt 0.3334757387638092 0.5072176158428192
vt 0.0004882961511611938 0.5072176158428192
vt 0.0004882961511611938 0.8294320553541183
vt 0.6664937138557434 0.8294320553541183
vt 0.6664937138557434 0.5072176158428192
vt 0.3334757387638092 0.5072176158428192
vt 0.3334757387638092 0.8294320553541183
vt 0.6664937138557434 0.8294320553541183
vt 0.6664937138557434 0.5072176158428192
vt 0.3334757387638092 0.5072176158428192
vt 0.3334757387638092 0.8294320553541183
vt 0.3334757387638092 0.8294320553541183
vt 0.3334757387638092 0.5072176158428192
vt 0.0004882961511611938 0.8294320553541183
vt 0.3334757387638092 0.5072176158428192
vt 0.0004882961511611938 0.5072176158428192
vt 0.0004882961511611938 0.8294320553541183
vt 0.6664937138557434 0.8294320553541183
vt 0.6664937138557434 0.5072176158428192
vt 0.3334757387638092 0.5072176158428192
vt 0.3334757387638092 0.8294320553541183
vt 0.3334757387638092 0.5072176158428192
vt 0.0004882961511611938 0.5072176158428192
vt 0.0004882961511611938 0.8294320553541183
vt 0.6664937138557434 0.8294320553541183
vt 0.6664937138557434 0.5072176158428192
vt 0.3334757387638092 0.5072176158428192
vt 0.3334757387638092 0.8294320553541183
vt 0.3334757387638092 0.8294320553541183
vt 0.3334757387638092 0.5072176158428192
vt 0.0004882961511611938 0.8294320553541183
vt 0.0004882961511611938 0.5072176158428192
vt 0.3334757387638092 0.5072176158428192
vt 0.0004882961511611938 0.5072176158428192
vt 0.0004882961511611938 0.8294320553541183
vt 0.3334757387638092 0.8294320553541183
vt 0.0004882961511611938 0.8294320553541183
vt 0.0004882961511611938 0.5072176158428192
vt 0.6664937138557434 0.5072176158428192
vt 0.3334757387638092 0.5072176158428192
vt 0.3334757387638092 0.8294320553541183
vt 0.6664937138557434 0.8294320553541183
vt 0.6664937138557434 0.8294320553541183
vt 0.6664937138557434 0.5072176158428192
vt 0.3334757387638092 0.8294320553541183
vt 0.3334757387638092 0.5072176158428192
vt 0.3334757387638092 0.8294320553541183
vt 0.3334757387638092 0.5072176158428192
vt 0.0004882961511611938 0.8294320553541183
vt 0.0004882961511611938 0.5072176158428192
vt 0.0004882961511611938 0.8294320553541183
vt 0.6664937138557434 0.5072176158428192
vt 0.3334757387638092 0.5072176158428192
vt 0.3334757387638092 0.8294320553541183
vt 0.6664937138557434 0.8294320553541183
vt 0.6664937138557434 0.8294320553541183
vt 0.6664937138557434 0.5072176158428192
vt 0.3334757387638092 0.8294320553541183
vt 0.3334757387638092 0.5072176158428192
vt 0.6664937138557434 0.5072176158428192
vt 0.3334757387638092 0.5072176158428192
vt 0.6664937138557434 0.8294320553541183
vt 0.3334757387638092 0.8294320553541183
vt 0.6664937138557434 0.8294320553541183
vt 0.6664937138557434 0.5072176158428192
vt 0.3334757387638092 0.8294320553541183
vt 0.3334757387638092 0.5072176158428192
vt 0.3334757387638092 0.8294320553541183
vt 0.3334757387638092 0.5072176158428192
vt 0.0004882961511611938 0.8294320553541183
vt 0.0004882961511611938 0.5072176158428192
vt 0.6664937138557434 0.8294320553541183
vt 0.6664937138557434 0.5072176158428192
vt 0.3334757387638092 0.5072176158428192
vt 0.3334757387638092 0.8294320553541183
vt 0.6664937138557434 0.8294320553541183
vt 0.6664937138557434 0.5072176158428192
vt 0.3334757387638092 0.8294320553541183
vt 0.3334757387638092 0.5072176158428192
vt 0.3334757387638092 0.5072176158428192
vt 0.0004882961511611938 0.5072176158428192
vt 0.0004882961511611938 0.8294320553541183
vt 0.3334757387638092 0.8294320553541183
vt 0.3334757387638092 0.5072176158428192
vt 0.0004882961511611938 0.5072176158428192
vt 0.0004882961511611938 0.8294320553541183
vt 0.3334757387638092 0.8294320553541183
vt 0.3334757387638092 0.8294320553541183
vt 0.3334757387638092 0.5072176158428192
vt 0.0004882961511611938 0.5072176158428192
vt 0.3334757387638092 0.8294320553541183
vt 0.3334757387638092 0.5072176158428192
vt 0.0004882961511611938 0.5072176158428192
vt 0.0004882961511611938 0.8294320553541183
vt 0.3334757387638092 0.8294320553541183
vt 0.3334757387638092 0.5072176158428192
vt 0.0004882961511611938 0.8294320553541183
vt 0.3334757387638092 0.5072176158428192
vt 0.0004882961511611938 0.5072176158428192
vt 0.3334757387638092 0.5072176158428192
vt 0.0004882961511611938 0.5072176158428192
vt 0.3334757387638092 0.8294320553541183
vt 0.0004882961511611938 0.8294320553541183
vt 0.6664937138557434 0.8294320553541183
vt 0.6664937138557434 0.5072176158428192
vt 0.3334757387638092 0.5072176158428192
vt 0.3334757387638092 0.8294320553541183
vt 0.6664937138557434 0.8294320553541183
vt 0.6664937138557434 0.5072176158428192
vt 0.3334757387638092 0.8294320553541183
vt 0.3334757387638092 0.5072176158428192
vt 0.3334757387638092 0.8294320553541183
vt 0.3334757387638092 0.5072176158428192
vt 0.0004882961511611938 0.8294320553541183
vt 0.3334757387638092 0.5072176158428192
vt 0.0004882961511611938 0.5072176158428192
vt 0.3334757387638092 0.8294320553541183
vt 0.0004882961511611938 0.5072176158428192
vt 0.0004882961511611938 0.8294320553541183
vt 0.3334757387638092 0.8294320553541183
vt 0.3334757387638092 0.5072176158428192
vt 0.0004882961511611938 0.8294320553541183
vt 0.0004882961511611938 0.5072176158428192
vt 0.6664937138557434 0.5072176158428192
vt 0.3334757387638092 0.5072176158428192
vt 0.3334757387638092 0.8294320553541183
vt 0.6664937138557434 0.8294320553541183
vt 0.6664937138557434 0.8294320553541183
vt 0.6664937138557434 0.5072176158428192
vt 0.3334757387638092 0.5072176158428192
vt 0.3334757387638092 0.8294320553541183
vt 0.3334757387638092 0.8294320553541183
vt 0.3334757387638092 0.5072176158428192
vt 0.0004882961511611938 0.5072176158428192
vt 0.0004882961511611938 0.8294320553541183
vt 0.6664937138557434 0.8294320553541183
vt 0.6664937138557434 0.5072176158428192
vt 0.3334757387638092 0.8294320553541183
vt 0.3334757387638092 0.5072176158428192
vt 0.3334757387638092 0.8294320553541183
vt 0.3334757387638092 0.5072176158428192
vt 0.0004882961511611938 0.8294320553541183
vt 0.0004882961511611938 0.5072176158428192
vt 0.3334757387638092 0.8294320553541183
vt 0.3334757387638092 0.5072176158428192
vt 0.0004882961511611938 0.5072176158428192
vt 0.0004882961511611938 0.8294320553541183
vt 0.3334757387638092 0.8294320553541183
vt 0.3334757387638092 0.5072176158428192
vt 0.0004882961511611938 0.8294320553541183
vt 0.0004882961511611938 0.5072176158428192
vt 0.6664937138557434 0.8294320553541183
vt 0.6664937138557434 0.5072176158428192
vt 0.3334757387638092 0.5072176158428192
vt 0.3334757387638092 0.8294320553541183
vt 0.3334757387638092 0.5072176158428192
vt 0.0004882961511611938 0.5072176158428192
vt 0.3334757387638092 0.8294320553541183
vt 0.0004882961511611938 0.8294320553541183
vt 0.3334757387638092 0.8294320553541183
vt 0.3334757387638092 0.8294320553541183
vt 0.3334757387638092 0.5072176158428192
vt 0.0004882961511611938 0.8294320553541183
vt 0.0004882961511611938 0.5072176158428192
vt 0.6664937138557434 0.8294320553541183
vt 0.6664937138557434 0.5072176158428192
vt 0.3334757387638092 0.8294320553541183
vt 0.3334757387638092 0.5072176158428192
vt 0.6664937138557434 0.5072176158428192
vt 0.3334757387638092 0.5072176158428192
vt 0.6664937138557434 0.8294320553541183
vt 0.3334757387638092 0.8294320553541183
vt 0.6664937138557434 0.8294320553541183
vt 0.6664937138557434 0.5072176158428192
vt 0.3334757387638092 0.8294320553541183
vt 0.3334757387638092 0.5072176158428192
vt 0.6664937138557434 0.8294320553541183
vt 0.6664937138557434 0.5072176158428192
vt 0.3334757387638092 0.8294320553541183
vt 0.3334757387638092 0.5072176158428192
vt 0.3334757387638092 0.8294320553541183
vt 0.3334757387638092 0.5072176158428192
vt 0.0004882961511611938 0.8294320553541183
vt 0.0004882961511611938 0.5072176158428192
vt 0.6664937138557434 0.8294320553541183
vt 0.6664937138557434 0.5072176158428192
vt 0.3334757387638092 0.8294320553541183
vt 0.3334757387638092 0.5072176158428192
vt 0.3334757387638092 0.8294320553541183
vt 0.6664937138557434 0.8294320553541183
vt 0.6664937138557434 0.5072176158428192
vt 0.3334757387638092 0.8294320553541183
vt 0.3334757387638092 0.5072176158428192
vt 0.6664937138557434 0.8294320553541183
vt 0.6664937138557434 0.5072176158428192
vt 0.3334757387638092 0.8294320553541183
vt 0.3334757387638092 0.5072176158428192
vt 0.3334757387638092 0.5072176158428192
vt 0.0004882961511611938 0.5072176158428192
vt 0.0004882961511611938 0.8294320553541183
vt 0.3334757387638092 0.8294320553541183
vt 0.6664937138557434 0.5072176158428192
vt 0.3334757387638092 0.5072176158428192
vt 0.6664937138557434 0.8294320553541183
vt 0.3334757387638092 0.8294320553541183
vt 0.6664937138557434 0.5072176158428192
vt 0.3334757387638092 0.5072176158428192
vt 0.3334757387638092 0.8294320553541183
vt 0.6664937138557434 0.8294320553541183
vt 0.6664937138557434 0.8294320553541183
vt 0.6664937138557434 0.5072176158428192
vt 0.3334757387638092 0.8294320553541183
vt 0.3334757387638092 0.5072176158428192
vt 0.3334757387638092 0.8294320553541183
vt 0.3334757387638092 0.5072176158428192
vt 0.0004882961511611938 0.8294320553541183
vt 0.0004882961511611938 0.5072176158428192
vt 0.3334757387638092 0.5072176158428192
vt 0.0004882961511611938 0.5072176158428192
vt 0.0004882961511611938 0.8294320553541183
vt 0.3334757387638092 0.8294320553541183
vt 0.3334757387638092 0.8294320553541183
vt 0.3334757387638092 0.5072176158428192
vt 0.0004882961511611938 0.8294320553541183
vt 0.0004882961511611938 0.5072176158428192
vt 0.3334757387638092 0.8294320553541183
vt 0.3334757387638092 0.5072176158428192
vt 0.0004882961511611938 0.8294320553541183
vt 0.3334757387638092 0.5072176158428192
vt 0.0004882961511611938 0.5072176158428192
vt 0.6664937138557434 0.8294320553541183
vt 0.6664937138557434 0.5072176158428192
vt 0.3334757387638092 0.8294320553541183
vt 0.3334757387638092 0.5072176158428192
vt 0.6664937138557434 0.8294320553541183
vt 0.6664937138557434 0.5072176158428192
vt 0.3334757387638092 0.5072176158428192
vt 0.3334757387638092 0.8294320553541183
vt 0.3334757387638092 0.8294320553541183
vt 0.3334757387638092 0.5072176158428192
vt 0.0004882961511611938 0.8294320553541183
vt 0.0004882961511611938 0.5072176158428192
vt 0.3334757387638092 0.8294320553541183
vt 0.3334757387638092 0.5072176158428192
vt 0.0004882961511611938 0.8294320553541183
vt 0.0004882961511611938 0.5072176158428192
vt 0.3334757387638092 0.8294320553541183
vt 0.3334757387638092 0.5072176158428192
vt 0.0004882961511611938 0.8294320553541183
vt 0.0004882961511611938 0.5072176158428192
vt 0.3334757387638092 0.8294320553541183
vt 0.3334757387638092 0.5072176158428192
vt 0.0004882961511611938 0.5072176158428192
vt 0.0004882961511611938 0.5072176158428192
vt 0.0004882961511611938 0.8294320553541183
vt 0.6664937138557434 0.8294320553541183
vt 0.6664937138557434 0.5072176158428192
vt 0.3334757387638092 0.8294320553541183
vt 0.3334757387638092 0.5072176158428192
vt 0.31388285756111145 0.17099523544311523
vt 0.29914242029190063 0.13840144872665405
vt 0.3742179572582245 0.12515640258789062
vt 0.36234626173973083 0.095889151096344
vt 0.42255929112434387 0.1104770302772522
vt 0.43256935477256775 0.13281655311584473
vt 0.40931424498558044 0.07052826881408691
vt 0.3870052099227905 0.1665394902229309
vt 0.45701467990875244 0.1827143430709839
vt 0.35160374641418457 0.08755761384963989
vt 0.4040345549583435 0.06836146116256714
vt 0.2844019830226898 0.10000914335250854
vt 0.3639637529850006 0.22717976570129395
vt 0.42387157678604126 0.24945831298828125
vt 0.3715323209762573 0.2593768239021301
vt 0.347697377204895 0.28269296884536743
vt 0.4138920307159424 0.30509352684020996
vt 0.3396404981613159 0.23694568872451782
vt 0.34342479705810547 0.3154393434524536
vt 0.36091190576553345 0.48094117641448975
vt 0.31391337513923645 0.48118531703948975
vt 0.2620624303817749 0.4846339225769043
vt 0.2846766710281372 0.20276498794555664
vt 0.2841883599758148 0.2459181547164917
vt 0.347697377204895 0.28269296884536743
vt 0.2558366656303406 0.1585436463356018
vt 0.2860499918460846 0.2797631621360779
vt 0.22357860207557678 0.24460583925247192
vt 0.22754600644111633 0.20587784051895142
vt 0.22550126910209656 0.28299814462661743
vt 0.20969267189502716 0.48863184452056885
vt 0.16232794523239136 0.2613605260848999
vt 0.16238899528980255 0.4899136424064636
vt 0.16348765790462494 0.22486037015914917
vt 0.20377208292484283 0.191045880317688
vt 0.10098575055599213 0.2627033591270447
vt 0.2152470499277115 0.1498153805732727
vt 0.1894894242286682 0.1817377209663391
vt 0.10003967583179474 0.21878719329833984
vt 0.1273842602968216 0.19269388914108276
vt 0.08487197756767273 0.1893978714942932
vt 0.16251106560230255 0.17572557926177979
vt 0.10763878375291824 0.3007904291152954
vt 0.029053620994091034 0.2609332799911499
vt 0.11282692849636078 0.4894253611564636
vt 0.04437391459941864 0.31327247619628906
vt 0.0632648691534996 0.4902798533439636
vt 0.16873684525489807 0.14419996738433838
vt 0.6664937138557434 0.8294320553541183
vt 0.6664937138557434 0.5072176158428192
vt 0.3334757387638092 0.8294320553541183
vt 0.3334757387638092 0.5072176158428192
vt 0.3334757387638092 0.8294320553541183
vt 0.3334757387638092 0.5072176158428192
vt 0.0004882961511611938 0.8294320553541183
vt 0.3334757387638092 0.5072176158428192
vt 0.0004882961511611938 0.5072176158428192
vt 0.6664937138557434 0.8294320553541183
vt 0.6664937138557434 0.5072176158428192
vt 0.3334757387638092 0.8294320553541183
vt 0.3334757387638092 0.5072176158428192
vt 0.6664937138557434 0.8294320553541183
vt 0.6664937138557434 0.5072176158428192
vt 0.3334757387638092 0.8294320553541183
vt 0.3334757387638092 0.5072176158428192
vt 0.3334757387638092 0.8294320553541183
vt 0.3334757387638092 0.5072176158428192
vt 0.0004882961511611938 0.8294320553541183
vt 0.0004882961511611938 0.5072176158428192
vt 0.0004882961511611938 0.8294320553541183
vt 0.6664937138557434 0.8294320553541183
vt 0.6664937138557434 0.5072176158428192
vt 0.3334757387638092 0.8294320553541183
vt 0.3334757387638092 0.5072176158428192
vt 0.3334757387638092 0.5072176158428192
vt 0.0004882961511611938 0.5072176158428192
vt 0.3334757387638092 0.8294320553541183
vt 0.0004882961511611938 0.8294320553541183
vt 0.6664937138557434 0.8294320553541183
vt 0.6664937138557434 0.5072176158428192
vt 0.3334757387638092 0.8294320553541183
vt 0.3334757387638092 0.5072176158428192
vt 0.6664937138557434 0.8294320553541183
vt 0.6664937138557434 0.5072176158428192
vt 0.3334757387638092 0.8294320553541183
vt 0.6664937138557434 0.5072176158428192
vt 0.3334757387638092 0.5072176158428192
vt 0.3334757387638092 0.8294320553541183
vt 0.3334757387638092 0.5072176158428192
vt 0.0004882961511611938 0.8294320553541183
vt 0.0004882961511611938 0.5072176158428192
vt 0.3334757387638092 0.8294320553541183
vt 0.3334757387638092 0.5072176158428192
vt 0.0004882961511611938 0.8294320553541183
vt 0.0004882961511611938 0.5072176158428192
vt 0.6664937138557434 0.5072176158428192
vt 0.3334757387638092 0.5072176158428192
vt 0.3334757387638092 0.8294320553541183
vt 0.6664937138557434 0.8294320553541183
vt 0.3334757387638092 0.8294320553541183
vt 0.3334757387638092 0.5072176158428192
vt 0.0004882961511611938 0.8294320553541183
vt 0.0004882961511611938 0.5072176158428192
vt 0.6664937138557434 0.8294320553541183
vt 0.6664937138557434 0.5072176158428192
vt 0.3334757387638092 0.8294320553541183
vt 0.3334757387638092 0.5072176158428192
vt 0.6664937138557434 0.8294320553541183
vt 0.6664937138557434 0.5072176158428192
vt 0.3334757387638092 0.8294320553541183
vt 0.3334757387638092 0.5072176158428192
vt 0.3334757387638092 0.8294320553541183
vt 0.3334757387638092 0.5072176158428192
vt 0.0004882961511611938 0.5072176158428192
vt 0.0004882961511611938 0.8294320553541183
vt 0.3334757387638092 0.8294320553541183
vt 0.3334757387638092 0.5072176158428192
vt 0.0004882961511611938 0.8294320553541183
vt 0.0004882961511611938 0.5072176158428192
vt 0.3334757387638092 0.8294320553541183
vt 0.3334757387638092 0.5072176158428192
vt 0.0004882961511611938 0.8294320553541183
vt 0.0004882961511611938 0.5072176158428192
vt 0.0004882961511611938 0.8294320553541183
vt 0.6664937138557434 0.5072176158428192
vt 0.3334757387638092 0.5072176158428192
vt 0.6664937138557434 0.8294320553541183
vt 0.3334757387638092 0.8294320553541183
vt 0.6664937138557434 0.8294320553541183
vt 0.6664937138557434 0.5072176158428192
vt 0.3334757387638092 0.8294320553541183
vt 0.3334757387638092 0.5072176158428192
vt 0.6664937138557434 0.5072176158428192
vt 0.3334757387638092 0.5072176158428192
vt 0.6664937138557434 0.8294320553541183
vt 0.3334757387638092 0.8294320553541183
vt 0.6664937138557434 0.8294320553541183
vt 0.6664937138557434 0.5072176158428192
vt 0.3334757387638092 0.8294320553541183
vt 0.3334757387638092 0.5072176158428192
vt 0.3334757387638092 0.8294320553541183
vt 0.3334757387638092 0.5072176158428192
vt 0.0004882961511611938 0.5072176158428192
vt 0.3334757387638092 0.8294320553541183
vt 0.3334757387638092 0.5072176158428192
vt 0.0004882961511611938 0.8294320553541183
vt 0.0004882961511611938 0.5072176158428192
vt 0.0004882961511611938 0.8294320553541183
vt 0.3334757387638092 0.5072176158428192
vt 0.0004882961511611938 0.5072176158428192
vt 0.0004882961511611938 0.8294320553541183
vt 0.3334757387638092 0.8294320553541183
vt 0.6664937138557434 0.8294320553541183
vt 0.6664937138557434 0.5072176158428192
vt 0.3334757387638092 0.8294320553541183
vt 0.3334757387638092 0.5072176158428192
vt 0.6664937138557434 0.5072176158428192
vt 0.3334757387638092 0.5072176158428192
vt 0.3334757387638092 0.8294320553541183
vt 0.6664937138557434 0.8294320553541183
vt 0.6664937138557434 0.8294320553541183
vt 0.6664937138557434 0.5072176158428192
vt 0.3334757387638092 0.5072176158428192
vt 0.3334757387638092 0.8294320553541183
vt 0.6664937138557434 0.5072176158428192
vt 0.3334757387638092 0.5072176158428192
vt 0.6664937138557434 0.8294320553541183
vt 0.3334757387638092 0.8294320553541183
vt 0.3334757387638092 0.5072176158428192
vt 0.0004882961511611938 0.5072176158428192
vt 0.0004882961511611938 0.8294320553541183
vt 0.3334757387638092 0.8294320553541183
vt 0.6664937138557434 0.8294320553541183
vt 0.6664937138557434 0.5072176158428192
vt 0.3334757387638092 0.5072176158428192
vt 0.3334757387638092 0.8294320553541183
vt 0.3334757387638092 0.5072176158428192
vt 0.0004882961511611938 0.5072176158428192
vt 0.0004882961511611938 0.8294320553541183
vt 0.3334757387638092 0.8294320553541183
vt 0.6664937138557434 0.8294320553541183
vt 0.6664937138557434 0.5072176158428192
vt 0.3334757387638092 0.5072176158428192
vt 0.3334757387638092 0.8294320553541183
vt 0.2152470499277115 0.14374220371246338
vt 0.16873684525489807 0.14419996738433838
vt 0.16910305619239807 0.15317237377166748
vt 0.0872218981385231 0.13830989599227905
vt 0.3334757387638092 0.8294320553541183
vt 0.3334757387638092 0.5072176158428192
vt 0.0004882961511611938 0.8294320553541183
vt 0.0004882961511611938 0.5072176158428192
vt 0.6664937138557434 0.5072176158428192
vt 0.3334757387638092 0.5072176158428192
vt 0.6664937138557434 0.8294320553541183
vt 0.3334757387638092 0.8294320553541183
vt 0.6664937138557434 0.5072176158428192
vt 0.3334757387638092 0.5072176158428192
vt 0.6664937138557434 0.8294320553541183
vt 0.3334757387638092 0.8294320553541183
vt 0.3334757387638092 0.5072176158428192
vt 0.0004882961511611938 0.5072176158428192
vt 0.3334757387638092 0.8294320553541183
vt 0.08545182645320892 0.15439313650131226
vt 0.008758812211453915 0.16498303413391113
vt 0.01892147585749626 0.20490127801895142
vt 0.015503402799367905 0.14651936292648315
vt 0.0872218981385231 0.13830989599227905
vt 0.029786065220832825 0.11441391706466675
vt 0.09073153138160706 0.10721153020858765
vt 0.029633473604917526 0.10522782802581787
vt 0.08960234373807907 0.09762871265411377
vt 0.16910305619239807 0.15317237377166748
vt 0.1503646969795227 0.10019224882125854
vt 0.15652944147586823 0.10934782028198242
vt 0.2146366834640503 0.1037324070930481
vt 0.21115756034851074 0.1121554970741272
vt 0.24430066347122192 0.10214543342590332
vt 0.2152470499277115 0.14374220371246338
vt 0.24863429367542267 0.1116061806678772
vt 0.2549821436405182 0.14120912551879883
vt 0.286660373210907 0.1110263466835022
vn 0.9123773574829102 0.21187907457351685 0.3502490520477295
vn 0.9777607917785645 0.2087620496749878 -0.020050540566444397
vn 0.9202100038528442 0.185743510723114 -0.3445470929145813
vn 0.9338244199752808 0.13262224197387695 -0.33223915100097656
vn -0.8397645354270935 0.4096795320510864 0.3563113510608673
vn -0.5855614542961121 0.37233179807662964 0.7200600504875183
vn -0.361324280500412 0.26616066694259644 -0.8936457633972168
vn -0.8569914102554321 0.3765803873538971 0.3517850637435913
vn -0.7825223207473755 0.33903923630714417 0.5222171545028687
vn 0.2323145717382431 0.30072644352912903 0.9249827861785889
vn -0.6957960724830627 0.3733939528465271 0.6135506629943848
vn -0.7340819239616394 0.31460657715797424 -0.6017857789993286
vn -0.21089881658554077 0.14620596170425415 -0.9665117859840393
vn 0.11952608823776245 0.1614217609167099 -0.9796204566955566
vn 0.8455780148506165 0.1679268479347229 -0.5067523121833801
vn 0.8455780148506165 0.1679268479347229 -0.5067523121833801
vn 0.8455780148506165 0.1679268479347229 -0.5067523121833801
vn 0.9777607917785645 0.2087620496749878 -0.020050540566444397
vn 0.9974606037139893 0.06890007853507996 -0.018019914627075195
vn 0.9555380940437317 0.23921853303909302 0.17239782214164734
vn -0.8961256146430969 0.18735851347446442 0.40231242775917053
vn -0.956467866897583 0.1939689964056015 0.2180478572845459
vn -0.6344603300094604 0.23028568923473358 -0.7378538846969604
vn -0.8354285955429077 0.304502010345459 -0.45753392577171326
vn 0.5855300426483154 -0.023587733507156372 -0.8103072047233582
vn -0.5282689332962036 -0.8366715908050537 -0.1446099877357483
vn 0.3790276050567627 -0.2113807648420334 -0.9009195566177368
vn -0.19654938578605652 -0.8330668210983276 -0.5170760154724121
vn -0.6705363988876343 -0.7210562229156494 -0.17452317476272583
vn -0.367925226688385 -0.7858753204345703 -0.49702179431915283
vn -0.17951053380966187 -0.09959153831005096 -0.9787017703056335
vn 0.016415506601333618 -0.0338568352162838 -0.9992917776107788
vn -0.6739090085029602 -0.738814115524292 5.960464477539063e-8
vn -0.6705363988876343 -0.721056342124939 0.17452317476272583
vn -0.9678570628166199 -0.25149986147880554 0
vn -0.9862105846405029 -0.1654941886663437 5.960464477539063e-8
vn 0.9341554045677185 0.08686715364456177 -0.34613198041915894
vn 0.35947710275650024 0.13740630447864532 -0.9229816794395447
vn 0.962346076965332 0.1908893883228302 -0.1935223489999771
vn 0.8455780148506165 0.1679268479347229 -0.5067523121833801
vn 0.8083648681640625 0.2538796067237854 0.5311222076416016
vn 0.9825783371925354 0.10055989027023315 0.15629178285598755
vn 0.9777607917785645 0.2087620496749878 -0.020050540566444397
vn 0.9341554045677185 0.08686715364456177 -0.34613198041915894
vn -0.3558526337146759 0.2386995404958725 -0.9035436511039734
vn -0.7825223207473755 0.33903923630714417 0.5222171545028687
vn -0.9526287913322449 0.3033929169178009 -0.021225064992904663
vn -0.6225894689559937 0.28648728132247925 -0.7282216548919678
vn 0.8904210329055786 -0.022728443145751953 0.45456936955451965
vn 0.8678269386291504 -0.398772656917572 0.2964057922363281
vn 0.9616603851318359 -0.2742423415184021 -7.450580596923828e-9
vn 0.959670901298523 -0.018455207347869873 0.28051912784576416
vn 0.9510973691940308 -0.08468669652938843 0.29705506563186646
vn 0.5066987872123718 -0.7485324740409851 0.42773276567459106
vn 0.9963233470916748 -0.08567112684249878 -9.313225746154785e-9
vn 0.7021023035049438 -0.6524101495742798 -0.2853291928768158
vn -0.19665572047233582 0.21538488566875458 -0.9565227031707764
vn -0.6261558532714844 0.20253440737724304 -0.7529330253601074
vn 0.9271057844161987 0.1603265404701233 -0.3387770354747772
vn -0.05633711814880371 0.12992000579833984 -0.9899224638938904
vn 0.6962369680404663 0.25533998012542725 0.670861542224884
vn 0.9515880346298218 0.08461451530456543 0.2954999804496765
vn 0.3954926133155823 0.2977648079395294 0.8688621520996094
vn 0.8788539171218872 0.11537623405456543 0.4629295766353607
vn 0.3954926133155823 0.2977648079395294 0.8688621520996094
vn -0.8179481625556946 -0.0013632476329803467 0.5752900242805481
vn -0.8037458658218384 -0.48958325386047363 0.33808350563049316
vn -0.39609068632125854 -0.0012860298156738281 0.9182103276252747
vn -0.022417820990085602 -0.6599246859550476 0.7509969472885132
vn 0.9616603851318359 -0.2742423415184021 -7.450580596923828e-9
vn 0.8062100410461426 -0.36311444640159607 -0.4670898914337158
vn 0.985590934753418 0.01717054843902588 -0.16827154159545898
vn 0.9911109209060669 0.03729379177093506 0.1277030110359192
vn -0.716973602771759 -0.09549841284751892 0.6905279159545898
vn -0.7676675319671631 -0.6168756484985352 0.17363911867141724
vn -0.5911335349082947 -0.1712772399187088 0.7881781458854675
vn -0.3947986960411072 -0.7879793643951416 0.4724639356136322
vn -0.7825223207473755 0.33903923630714417 0.5222171545028687
vn 0.39563870429992676 0.1613978147506714 0.9041130542755127
vn -0.90704345703125 -0.0012995600700378418 0.4210345447063446
vn -0.9526287913322449 0.3033929169178009 -0.021225064992904663
vn -0.7045111656188965 -0.4891512095928192 -0.514193058013916
vn -0.8037458658218384 -0.48958325386047363 0.33808350563049316
vn -0.9677810072898865 0.0011933334171772003 -0.25179004669189453
vn -0.6575672626495361 0.07081492990255356 -0.7500602006912231
vn 0.5260137915611267 0.14292241632938385 -0.8383805751800537
vn -0.21089881658554077 0.14620596170425415 -0.9665117859840393
vn 0.962346076965332 0.1908893883228302 -0.1935223489999771
vn 0.5345489978790283 0.16919894516468048 -0.8280269503593445
vn -0.8569914102554321 0.3765803873538971 0.3517850637435913
vn -0.5855614542961121 0.37233179807662964 0.7200600504875183
vn 0.9673932790756226 0.1903705894947052 0.16705983877182007
vn 0.9035437107086182 0.2386995553970337 0.3558526039123535
vn -0.018061012029647827 -0.1478746235370636 0.9888410568237305
vn -0.3947986960411072 -0.7879793643951416 0.4724639356136322
vn 0.76136314868927 -0.09517043828964233 0.6413019895553589
vn 0.7105495929718018 -0.6878722906112671 0.14815711975097656
vn 0.8921207189559937 0.0673556923866272 0.4467478096485138
vn 0.9534273147583008 -0.26038968563079834 0.15222789347171783
vn 0.9911109209060669 0.03729379177093506 0.1277030110359192
vn 0.9534271955490112 -0.26038968563079834 -0.15222793817520142
vn -0.9724242091178894 -0.020358748733997345 0.2323278784751892
vn -0.8408310413360596 -0.40629708766937256 0.3576669692993164
vn -0.7069048285484314 0.0238913893699646 0.7069048285484314
vn -0.427901953458786 -0.508544921875 0.7471826076507568
vn -0.6428778171539307 0.09518695622682571 -0.76003098487854
vn -0.49850645661354065 0.14180397987365723 -0.8552091121673584
vn -0.36573052406311035 0.16238999366760254 -0.9164444208145142
vn -0.05633711814880371 0.12992000579833984 -0.9899224638938904
vn -0.36573052406311035 0.16238999366760254 -0.9164444208145142
vn -0.9103178977966309 0.041317589581012726 0.41184210777282715
vn -0.904882550239563 -0.16128037869930267 0.3939236104488373
vn -0.8192497491836548 -0.14396239817142487 0.5550714731216431
vn -0.8213091492652893 0.046330273151397705 0.5685985684394836
vn -0.9589896202087402 0.08344624191522598 -0.2708791494369507
vn -0.9426787495613098 -0.24741874635219574 0.22392073273658752
vn -0.9055812954902649 0.1130233183503151 0.40883710980415344
vn -0.7998819351196289 -0.309478223323822 0.5142096877098083
vn -0.3821088671684265 0.11173586547374725 -0.9173372387886047
vn -0.5172731876373291 -0.04287552088499069 -0.8547453880310059
vn -0.6575672626495361 0.07081492990255356 -0.7500602006912231
vn -0.7821649312973022 -0.09485220909118652 -0.6158089637756348
vn 0.20021191239356995 0.07983922958374023 0.9764940142631531
vn 0.9071759581565857 -0.30973145365715027 0.2847769558429718
vn -0.20636075735092163 -0.0011594295501708984 0.9784750938415527
vn 0.17086458206176758 -0.5350759029388428 0.8273441791534424
vn 0.3322391211986542 0.13262222707271576 -0.9338244199752808
vn 0.0010244250297546387 0.0481492280960083 -0.9988394975662231
vn -0.21089881658554077 0.14620596170425415 -0.9665117859840393
vn -0.5235710740089417 0.0013459697365760803 -0.8519808053970337
vn -0.4152987599372864 0.24138301610946655 0.8770751357078552
vn 0.8921207189559937 0.0673556923866272 0.4467478096485138
vn -0.5602664351463318 -0.02345949411392212 0.8279800415039062
vn -0.8083648681640625 0.25387948751449585 0.5311222076416016
vn 0.9889847040176392 -0.019192636013031006 0.14676715433597565
vn 0.8377642631530762 -0.5265526175498962 0.14454390108585358
vn 0.9764984846115112 -0.1614978015422821 0.14271900057792664
vn 0.5496909022331238 -0.8353678584098816 -2.9802322387695312e-8
vn 0.9809210300445557 0.07861888408660889 -0.17779946327209473
vn 0.985590934753418 0.01717054843902588 -0.16827154159545898
vn 0.9809210300445557 0.07861888408660889 -0.17779946327209473
vn 0.8852027654647827 -0.0449410080909729 -0.4630292057991028
vn -0.7051195502281189 0.19991306960582733 0.6803240180015564
vn -0.38625892996788025 0.04086706042289734 0.9214844703674316
vn -0.8961256146430969 0.18735851347446442 0.40231242775917053
vn -0.90704345703125 -0.0012995600700378418 0.4210345447063446
vn 0.9974606037139893 0.06890007853507996 -0.018019914627075195
vn 0.9889846444129944 -0.019192636013031006 -0.14676715433597565
vn 0.9341554045677185 0.08686715364456177 -0.34613198041915894
vn 0.8852027654647827 -0.0449410080909729 -0.4630292057991028
vn 0.3790276050567627 -0.2113807648420334 -0.9009195566177368
vn 0.017753034830093384 -0.12538066506385803 -0.9919496774673462
vn 0.7382234334945679 0.09539668262004852 -0.6677766442298889
vn 0.5618787407875061 0.09388722479343414 -0.8218741416931152
vn 0.9899224638938904 0.056337058544158936 0.1299201399087906
vn 0.985590934753418 0.01717054843902588 -0.16827154159545898
vn 0.9797157049179077 0.12200236320495605 0.15897274017333984
vn 0.9202098846435547 0.18574345111846924 0.3445470631122589
vn -0.8083648681640625 0.25387948751449585 0.5311222076416016
vn -0.7069501280784607 -0.0210401713848114 0.7069501876831055
vn -0.571718156337738 0.2007911503314972 0.7955004572868347
vn 0.1927986592054367 0.03666740655899048 0.9805528521537781
vn 0.5816037654876709 0.1480175256729126 0.7998921275138855
vn 0.8676106929779053 -0.1946181058883667 0.45757538080215454
vn 0.9860349893569946 -0.09646004438400269 0.13575847446918488
vn 0.8788539171218872 0.11537623405456543 0.4629295766353607
vn 0.39563870429992676 0.1613978147506714 0.9041130542755127
vn 0.8867720365524292 -0.0909150242805481 0.45317697525024414
vn 0.8788539171218872 0.11537623405456543 0.4629295766353607
vn 0.9764984846115112 -0.1614978015422821 0.14271900057792664
vn -0.7051195502281189 0.19991306960582733 0.6803240180015564
vn -0.20636075735092163 -0.0011594295501708984 0.9784750938415527
vn -0.7069501280784607 -0.0210401713848114 0.7069501876831055
vn -0.8150761723518372 0.19957947731018066 0.5438919067382812
vn -0.7053237557411194 0.07096676528453827 0.7053237557411194
vn 0.0010751932859420776 0.10429295897483826 0.9945458173751831
vn -0.6957960724830627 0.3733939528465271 0.6135506629943848
vn -0.8704223036766052 0.3227751851081848 0.371726930141449
vn -0.8961256146430969 0.18735851347446442 0.40231242775917053
vn -0.820194661617279 -0.046346619725227356 0.5702037215232849
vn -0.7069501280784607 -0.0210401713848114 0.7069501876831055
vn 0.9229817390441895 0.13740628957748413 -0.35947704315185547
vn 0.7500602006912231 0.07081496715545654 -0.6575672030448914
vn 0.7019357681274414 0.12071500718593597 -0.7019357681274414
vn 0.20021197199821472 0.07983923703432083 -0.9764940738677979
vn 0.5821509957313538 -0.14479142427444458 0.8000844120979309
vn -0.021581783890724182 -0.8754129409790039 0.4828934669494629
vn 0.9510973691940308 -0.08468669652938843 0.29705506563186646
vn 0.8523497581481934 -0.5229716300964355 -2.9802322387695312e-8
vn 0.9963233470916748 -0.08567112684249878 -9.313225746154785e-9
vn 0.8377642631530762 -0.5265526175498962 0.14454390108585358
vn 0.9510973691940308 -0.0846867561340332 -0.29705503582954407
vn 0.367925226688385 -0.7858753800392151 -0.49702170491218567
vn 0.9341554045677185 0.08686715364456177 -0.34613198041915894
vn 0.7397011518478394 0.04703304171562195 -0.6712895035743713
vn 0.8560635447502136 0.09258577227592468 -0.5085102915763855
vn 0.7397011518478394 0.04703304171562195 -0.6712895035743713
vn 0.5855300426483154 -0.023587733507156372 -0.8103072047233582
vn -0.8213091492652893 0.046330273151397705 0.5685985684394836
vn -0.8192497491836548 -0.14396239817142487 0.5550714731216431
vn -0.904882550239563 -0.16128037869930267 0.3939236104488373
vn -0.9103178977966309 0.041317589581012726 0.41184210777282715
vn 0.9721747636795044 0.16691333055496216 0.16436506807804108
vn 0.9717204570770264 0.14391139149665833 -0.18721210956573486
vn 0.40088313817977905 0.3265882134437561 0.8559395670890808
vn 0.9821364879608154 0.18712890148162842 -0.019758936017751694
vn -0.18937891721725464 0.017427507787942886 -0.9817492961883545
vn -0.6697976589202881 -0.047028250992298126 -0.7410526275634766
vn -0.35947710275650024 0.1374063938856125 -0.9229816794395447
vn 0.1416076421737671 0.16416460275650024 -0.9762156009674072
vn -0.7340819239616394 0.31460657715797424 -0.6017857789993286
vn -0.8397645354270935 0.4096795320510864 0.3563113510608673
vn 0.9859268665313721 0.16603875160217285 -0.019466515630483627
vn 0.5450073480606079 0.3116609454154968 0.7783535122871399
vn -0.4392847418785095 0.35999149084091187 0.8230641484260559
vn 0.7939927577972412 0.28255391120910645 0.5382734537124634
vn 0.9338244199752808 0.13262224197387695 -0.33223915100097656
vn 0.962346076965332 0.1908893883228302 -0.1935223489999771
vn -0.8192497491836548 -0.14396239817142487 0.5550714731216431
vn -0.732279896736145 -0.6048566102981567 0.31291258335113525
vn -0.5911335349082947 -0.1712772399187088 0.7881781458854675
vn -0.19293925166130066 -0.8682267069816589 0.4571177065372467
vn 0.9555380940437317 0.23921853303909302 0.17239782214164734
vn 0.9809210300445557 0.07861888408660889 -0.17779946327209473
vn 0.9202100038528442 0.185743510723114 -0.3445470929145813
vn 0.8560635447502136 0.09258577227592468 -0.5085102915763855
vn 0.9515880346298218 0.08461451530456543 0.2954999804496765
vn 0.9860349893569946 -0.09646004438400269 0.13575847446918488
vn 0.9860348701477051 -0.09645992517471313 -0.1357584148645401
vn 0.9883079528808594 0.07602357864379883 0.13216429948806763
vn -0.21089881658554077 0.14620596170425415 -0.9665117859840393
vn -0.6428778171539307 0.09518695622682571 -0.76003098487854
vn 0.11759904026985168 0.1394214779138565 -0.9832252264022827
vn -0.36573052406311035 0.16238999366760254 -0.9164444208145142
vn -0.03787732124328613 0.1480655074119568 -0.9882516860961914
vn -0.35428038239479065 0.019184790551662445 -0.9349422454833984
vn -0.49850645661354065 0.14180397987365723 -0.8552091121673584
vn -0.781136155128479 -0.0013751983642578125 -0.6243588328361511
vn -0.8150761723518372 0.19957947731018066 0.5438919067382812
vn -0.7069048285484314 0.0238913893699646 0.7069048285484314
vn -0.8083648681640625 0.25387948751449585 0.5311222076416016
vn -0.7069048285484314 0.0238913893699646 0.7069048285484314
vn -0.8179481625556946 -0.0013632476329803467 0.5752900242805481
vn -0.959858238697052 0.02094687521457672 -0.27970194816589355
vn -0.8037458658218384 -0.48958325386047363 0.33808350563049316
vn -0.8810650110244751 0.0013249218463897705 -0.4729928970336914
vn -0.8158331513404846 -0.5433814525604248 -0.19786998629570007
vn 0.9202100038528442 0.185743510723114 -0.3445470929145813
vn 0.544394314289093 0.11821962893009186 -0.8304568529129028
vn 0.35947710275650024 0.13740630447864532 -0.9229816794395447
vn 0.35947710275650024 0.13740630447864532 -0.9229816794395447
vn 0.8455780148506165 0.1679268479347229 -0.5067523121833801
vn 0.962346076965332 0.1908893883228302 -0.1935223489999771
vn 0.9341554045677185 0.08686715364456177 -0.34613198041915894
vn 0.9777607917785645 0.2087620496749878 -0.020050540566444397
vn -0.38625892996788025 0.04086706042289734 0.9214844703674316
vn -0.6312553286552429 -0.575556218624115 0.5198572874069214
vn -0.7069501280784607 -0.0210401713848114 0.7069501876831055
vn -0.6312553286552429 -0.575556218624115 0.5198572874069214
vn -0.6312553286552429 -0.575556218624115 0.5198572874069214
vn 0.40887874364852905 0.2140340805053711 0.8871342539787292
vn 0.8921207189559937 0.0673556923866272 0.4467478096485138
vn 0.9997382760047913 0.015132248401641846 -0.017149776220321655
vn 0.8455780744552612 0.16792672872543335 0.5067524909973145
vn 0.8507378101348877 0.4476758539676666 0.27537453174591064
vn 0.2556522488594055 0.12717056274414062 0.9583680033683777
vn -0.9924096465110779 0.05544816330075264 -0.10976487398147583
vn -0.7449668645858765 0.25781238079071045 -0.6152698397636414
vn 0.12551626563072205 0.01888294331729412 -0.9919115900993347
vn 0.16439884901046753 -0.0011260397732257843 -0.9863932132720947
vn -0.054565489292144775 0.09019999206066132 -0.9944276213645935
vn -0.9977060556411743 -0.0676940456032753 5.960464477539063e-8
vn 0.14676706492900848 -0.01919257640838623 0.9889846444129944
vn 0.9717204570770264 0.14391139149665833 -0.18721210956573486
vn 0.9849404096603394 -0.07732024788856506 -0.1546403169631958
vn 0.8507378101348877 0.4476758539676666 0.27537453174591064
vn 0.902804970741272 0.01982736587524414 -0.42959243059158325
vn 0.16439884901046753 -0.0011260397732257843 -0.9863932132720947
vn 0.12551626563072205 0.01888294331729412 -0.9919115900993347
vn -0.054565489292144775 0.09019999206066132 -0.9944276213645935
vn -0.904882550239563 -0.16128037869930267 0.3939236104488373
vn -0.8408310413360596 -0.40629708766937256 0.3576669692993164
vn -0.7890934348106384 -0.3929297626018524 0.4721623361110687
vn -0.8192497491836548 -0.14396239817142487 0.5550714731216431
vn 0.9202100038528442 0.185743510723114 -0.3445470929145813
vn 0.8560635447502136 0.09258577227592468 -0.5085102915763855
vn 0.9202100038528442 0.185743510723114 -0.3445470929145813
vn 0.9470285177230835 0.06348064541816711 -0.31481245160102844
vn 0.7200717329978943 -0.2585279941558838 -0.6439407467842102
vn 0.9524309635162354 -0.018699586391448975 -0.3041795492172241
vn 0.8062100410461426 -0.36311444640159607 -0.4670898914337158
vn -0.05633711814880371 0.12992000579833984 -0.9899224638938904
vn -0.20375460386276245 0.10125228762626648 -0.973771870136261
vn -0.36573052406311035 0.16238999366760254 -0.9164444208145142
vn -0.6575672626495361 0.07081492990255356 -0.7500602006912231
vn 0.9717204570770264 0.14391139149665833 -0.18721210956573486
vn 0.5260137915611267 0.14292241632938385 -0.8383805751800537
vn 0.9618661999702454 0.214478999376297 0.16974109411239624
vn 0.9202100038528442 0.185743510723114 -0.3445470929145813
vn 0.76003098487854 0.09518706798553467 0.6428778171539307
vn 0.9616603851318359 -0.2742423415184021 -7.450580596923828e-9
vn 0.39345788955688477 0.06311458349227905 0.9171732664108276
vn 0.7902183532714844 -0.4453074336051941 0.42101794481277466
vn 0.9338244795799255 0.13262230157852173 0.33223918080329895
vn 0.9993430972099304 0.03177395462989807 -0.01742439717054367
vn 0.9429264068603516 0.13084959983825684 0.3062151074409485
vn 0.9993430972099304 0.03177395462989807 -0.01742439717054367
vn 0.9429264068603516 0.13084959983825684 0.3062151074409485
vn 0.9341554045677185 0.08686715364456177 -0.34613198041915894
vn 0.9501116871833801 0.041972815990448 -0.3090725541114807
vn 0.9341554045677185 0.08686715364456177 -0.34613198041915894
vn -0.8678845167160034 0.19137968122959137 -0.45842111110687256
vn -0.9757276177406311 0.03970291092991829 0.21535781025886536
vn -0.36573052406311035 0.16238999366760254 -0.9164444208145142
vn -0.6575672626495361 0.07081492990255356 -0.7500602006912231
vn -0.5244282484054565 -0.2223452776670456 -0.8219107389450073
vn -0.779823899269104 -0.14546726644039154 -0.608862578868866
vn -0.3744654655456543 0.08516738563776016 -0.923321008682251
vn -0.5085103511810303 0.09258581697940826 -0.8560635447502136
vn 0.9470285177230835 0.06348064541816711 -0.31481245160102844
vn 0.8724592328071594 -0.091763436794281 -0.47999387979507446
vn 0.39994552731513977 -0.08902904391288757 -0.9122046232223511
vn 0.7382234334945679 0.09539668262004852 -0.6677766442298889
vn 0.21447893977165222 0.1697412133216858 0.9618661403656006
vn -0.4023124575614929 0.187358558177948 0.8961256146430969
vn -0.5855614542961121 0.37233179807662964 0.7200600504875183
vn -0.7677375078201294 0.3960939943790436 0.5036748051643372
vn 0.3115772008895874 0.15510229766368866 -0.9374766945838928
vn -0.20021194219589233 0.07983916252851486 -0.9764939546585083
vn 0.3115772008895874 0.15510229766368866 -0.9374766945838928
vn -0.20021194219589233 0.07983916252851486 -0.9764939546585083
vn 0.3115772008895874 0.15510229766368866 -0.9374766945838928
vn 0.7253682613372803 0.12064643204212189 -0.6777054667472839
vn -0.21089881658554077 0.14620596170425415 -0.9665117859840393
vn 0.9202100038528442 0.185743510723114 -0.3445470929145813
vn 0.3115772008895874 0.15510229766368866 -0.9374766945838928
vn 0.8788539171218872 0.11537623405456543 0.4629295766353607
vn 0.9889847040176392 -0.019192636013031006 0.14676715433597565
vn 0.9889846444129944 -0.019192636013031006 -0.14676715433597565
vn 0.9986445307731628 0.048943012952804565 -0.01770276017487049
vn 0.9673932790756226 0.1903705894947052 0.16705983877182007
vn 0.9777607917785645 0.2087620496749878 -0.020050540566444397
vn 0.9202100038528442 0.185743510723114 -0.3445470929145813
vn 0.9717204570770264 0.14391139149665833 -0.18721210956573486
vn 0.7132229804992676 0.22729086875915527 0.6630620956420898
vn 0.9549188613891602 0.06263858079910278 0.29018279910087585
vn 0.8215081691741943 0.2257227897644043 0.5236155390739441
vn 0.9549188613891602 0.06263858079910278 0.29018279910087585
vn 0.9911109209060669 0.03729379177093506 0.1277030110359192
vn -0.8678845167160034 0.19137968122959137 -0.45842111110687256
vn -0.904882550239563 -0.16128037869930267 0.3939236104488373
vn -0.9056227803230286 -0.06662990152835846 0.41881659626960754
vn -0.9056227803230286 -0.06662990152835846 0.41881659626960754
vn -0.9537410140037537 0.15073111653327942 -0.26011112332344055
vn 0.09097029268741608 0.4548504650592804 0.8859091401100159
vn 0.10434520989656448 0.2512011229991913 0.9622939825057983
vn -0.985590934753418 0.017170555889606476 0.16827154159545898
vn -0.9618661403656006 0.2144789844751358 0.16974103450775146
vn 0.23232804238796234 -0.020358622074127197 0.9724242687225342
vn 0.9233211278915405 0.08516737818717957 -0.3744654953479767
vn 0.9455623626708984 -0.1530781388282776 -0.28719091415405273
vn -0.22320881485939026 0.08105345815420151 -0.9713947772979736
vn -0.4567129611968994 -0.020031221210956573 -0.8893883228302002
vn -0.22320881485939026 0.08105345815420151 -0.9713947772979736
vn -0.4567129611968994 -0.020031221210956573 -0.8893883228302002
vn -0.3398789167404175 -0.29068586230278015 -0.8944180011749268
vn 0.7878783345222473 0.3931301236152649 -0.4740212559700012
vn -0.3398789167404175 -0.29068586230278015 -0.8944180011749268
vn -0.03846222162246704 0.16900044679641724 -0.9848650693893433
vn -0.6088625192642212 -0.14546726644039154 -0.7798239588737488
vn -0.8270809054374695 0.25198909640312195 0.5024324655532837
vn -0.03846222162246704 0.16900044679641724 -0.9848650693893433
vn -0.7609239816665649 0.046935468912124634 0.6471410989761353
vn -0.8270809054374695 0.25198909640312195 0.5024324655532837
vn -0.7912788987159729 0.12275929749011993 0.5990055203437805
vn -0.9092495441436768 -0.18500500917434692 0.3728783428668976
vn -0.9578108191490173 -0.2845851480960846 0.040117740631103516
vn -0.6088625192642212 -0.14546726644039154 -0.7798239588737488
vn 0.9859268665313721 0.16603875160217285 -0.019466515630483627
vn 0.9555380940437317 0.23921853303909302 0.17239782214164734
vn 0.9202100038528442 0.185743510723114 -0.3445470929145813
vn 0.9202100038528442 0.185743510723114 -0.3445470929145813
vn 0.9717204570770264 0.14391139149665833 -0.18721210956573486
vn 0.5717180967330933 0.20079106092453003 0.7955005168914795
vn 0.8904210329055786 -0.022728443145751953 0.45456936955451965
vn 0.9429264068603516 0.13084959983825684 0.3062151074409485
vn 0.999444842338562 -0.033314794301986694 -2.1420419216156006e-8
vn -0.6957960724830627 0.3733939528465271 0.6135506629943848
vn 0.8215081691741943 0.2257227897644043 0.5236155390739441
vn 0.9891723394393921 0.14549970626831055 -0.019174357876181602
vn 0.9891723394393921 0.14549970626831055 -0.019174357876181602
vn 0.8083648681640625 0.2538796067237854 0.5311222076416016
vn 0.9035437107086182 0.3558526337146759 -0.23869960010051727
vn -0.24713683128356934 0.4412073493003845 -0.8627045154571533
vn 0.957658052444458 0.04141905903816223 -0.28491276502609253
vn 0.9908429384231567 -0.1300763487815857 -0.03619517385959625
vn -0.18091773986816406 0.09968945384025574 0.9784327149391174
vn 0.9035437107086182 0.3558526337146759 -0.23869960010051727
vn -0.9144428968429565 0.019623219966888428 0.40423861145973206
vn 0.8695540428161621 -0.3230210244655609 0.3735409080982208
vn 0.695591151714325 -0.2588616907596588 0.6701814532279968
vn 0.33427026867866516 -0.2594991624355316 0.9060482382774353
vn 0.2805192172527313 -0.018455207347869873 0.9596707820892334
vn -0.15897274017333984 0.12200235575437546 -0.9797157049179077
vn 0.9825783967971802 0.10055983066558838 -0.15629181265830994
vn 0.01714983955025673 0.015132308006286621 0.999738335609436
vn 0.9833800792694092 0.17200252413749695 -0.05812495946884155
vn -0.052824944257736206 0.052824966609478 -0.9972054958343506
vn -0.9773203730583191 0.017683740705251694 0.2110256850719452
vn -0.9963234066963196 -0.08567113429307938 0
vn 0.01714983955025673 0.015132308006286621 0.999738335609436
vn 0.2805192172527313 -0.018455207347869873 0.9596707820892334
vn 0.33427026867866516 -0.2594991624355316 0.9060482382774353
vn -0.18091773986816406 0.09968945384025574 0.9784327149391174
vn 0.695591151714325 -0.2588616907596588 0.6701814532279968
vn 0.9618661999702454 0.214478999376297 0.16974109411239624
vn 0.9721747636795044 0.16691333055496216 0.16436506807804108
vn 0.7132229804992676 0.22729086875915527 0.6630620956420898
vn -0.44424623250961304 0.38971787691116333 0.8066999316215515
vn 0.9889846444129944 -0.019192636013031006 -0.14676715433597565
vn 0.8523497581481934 -0.5229716300964355 -2.9802322387695312e-8
vn 0.9764986038208008 -0.1614978313446045 -0.14271903038024902
vn 0.5556273460388184 -0.8185846209526062 -0.14559224247932434
vn -0.78570955991745 0.36623427271842957 0.49853020906448364
vn -0.6962370276451111 0.2553398013114929 0.670861542224884
vn -0.9162843227386475 0.30542799830436707 -0.2591073215007782
vn -0.6367225050926208 0.1460096389055252 -0.7571427822113037
vn 0.8724592328071594 -0.091763436794281 -0.47999387979507446
vn 0.8523497581481934 -0.5229716300964355 -2.9802322387695312e-8
vn 0.7450624704360962 -0.17252466082572937 -0.6442956924438477
vn 0.18183881044387817 -0.9301753044128418 -0.31891727447509766
vn -0.7449668645858765 0.25781238079071045 -0.6152698397636414
vn -0.6957960724830627 0.3733939528465271 0.6135506629943848
vn 0.9673932194709778 0.16705983877182007 -0.19037048518657684
vn -0.7449668645858765 0.25781238079071045 -0.6152698397636414
vn -0.361324280500412 0.26616066694259644 -0.8936457633972168
vn 0.9831089973449707 0.055737197399139404 -0.17432689666748047
vn 0.9889846444129944 -0.019192636013031006 -0.14676715433597565
vn 0.9986445307731628 0.048943012952804565 -0.01770276017487049
vn 0.9673932790756226 0.1903705894947052 0.16705983877182007
vn 0.962346076965332 0.1908893883228302 -0.1935223489999771
vn 0.9202100038528442 0.185743510723114 -0.3445470929145813
vn 0.9338244199752808 0.13262224197387695 -0.33223915100097656
vn -0.5330740213394165 0.7463037371635437 0.39857539534568787
vn -0.9166126251220703 -0.15934962034225464 0.36664506793022156
vn -0.9092493653297424 -0.18500499427318573 -0.3728783130645752
vn -0.6298500299453735 -0.6012204885482788 0.49175456166267395
vn -0.6275476217269897 -0.625869631767273 0.46310994029045105
vn -0.7140703201293945 -0.3439928889274597 0.6097311973571777
vn 0.07096683979034424 0.7053238153457642 -0.7053238153457642
vn -0.9092493653297424 -0.18500499427318573 -0.3728783130645752
vn -0.7999991774559021 -0.0013697445392608643 0.5999993681907654
vn 0.28241926431655884 0.2824191153049469 -0.916776180267334
vn 0.7051196098327637 0.6803239583969116 -0.19991302490234375
vn 0.7613935470581055 -0.0013793110847473145 0.6482881307601929
vn -0.8337749242782593 -0.19484949111938477 -0.516577959060669
vn -0.5335716009140015 -0.02052190899848938 0.8455058336257935
vn -0.7751487493515015 -0.19840118288993835 -0.5998175144195557
vn 0.49073514342308044 0.04536202549934387 -0.8701269626617432
vn 0.40883710980415344 0.1130233034491539 -0.9055813550949097
vn 0.9055343866348267 0.33315446972846985 0.26270759105682373
vn 0.8951671123504639 0.29044511914253235 0.3381080627441406
vn -0.5335716009140015 -0.02052190899848938 0.8455058336257935
vn 0.7699665427207947 0.4495558440685272 0.45282524824142456
vn -0.09812280535697937 0.15869250893592834 0.9824399948120117
vn -0.7999991774559021 -0.0013697445392608643 0.5999993681907654
vn -0.06777332723140717 -0.018002182245254517 0.9975382089614868
vn -0.7140703201293945 -0.3439928889274597 0.6097311973571777
vn -0.6275476217269897 -0.625869631767273 0.46310994029045105
vn 0.7878960371017456 0.17458200454711914 0.5905424952507019
vn 0.044287584722042084 -0.5162278413772583 0.8553053140640259
vn -0.6298500299453735 -0.6012204885482788 0.49175456166267395
vn 0.31168246269226074 -0.576772928237915 0.7551069259643555
vn -0.8230642080307007 0.35999155044555664 -0.43928468227386475
vn -0.44424623250961304 0.38971787691116333 0.8066999316215515
vn 0.9338244199752808 0.13262224197387695 -0.33223915100097656
vn 0.962346076965332 0.1908893883228302 -0.1935223489999771
vn 0.9338244199752808 0.13262224197387695 -0.33223915100097656
vn 0.20021197199821472 0.07983923703432083 -0.9764940738677979
vn -0.637117862701416 -0.34469717741012573 -0.6893942356109619
vn 0.3862588107585907 0.040867000818252563 -0.9214844703674316
vn -0.18873333930969238 -0.3992435038089752 -0.8972091674804688
vn -0.9259464144706726 0.27821189165115356 -0.25538426637649536
vn -0.8179481625556946 -0.0013632476329803467 0.5752900242805481
vn -0.8701270222663879 0.04536202549934387 -0.4907352030277252
vn -0.6261558532714844 0.20253440737724304 -0.7529330253601074
vn -0.9603524208068848 -0.15128840506076813 -0.23416811227798462
vn -0.6306279897689819 -0.7098607420921326 -0.3136969804763794
vn -0.9603524208068848 -0.15128836035728455 0.23416808247566223
vn -0.5427979230880737 -0.7806710004806519 0.309714138507843
vn -0.4152987599372864 0.24138301610946655 0.8770751357078552
vn 0.20732012391090393 0.12337464094161987 0.9704620838165283
vn -0.8083648681640625 0.25387948751449585 0.5311222076416016
vn -0.5523723363876343 0.06957900524139404 0.8306883573532104
vn 0.21447893977165222 0.1697412133216858 0.9618661403656006
vn 0.39345788955688477 0.06311458349227905 0.9171732664108276
vn 0.21447893977165222 0.1697412133216858 0.9618661403656006
vn 0.9993430972099304 0.03177395462989807 -0.01742439717054367
vn 0.9764986038208008 -0.1614978313446045 -0.14271903038024902
vn 0.9860348701477051 -0.09645992517471313 -0.1357584148645401
vn 0.9831089973449707 0.055737197399139404 -0.17432689666748047
vn 0.5260137915611267 0.14292241632938385 -0.8383805751800537
vn -0.36573052406311035 0.16238999366760254 -0.9164444208145142
vn 0.962346076965332 0.1908893883228302 -0.1935223489999771
vn 0.12337464094161987 0.2073201686143875 -0.9704620838165283
vn -0.21089881658554077 0.14620596170425415 -0.9665117859840393
vn -0.05633711814880371 0.12992000579833984 -0.9899224638938904
vn 0.962346076965332 0.1908893883228302 -0.1935223489999771
vn 0.8552090525627136 0.1418038308620453 -0.49850645661354065
vn 0.5450073480606079 0.3116609454154968 0.7783535122871399
vn 0.962346076965332 0.1908893883228302 -0.1935223489999771
vn 0.9717204570770264 0.14391139149665833 -0.18721210956573486
vn -0.6957960724830627 0.3733939528465271 0.6135506629943848
vn -0.7340819239616394 0.31460657715797424 -0.6017857789993286
vn 0.5450073480606079 0.3116609454154968 0.7783535122871399
vn 0.8936457633972168 0.2661606967449188 0.361324280500412
vn -0.7340819239616394 0.31460657715797424 -0.6017857789993286
vn 0.8936457633972168 0.2661606967449188 0.361324280500412
vn 0.9123773574829102 0.21187907457351685 0.3502490520477295
vn -0.6225894689559937 0.28648728132247925 -0.7282216548919678
vn -0.6957960724830627 0.3733939528465271 0.6135506629943848
vn -0.5855614542961121 0.37233179807662964 0.7200600504875183
vn 0.5450073480606079 0.3116609454154968 0.7783535122871399
vn -0.7677375078201294 0.3960939943790436 0.5036748051643372
vn -0.7340819239616394 0.31460657715797424 -0.6017857789993286
vn 0.8552090525627136 0.1418038308620453 -0.49850645661354065
vn -0.8179481625556946 -0.0013632476329803467 0.5752900242805481
vn -0.6790996193885803 -0.459981232881546 0.5720493793487549
vn -0.90704345703125 -0.0012995600700378418 0.4210345447063446
vn -0.7482534646987915 -0.48290354013442993 0.4548853039741516
vn -0.9055812954902649 0.1130233183503151 0.40883710980415344
vn -0.8219106197357178 -0.222345232963562 0.5244280695915222
vn -0.5523723363876343 0.06957900524139404 0.8306883573532104
vn -0.4204849898815155 -0.2727058529853821 0.8653458952903748
vn -0.8961256146430969 0.18735851347446442 0.40231242775917053
vn -0.7069501280784607 -0.0210401713848114 0.7069501876831055
vn -0.8961256146430969 0.18735851347446442 0.40231242775917053
vn -0.9526287913322449 0.3033929169178009 -0.021225064992904663
vn 0.9986445307731628 0.048943012952804565 -0.01770276017487049
vn -0.8805736303329468 0.26944053173065186 0.38986074924468994
vn -0.5586789846420288 0.023450732231140137 0.8290521502494812
vn -0.6367225050926208 0.1460096389055252 -0.7571427822113037
vn -0.7825223207473755 0.33903923630714417 0.5222171545028687
vn -0.1935223639011383 0.19088944792747498 -0.9623461365699768
vn -0.8354285955429077 0.304502010345459 -0.45753392577171326
vn -0.5523723363876343 0.06957900524139404 0.8306883573532104
vn -0.7086959481239319 -0.3155154883861542 0.6310306191444397
vn 0.0010405108332633972 0.06555211544036865 0.9978485107421875
vn 0.35766690969467163 -0.4062970280647278 0.8408309817314148
vn -0.8961256146430969 0.18735851347446442 0.40231242775917053
vn -0.820194661617279 -0.046346619725227356 0.5702037215232849
vn -0.7051195502281189 0.19991306960582733 0.6803240180015564
vn -0.20636075735092163 -0.0011594295501708984 0.9784750938415527
vn -0.9357385635375977 0.3520219027996063 -0.021761417388916016
vn -0.9103178977966309 0.041317589581012726 0.41184210777282715
vn -0.9526287913322449 0.3033929169178009 -0.021225064992904663
vn -0.9103178977966309 0.041317589581012726 0.41184210777282715
vn -0.8213091492652893 0.046330273151397705 0.5685985684394836
vn 0.1927986592054367 0.03666740655899048 0.9805528521537781
vn 0.1927986592054367 0.03666740655899048 0.9805528521537781
vn -0.2073201835155487 0.12337452173233032 0.9704620242118835
vn -0.2073201835155487 0.12337452173233032 0.9704620242118835
vn -0.21804793179035187 0.19396886229515076 0.9564679265022278
vn 0.76003098487854 0.09518706798553467 0.6428778171539307
vn -0.38625892996788025 0.04086706042289734 0.9214844703674316
vn 0.2323145717382431 0.30072644352912903 0.9249827861785889
vn -0.7825223207473755 0.33903923630714417 0.5222171545028687
vn -0.8397645354270935 0.4096795320510864 0.3563113510608673
vn -0.7051195502281189 0.19991306960582733 0.6803240180015564
vn -0.4113354980945587 0.38910114765167236 0.8242590427398682
vn 0.21447893977165222 0.1697412133216858 0.9618661403656006
vn 0.8523497581481934 -0.5229716300964355 -2.9802322387695312e-8
vn -0.3738529086112976 -0.8687484264373779 -0.32482296228408813
vn 0.5729317665100098 -0.11899362504482269 -0.8109188079833984
vn 0.9510973691940308 -0.0846867561340332 -0.29705503582954407
vn 0.9891723394393921 0.14549970626831055 -0.019174357876181602
vn 0.9845602512359619 0.03611984848976135 -0.17127849161624908
vn 0.9717204570770264 0.14391139149665833 -0.18721210956573486
vn 0.9470285177230835 0.06348064541816711 -0.31481245160102844
vn 0.9974606037139893 0.06890007853507996 -0.018019914627075195
vn 0.9974606037139893 0.06890007853507996 -0.018019914627075195
vn 0.9555380940437317 0.23921853303909302 0.17239782214164734
vn 0.9821364879608154 0.18712890148162842 -0.019758936017751694
vn 0.9717204570770264 0.14391139149665833 -0.18721210956573486
vn 0.6853142976760864 0.31592506170272827 0.6561520099639893
vn 0.9891723394393921 0.14549970626831055 -0.019174357876181602
vn 0.6853142976760864 0.31592506170272827 0.6561520099639893
vn 0.2323145717382431 0.30072644352912903 0.9249827861785889
vn 0.8859091997146606 0.090969979763031 0.4548507332801819
vn 0.22896072268486023 0.27391019463539124 0.9341037273406982
vn 0.76003098487854 0.09518706798553467 0.6428778171539307
vn 0.9549188613891602 0.06263858079910278 0.29018279910087585
vn 0.20021191239356995 0.07983922958374023 0.9764940142631531
vn 0.5450073480606079 0.3116609454154968 0.7783535122871399
vn -0.20907624065876007 0.32285934686660767 0.9230647683143616
vn 0.7436482906341553 0.17255085706710815 0.6459201574325562
vn 0.21447893977165222 0.1697412133216858 0.9618661403656006
vn 0.40088313817977905 0.3265882134437561 0.8559395670890808
vn -0.4113354980945587 0.38910114765167236 0.8242590427398682
vn 0.9338244795799255 0.13262230157852173 0.33223918080329895
vn 0.40887874364852905 0.2140340805053711 0.8871342539787292
vn 0.6853142976760864 0.31592506170272827 0.6561520099639893
vn -0.6957960724830627 0.3733939528465271 0.6135506629943848
vn 0.8552091121673584 0.1418038010597229 0.4985065162181854
vn 0.9889847040176392 -0.019192636013031006 0.14676715433597565
vn 0.8552091121673584 0.1418038010597229 0.4985065162181854
vn 0.9889847040176392 -0.019192636013031006 0.14676715433597565
vn 0.8552091121673584 0.1418038010597229 0.4985065162181854
vn 0.9202098846435547 0.18574345111846924 0.3445470631122589
vn 0.9993430972099304 0.03177395462989807 -0.01742439717054367
vn 0.8859091997146606 0.090969979763031 0.4548507332801819
vn 0.3898608088493347 0.2694404125213623 0.8805736899375916
vn -0.78570955991745 0.36623427271842957 0.49853020906448364
vn 0.559572696685791 0.25549113750457764 0.788417637348175
vn 0.5668387413024902 0.28421318531036377 0.7732506394386292
vn 0.9202098846435547 0.18574345111846924 0.3445470631122589
vn 0.9963233470916748 -0.08567112684249878 -9.313225746154785e-9
vn 0.9397210478782654 -0.1777476966381073 -0.2921127676963806
vn 0.9845602512359619 0.03611984848976135 -0.17127849161624908
vn 0.9986445307731628 0.048943012952804565 -0.01770276017487049
vn 0.999444842338562 -0.033314794301986694 -2.1420419216156006e-8
vn 0.9889846444129944 -0.019192636013031006 -0.14676715433597565
vn 0.9974606037139893 0.06890007853507996 -0.018019914627075195
vn 0.9035437107086182 0.2386995553970337 0.3558526039123535
vn 0.9825783371925354 0.10055989027023315 0.15629178285598755
vn 0.6853142976760864 0.31592506170272827 0.6561520099639893
vn 0.9825783371925354 0.10055989027023315 0.15629178285598755
vn 0.6853142976760864 0.31592506170272827 0.6561520099639893
vn 0.9821364879608154 0.18712890148162842 -0.019758936017751694
vn 0.9891723394393921 0.14549970626831055 -0.019174357876181602
vn 0.40088313817977905 0.3265882134437561 0.8559395670890808
vn 0.9202098846435547 0.18574345111846924 0.3445470631122589
vn 0.40088313817977905 0.3265882134437561 0.8559395670890808
vn -0.904882550239563 -0.16128037869930267 0.3939236104488373
vn -0.732279896736145 -0.6048566102981567 0.31291258335113525
vn -0.8903124332427979 -0.24186822772026062 0.3858020305633545
vn -0.6574079990386963 -0.6849349737167358 0.314130961894989
vn -0.8944270014762878 -0.4472135901451111 0
vn -0.7890934348106384 -0.3929297626018524 0.4721623361110687
vn -0.9994447827339172 -0.0333147868514061 0
vn -0.8810650110244751 0.0013249218463897705 -0.4729928970336914
vn -0.8903124332427979 -0.24186822772026062 0.3858020305633545
vn -0.8219106197357178 -0.222345232963562 0.5244280695915222
vn -0.9055812954902649 0.1130233183503151 0.40883710980415344
vn -0.9960208535194397 0.08721916377544403 -0.01830524206161499
vn -0.49850645661354065 0.14180397987365723 -0.8552091121673584
vn -0.956467866897583 0.1939689964056015 0.2180478572845459
vn -0.7449668645858765 0.25781238079071045 -0.6152698397636414
vn -0.36573052406311035 0.16238999366760254 -0.9164444208145142
vn -0.4866343140602112 0.1931564062833786 -0.8519843220710754
vn -0.49850645661354065 0.14180397987365723 -0.8552091121673584
vn -0.8708909749984741 0.14055970311164856 -0.47094765305519104
vn -0.8708909749984741 0.14055970311164856 -0.47094765305519104
vn -0.6261558532714844 0.20253440737724304 -0.7529330253601074
vn -0.76003098487854 0.09518701583147049 -0.6428778171539307
vn -0.9603524208068848 -0.15128836035728455 0.23416808247566223
vn -0.8893883228302002 -0.020031198859214783 -0.45671290159225464
vn -0.6367225050926208 0.1460096389055252 -0.7571427822113037
vn -0.21089881658554077 0.14620596170425415 -0.9665117859840393
vn -0.5085103511810303 0.09258581697940826 -0.8560635447502136
vn -0.959858238697052 0.02094687521457672 -0.27970194816589355
vn -0.959858238697052 0.02094687521457672 -0.27970194816589355
vn -0.6261558532714844 0.20253440737724304 -0.7529330253601074
vn -0.4866343140602112 0.1931564062833786 -0.8519843220710754
vn -0.7571427822113037 0.14600957930088043 -0.6367225646972656
vn 0.5067524909973145 0.16792672872543335 -0.8455780744552612
vn -0.21089881658554077 0.14620596170425415 -0.9665117859840393
vn 0.9717204570770264 0.14391139149665833 -0.18721210956573486
vn 0.9202100038528442 0.185743510723114 -0.3445470929145813
vn 0.3115772008895874 0.15510229766368866 -0.9374766945838928
vn 0.3115772008895874 0.15510229766368866 -0.9374766945838928
vn 0.9338244199752808 0.13262224197387695 -0.33223915100097656
vn -0.228960782289505 0.27391013503074646 -0.9341037273406982
vn -0.34454697370529175 0.1857435405254364 -0.9202098846435547
vn 0.9859268665313721 0.16603875160217285 -0.019466515630483627
vn 0.9202100038528442 0.185743510723114 -0.3445470929145813
vn -0.8528668284416199 -0.30128443241119385 -0.42643338441848755
vn -0.9128955602645874 -0.3498952388763428 0.21022522449493408
vn -0.6575672626495361 0.07081492990255356 -0.7500602006912231
vn -0.7711244821548462 0.07062644511461258 -0.6327545046806335
vn -0.6575672626495361 0.07081492990255356 -0.7500602006912231
vn 0.4985065460205078 0.14180386066436768 -0.8552091121673584
vn 0.1616663634777069 0.1441211998462677 -0.9762645959854126
vn -0.5173178911209106 0.11737464368343353 -0.8477057814598083
vn -0.21089881658554077 0.14620596170425415 -0.9665117859840393
vn -0.3821088671684265 0.11173586547374725 -0.9173372387886047
vn -0.5173178911209106 0.11737464368343353 -0.8477057814598083
vn -0.05633711814880371 0.12992000579833984 -0.9899224638938904
vn -0.21089881658554077 0.14620596170425415 -0.9665117859840393
vn -0.36573052406311035 0.16238999366760254 -0.9164444208145142
vn -0.6575672626495361 0.07081492990255356 -0.7500602006912231
vn -0.05633711814880371 0.12992000579833984 -0.9899224638938904
vn -0.3744654655456543 0.08516738563776016 -0.923321008682251
vn -0.6482880115509033 -0.0013792291283607483 -0.761393666267395
vn -0.20021194219589233 0.07983916252851486 -0.9764939546585083
vn -0.35947710275650024 0.1374063938856125 -0.9229816794395447
vn -0.03787732124328613 0.1480655074119568 -0.9882516860961914
vn -0.05633711814880371 0.12992000579833984 -0.9899224638938904
vn -0.5260667204856873 0.06910796463489532 -0.8476304411888123
vn 0.7019357681274414 0.12071500718593597 -0.7019357681274414
vn 0.39345794916152954 0.06311453878879547 -0.9171733856201172
vn 0.1616663634777069 0.1441211998462677 -0.9762645959854126
vn -0.1884651780128479 -0.01977725699543953 -0.9818805456161499
vn 0.7382234334945679 0.09539668262004852 -0.6677766442298889
vn 0.39994552731513977 -0.08902904391288757 -0.9122046232223511
vn 0.35947710275650024 0.13740630447864532 -0.9229816794395447
vn 0.19279861450195312 0.03666722774505615 -0.9805529117584229
vn 0.1616663634777069 0.1441211998462677 -0.9762645959854126
vn -0.18937891721725464 0.017427507787942886 -0.9817492961883545
vn 0.8560635447502136 0.09258577227592468 -0.5085102915763855
vn 0.7253682613372803 0.12064643204212189 -0.6777054667472839
vn 0.9202100038528442 0.185743510723114 -0.3445470929145813
vn 0.962346076965332 0.1908893883228302 -0.1935223489999771
vn 0.8383806943893433 0.14292263984680176 -0.5260139107704163
vn 0.9821364879608154 0.18712890148162842 -0.019758936017751694
vn 0.6767745614051819 -0.5950949788093567 -0.4334024488925934
vn -0.6002951860427856 -0.6522759199142456 -0.46279728412628174
vn 0.739612877368927 -0.09538647532463074 -0.6662386655807495
vn 0.20584821701049805 -0.12325488775968552 -0.9707906246185303
vn 0.9501116871833801 0.041972815990448 -0.3090725541114807
vn 0.8455989360809326 -0.2496967911720276 -0.47181960940361023
vn 0.5685985684394836 0.046330273151397705 -0.8213091492652893
vn -0.17915362119674683 -0.29078003764152527 -0.9398672580718994
vn 0.8635164499282837 0.06857743859291077 -0.4996360242366791
vn 0.739612877368927 -0.09538647532463074 -0.6662386655807495
vn 0.5618787407875061 0.09388722479343414 -0.8218741416931152
vn 0.018884003162384033 -0.21126464009284973 -0.9772462844848633
vn 0.8383806943893433 0.14292263984680176 -0.5260139107704163
vn 0.39345794916152954 0.06311453878879547 -0.9171733856201172
vn 0.9717204570770264 0.14391139149665833 -0.18721210956573486
vn 0.8701270222663879 0.04536202549934387 -0.49073514342308044
vn 0.9341554045677185 0.08686715364456177 -0.34613198041915894
vn 0.9341554045677185 0.08686715364456177 -0.34613198041915894
vn 0.9777607917785645 0.2087620496749878 -0.020050540566444397
vn 0.962346076965332 0.1908893883228302 -0.1935223489999771
vn 0.9229817390441895 0.13740628957748413 -0.35947704315185547
vn 0.9618661999702454 0.214478999376297 0.16974109411239624
vn 0.9717204570770264 0.14391139149665833 -0.18721210956573486
vn 0.9618661999702454 0.214478999376297 0.16974109411239624
vn -0.5712617635726929 0.1189517080783844 0.812102198600769
vn -0.39609068632125854 -0.0012860298156738281 0.9182103276252747
vn -0.20636075735092163 -0.0011594295501708984 0.9784750938415527
vn -0.38889336585998535 0.13618290424346924 0.9111618995666504
vn -0.5911335349082947 -0.1712772399187088 0.7881781458854675
vn -0.02235676348209381 -0.7727043032646179 0.6343719959259033
vn 0.900000810623169 -0.413091778755188 0.1391168236732483
vn -0.5800821185112 -0.0700099766254425 0.8115436434745789
vn 0.39345788955688477 0.06311458349227905 0.9171732664108276
vn 0.606177031993866 0.06735306978225708 0.7924725413322449
vn 0.21447893977165222 0.1697412133216858 0.9618661403656006
vn 0.7290191054344177 0.19966769218444824 0.6547240614891052
vn 0.957658052444458 0.04141896963119507 0.28491273522377014
vn 0.9911109209060669 0.03729379177093506 0.1277030110359192
vn 0.5717180967330933 0.20079106092453003 0.7955005168914795
vn 0.9338244795799255 0.13262230157852173 0.33223918080329895
vn 0.9899224638938904 0.056337058544158936 0.1299201399087906
vn 0.9845602512359619 0.03611984848976135 -0.17127849161624908
vn 0.9753826260566711 0.12145331501960754 -0.18405801057815552
vn 0.9941824674606323 0.10608983039855957 -0.018592961132526398
vn 0.9986445307731628 0.048943012952804565 -0.01770276017487049
vn 0.9941824674606323 0.10608983039855957 -0.018592961132526398
vn 0.9986445307731628 0.048943012952804565 -0.01770276017487049
vn 0.9993430972099304 0.03177395462989807 -0.01742439717054367
vn 0.9941824674606323 0.10608983039855957 -0.018592961132526398
vn 0.9986445307731628 0.048943012952804565 -0.01770276017487049
vn 0.999444842338562 -0.033314794301986694 -2.1420419216156006e-8
vn 0.9524309635162354 -0.018699586391448975 -0.3041795492172241
vn 0.9382692575454712 0.06430095434188843 -0.3398764729499817
vn 0.9889846444129944 -0.019192636013031006 -0.14676715433597565
vn 0.9889846444129944 -0.019192636013031006 -0.14676715433597565
vn 0.9986445307731628 0.048943012952804565 -0.01770276017487049
vn 0.9845602512359619 0.03611984848976135 -0.17127849161624908
vn 0.9510973691940308 -0.0846867561340332 -0.29705503582954407
vn 0.8724592328071594 -0.091763436794281 -0.47999387979507446
vn 0.9382692575454712 0.06430095434188843 -0.3398764729499817
vn 0.9986445307731628 0.048943012952804565 -0.01770276017487049
vn 0.9860348701477051 -0.09645992517471313 -0.1357584148645401
vn 0.9470285177230835 0.06348064541816711 -0.31481245160102844
vn 0.8724592328071594 -0.091763436794281 -0.47999387979507446
vn 0.9501116871833801 0.041972815990448 -0.3090725541114807
vn 0.8701270222663879 0.04536202549934387 -0.49073514342308044
vn 0.9341554045677185 0.08686715364456177 -0.34613198041915894
vn -0.36662837862968445 0.29420799016952515 -0.8826239109039307
vn 0.6962369680404663 0.25533998012542725 0.670861542224884
vn 0.7939927577972412 0.28255391120910645 0.5382734537124634
vn -0.17915362119674683 -0.29078003764152527 -0.9398672580718994
vn -0.8083972930908203 -0.4154263734817505 -0.41703033447265625
vn -0.3676900267601013 0.06238788366317749 -0.9278531074523926
vn 0.20021197199821472 0.07983923703432083 -0.9764940738677979
vn 0.22159111499786377 0.2188723385334015 0.9502589106559753
vn 0.39345788955688477 0.06311458349227905 0.9171732664108276
vn 0.7436482906341553 0.17255085706710815 0.6459201574325562
vn 0.959670901298523 -0.018455207347869873 0.28051912784576416
vn 0.5717180967330933 0.20079106092453003 0.7955005168914795
vn 0.957658052444458 0.04141896963119507 0.28491273522377014
vn 0.40231239795684814 0.18735849857330322 0.8961255550384521
vn 0.8904210329055786 -0.022728443145751953 0.45456936955451965
vn 0.40231239795684814 0.18735849857330322 0.8961255550384521
vn -0.9678570628166199 -0.25149986147880554 0
vn -0.8695540428161621 -0.3230210542678833 0.37354087829589844
vn -0.9589896202087402 0.08344624191522598 -0.2708791494369507
vn -0.8715288639068604 0.09181419759988785 -0.48167145252227783
vn 0.9825783371925354 0.10055989027023315 0.15629178285598755
vn 0.999444842338562 -0.033314794301986694 -2.1420419216156006e-8
vn 0.9974606037139893 0.06890007853507996 -0.018019914627075195
vn 0.9524309635162354 -0.018699586391448975 -0.3041795492172241
vn 0.368423193693161 -0.29443642497062683 0.8817999958992004
vn 0.9510973691940308 -0.08468669652938843 0.29705506563186646
vn -0.20021198689937592 0.07983911037445068 0.9764941334724426
vn 0.39563870429992676 0.1613978147506714 0.9041130542755127
vn -0.2073201835155487 0.12337452173233032 0.9704620242118835
vn -0.01714983955025673 0.015132158994674683 0.9997382164001465
vn 0.5717180967330933 0.20079106092453003 0.7955005168914795
vn 0.8921207189559937 0.0673556923866272 0.4467478096485138
vn 0.3855621814727783 -0.04357391595840454 0.9216521978378296
vn 0.8377642631530762 -0.5265526175498962 0.14454390108585358
vn 0.368423193693161 -0.29443642497062683 0.8817999958992004
vn 0.3353821635246277 -0.8210533857345581 0.46194133162498474
vn 0.35947710275650024 0.13740630447864532 -0.9229816794395447
vn 0.19279861450195312 0.03666722774505615 -0.9805529117584229
vn -0.35428038239479065 0.019184790551662445 -0.9349422454833984
vn -0.037293851375579834 0.12770286202430725 -0.9911109209060669
vn -0.4942092299461365 0.2204934060573578 -0.8409159183502197
vn -0.8805736303329468 0.26944053173065186 0.38986074924468994
vn -0.78570955991745 0.36623427271842957 0.49853020906448364
vn -0.20281215012073517 0.26627734303474426 0.9423179030418396
vn -0.35404959321022034 -0.11030001938343048 -0.9286993741989136
vn -0.7498988509178162 -0.28559964895248413 -0.5967279672622681
vn -0.5085103511810303 0.09258581697940826 -0.8560635447502136
vn -0.20375460386276245 0.10125228762626648 -0.973771870136261
vn -0.7676675319671631 -0.6168756484985352 0.17363911867141724
vn -0.5282689332962036 -0.8366715908050537 -0.1446099877357483
vn -0.7498988509178162 -0.28559964895248413 -0.5967279672622681
vn -0.6697976589202881 -0.047028250992298126 -0.7410526275634766
vn 0.962346076965332 0.1908893883228302 -0.1935223489999771
vn 0.9229817390441895 0.13740628957748413 -0.35947704315185547
vn 0.8383806943893433 0.14292263984680176 -0.5260139107704163
vn -0.7285770177841187 -0.2030715048313141 0.6541690826416016
vn -0.6029319763183594 -0.6281944513320923 0.49177679419517517
vn 0.8678269386291504 -0.398772656917572 0.2964057922363281
vn -0.2139587253332138 -0.039666593074798584 0.9760369062423706
vn 0.985590934753418 0.01717054843902588 -0.16827154159545898
vn 0.9534271955490112 -0.26038968563079834 -0.15222793817520142
vn 0.9889846444129944 -0.019192636013031006 -0.14676715433597565
vn 0.9534271955490112 -0.26038968563079834 -0.15222793817520142
vn 0.8816994428634644 -0.3698909282684326 -0.2928934693336487
vn 0.985590934753418 0.01717054843902588 -0.16827154159545898
vn 0.9911109209060669 0.03729379177093506 0.1277030110359192
vn 0.9891723394393921 0.14549970626831055 -0.019174357876181602
vn 0.8215081691741943 0.2257227897644043 0.5236155390739441
vn 0.8701270222663879 0.04536202549934387 -0.49073514342308044
vn 0.5729317665100098 -0.11899362504482269 -0.8109188079833984
vn 0.739612877368927 -0.09538647532463074 -0.6662386655807495
vn 0.9382692575454712 0.06430095434188843 -0.3398764729499817
vn -0.8397645354270935 0.4096795320510864 0.3563113510608673
vn 0.22159111499786377 0.2188723385334015 0.9502589106559753
vn 0.23556797206401825 0.3280610144138336 0.914813220500946
vn 0.8455780744552612 0.16792672872543335 0.5067524909973145
vn 0.9825783371925354 0.10055989027023315 0.15629178285598755
vn 0.999444842338562 -0.033314794301986694 -2.1420419216156006e-8
vn 0.9974606037139893 0.06890007853507996 -0.018019914627075195
vn -0.5067522525787354 0.16792680323123932 -0.8455780744552612
vn -0.6261558532714844 0.20253440737724304 -0.7529330253601074
vn 0.9202100038528442 0.185743510723114 -0.3445470929145813
vn -0.6261558532714844 0.20253440737724304 -0.7529330253601074
vn -0.19665572047233582 0.21538488566875458 -0.9565227031707764
vn -0.2073201835155487 0.12337452173233032 0.9704620242118835
vn -0.018061012029647827 -0.1478746235370636 0.9888410568237305
vn 0.39563870429992676 0.1613978147506714 0.9041130542755127
vn 0.8676106929779053 -0.1946181058883667 0.45757538080215454
vn 0.8852027654647827 -0.0449410080909729 -0.4630292057991028
vn -0.17951053380966187 -0.09959153831005096 -0.9787017703056335
vn 0.1616663634777069 0.1441211998462677 -0.9762645959854126
vn 0.8560635447502136 0.09258577227592468 -0.5085102915763855
vn 0.9515880346298218 0.08461451530456543 0.2954999804496765
vn 0.999444842338562 -0.033314794301986694 -2.1420419216156006e-8
vn 0.999444842338562 -0.033314794301986694 -2.1420419216156006e-8
vn 0.9429264068603516 0.13084959983825684 0.3062151074409485
vn 0.9338244199752808 0.13262224197387695 -0.33223915100097656
vn 0.7114550471305847 0.14652037620544434 -0.6872866153717041
vn -0.6344603300094604 0.23028568923473358 -0.7378538846969604
vn -0.06002151966094971 0.21926216781139374 -0.9738178253173828
vn 0.7347655296325684 0.14634953439235687 -0.6623451709747314
vn -0.21089881658554077 0.14620596170425415 -0.9665117859840393
vn 0.9338244199752808 0.13262224197387695 -0.33223915100097656
vn -0.34454697370529175 0.1857435405254364 -0.9202098846435547
vn 0.9717204570770264 0.14391139149665833 -0.18721210956573486
vn 0.8701270222663879 0.04536202549934387 -0.49073514342308044
vn 0.9721747636795044 0.16691333055496216 0.16436506807804108
vn 0.9845602512359619 0.03611984848976135 -0.17127849161624908
vn -0.7529330253601074 0.20253434777259827 -0.6261558532714844
vn -0.9724242091178894 -0.020358748733997345 0.2323278784751892
vn -0.6575672626495361 0.07081492990255356 -0.7500602006912231
vn -0.36573052406311035 0.16238999366760254 -0.9164444208145142
vn -0.6428778171539307 0.09518695622682571 -0.76003098487854
vn -0.8867721557617188 -0.09091509878635406 -0.45317697525024414
vn -0.3744654655456543 0.08516738563776016 -0.923321008682251
vn -0.6697976589202881 -0.047028250992298126 -0.7410526275634766
vn 0.9809210300445557 0.07861888408660889 -0.17779946327209473
vn 0.985590934753418 0.01717054843902588 -0.16827154159545898
vn 0.7397011518478394 0.04703304171562195 -0.6712895035743713
vn 0.8560635447502136 0.09258577227592468 -0.5085102915763855
vn 0.3898608088493347 0.2694404125213623 0.8805736899375916
vn -0.8083648681640625 0.25387948751449585 0.5311222076416016
vn 0.962346076965332 0.1908893883228302 -0.1935223489999771
vn -0.9055343866348267 0.3331543803215027 -0.2627077102661133
vn 0.962346076965332 0.1908893883228302 -0.1935223489999771
vn 0.9831089973449707 0.055737197399139404 -0.17432689666748047
vn 0.9510973691940308 -0.0846867561340332 -0.29705503582954407
vn 0.8635164499282837 0.06857743859291077 -0.4996360242366791
vn 0.5638639330863953 -0.1703653335571289 -0.8081044554710388
vn -0.6261558532714844 0.20253440737724304 -0.7529330253601074
vn -0.6575672626495361 0.07081492990255356 -0.7500602006912231
vn -0.8460652232170105 0.2463228851556778 -0.47275614738464355
vn -0.9724242091178894 -0.020358748733997345 0.2323278784751892
vn 0.9891723394393921 0.14549970626831055 -0.019174357876181602
vn 0.8383806943893433 0.14292263984680176 -0.5260139107704163
vn 0.8083648681640625 0.2538796067237854 0.5311222076416016
vn 0.962346076965332 0.1908893883228302 -0.1935223489999771
vn -0.7677375078201294 0.3960939943790436 0.5036748051643372
vn -0.2073201835155487 0.12337452173233032 0.9704620242118835
vn 0.23556797206401825 0.3280610144138336 0.914813220500946
vn 0.7436482906341553 0.17255085706710815 0.6459201574325562
vn 0.7290191054344177 0.19966769218444824 0.6547240614891052
vn 0.9899224638938904 0.056337058544158936 0.1299201399087906
vn 0.9825783371925354 0.10055989027023315 0.15629178285598755
vn 0.9845602512359619 0.03611984848976135 -0.17127849161624908
vn -0.5712617635726929 0.1189517080783844 0.812102198600769
vn -0.5602664351463318 -0.02345949411392212 0.8279800415039062
vn -0.2073201835155487 0.12337452173233032 0.9704620242118835
vn -0.01714983955025673 0.015132158994674683 0.9997382164001465
vn -0.35947710275650024 0.1374063938856125 -0.9229816794395447
vn -0.5260667204856873 0.06910796463489532 -0.8476304411888123
vn -0.21089881658554077 0.14620596170425415 -0.9665117859840393
vn -0.5235710740089417 0.0013459697365760803 -0.8519808053970337
vn -0.21089881658554077 0.14620596170425415 -0.9665117859840393
vn 0.9717204570770264 0.14391139149665833 -0.18721210956573486
vn 0.9470285177230835 0.06348064541816711 -0.31481245160102844
vn 0.9229817390441895 0.13740628957748413 -0.35947704315185547
vn 0.5784609317779541 0.06998658180236816 -0.812701940536499
vn -0.6957960724830627 0.3733939528465271 0.6135506629943848
vn -0.4023124575614929 0.187358558177948 0.8961256146430969
vn -0.9526287913322449 0.3033929169178009 -0.021225064992904663
vn -0.9684088826179504 0.10280616581439972 0.22718888521194458
vn 0.9534271955490112 -0.26038968563079834 -0.15222793817520142
vn 0.900000810623169 -0.413091778755188 0.1391168236732483
vn 0.957658052444458 0.04141896963119507 0.28491273522377014
vn 0.9899224638938904 0.056337058544158936 0.1299201399087906
vn -0.17915362119674683 -0.29078003764152527 -0.9398672580718994
vn -0.637117862701416 -0.34469717741012573 -0.6893942356109619
vn 0.20021197199821472 0.07983923703432083 -0.9764940738677979
vn -0.018593132495880127 0.10608986020088196 -0.9941825270652771
vn -0.7086959481239319 -0.3155154883861542 0.6310306191444397
vn -0.7086959481239319 -0.3155154883861542 0.6310306191444397
vn -0.7019357085227966 0.12071500718593597 0.7019357681274414
vn -0.9055812954902649 0.1130233183503151 0.40883710980415344
vn -0.9859268665313721 0.16603875160217285 -0.0194665789604187
vn -0.9056227803230286 -0.06662990152835846 0.41881659626960754
vn -0.8150761723518372 0.19957947731018066 0.5438919067382812
vn -0.5602664351463318 -0.02345949411392212 0.8279800415039062
vn -0.35947710275650024 0.1374063938856125 -0.9229816794395447
vn -0.781136155128479 -0.0013751983642578125 -0.6243588328361511
vn -0.21089881658554077 0.14620596170425415 -0.9665117859840393
vn -0.6482880115509033 -0.0013792291283607483 -0.761393666267395
vn 0.9167929887771606 -0.2559499144554138 -0.30656182765960693
vn 0.916878879070282 -0.3653409481048584 -0.16080646216869354
vn 0.999444842338562 -0.033314794301986694 -2.1420419216156006e-8
vn 0.9997382760047913 0.015132248401641846 -0.017149776220321655
vn -0.9085124731063843 0.3745998740196228 0.18514710664749146
vn -0.8805736303329468 0.26944053173065186 0.38986074924468994
vn -0.7677375078201294 0.3960939943790436 0.5036748051643372
vn -0.8083648681640625 0.25387948751449585 0.5311222076416016
vn -0.8704223036766052 0.3227751851081848 0.371726930141449
vn -0.7051195502281189 0.19991306960582733 0.6803240180015564
vn -0.8569914102554321 0.351784884929657 0.3765803873538971
vn -0.7051195502281189 0.19991306960582733 0.6803240180015564
vn -0.8961256146430969 0.18735851347446442 0.40231242775917053
vn -0.2145632803440094 0.3780401051044464 0.9005820155143738
vn 0.5717180967330933 0.20079106092453003 0.7955005168914795
vn 0.6962369680404663 0.25533998012542725 0.670861542224884
vn 0.9883079528808594 0.07602357864379883 0.13216429948806763
vn 0.8904210329055786 -0.022728443145751953 0.45456936955451965
vn 0.9534273147583008 -0.26038968563079834 0.15222789347171783
vn 0.9616603851318359 -0.2742423415184021 -7.450580596923828e-9
vn 0.959670901298523 -0.018455207347869873 0.28051912784576416
vn -0.49850645661354065 0.14180397987365723 -0.8552091121673584
vn -0.7720429301261902 0.020941533148288727 -0.6352251172065735
vn -0.21089881658554077 0.14620596170425415 -0.9665117859840393
vn -0.5260667204856873 0.06910796463489532 -0.8476304411888123
vn -0.6428778171539307 0.09518695622682571 -0.76003098487854
vn -0.9426787495613098 -0.2474185973405838 -0.22392067313194275
vn -0.9589896202087402 0.08344624191522598 -0.2708791494369507
vn -0.8903124332427979 -0.24186822772026062 0.3858020305633545
vn 0.3062151372432709 0.13084961473941803 -0.9429265260696411
vn 0.0010587573051452637 0.08576139062643051 -0.9963149428367615
vn 0.9229817390441895 0.13740628957748413 -0.35947704315185547
vn 0.5784609317779541 0.06998658180236816 -0.812701940536499
vn -0.8230642080307007 0.35999155044555664 -0.43928468227386475
vn 0.5450073480606079 0.3116609454154968 0.7783535122871399
vn 0.9777607917785645 0.2087620496749878 -0.020050540566444397
vn 0.9777607917785645 0.2087620496749878 -0.020050540566444397
vn 0.9673932790756226 0.1903705894947052 0.16705983877182007
vn 0.9341554045677185 0.08686715364456177 -0.34613198041915894
vn 0.8852027654647827 -0.0449410080909729 -0.4630292057991028
vn 0.7253682613372803 0.12064643204212189 -0.6777054667472839
vn 0.3862588107585907 0.040867000818252563 -0.9214844703674316
vn 0.8571720719337463 -0.22183866798877716 -0.464804470539093
vn 0.8095709681510925 -0.2537693977355957 -0.5293349623680115
vn -0.039571136236190796 -0.2609226703643799 -0.9645481705665588
vn -0.046330273151397705 0.5685986280441284 -0.8213092088699341
vn -0.8218740820884705 0.09388729184865952 -0.5618786811828613
vn -0.8103071451187134 -0.023587726056575775 -0.585530161857605
vn -0.5236154794692993 0.8215082287788391 -0.2257228046655655
vn 0.09294649958610535 -0.07367715984582901 -0.9929413795471191
vn -0.6088625192642212 -0.14546726644039154 -0.7798239588737488
vn -0.02037668228149414 0.9720872640609741 -0.2337324321269989
vn -0.17471060156822205 0.9828959703445435 -0.05823688581585884
vn 0.2782120406627655 0.9259464144706726 -0.25538429617881775
vn 0.16439884901046753 -0.0011260397732257843 -0.9863932132720947
vn -0.03846222162246704 0.16900044679641724 -0.9848650693893433
vn -0.7449668645858765 0.25781238079071045 -0.6152698397636414
vn 0.8507378101348877 0.4476758539676666 0.27537453174591064
vn -0.37911561131477356 0.019408658146858215 -0.9251455068588257
vn 0.902804970741272 0.01982736587524414 -0.42959243059158325
vn 0.7347655296325684 0.14634953439235687 -0.6623451709747314
vn 0.3062151372432709 0.13084961473941803 -0.9429265260696411
vn 0.9909290075302124 0.1116376519203186 -0.074808768928051
vn 0.6352251768112183 0.020941436290740967 0.7720426917076111
vn 0.9908429384231567 -0.1300763487815857 -0.03619517385959625
vn 0.9035437107086182 0.3558526337146759 -0.23869960010051727
vn 0.8507378101348877 0.4476758539676666 0.27537453174591064
vn 0.9707905650138855 -0.12325477600097656 0.20584820210933685
vn 0.9704620838165283 0.12337470054626465 0.20732006430625916
vn -0.18091773986816406 0.09968945384025574 0.9784327149391174
vn 0.695591151714325 -0.2588616907596588 0.6701814532279968
vn 0.47316813468933105 0.06799185276031494 0.8783442974090576
vn -0.37843990325927734 -0.022032558917999268 0.9253634810447693
vn -0.66059809923172 0.023843318223953247 0.7503607869148254
vn -0.984635055065155 -0.03849871829152107 0.17032784223556519
vn -0.5330740213394165 0.7463037371635437 0.39857539534568787
vn 0.7613935470581055 -0.0013793110847473145 0.6482881307601929
vn -0.8270809054374695 0.25198909640312195 0.5024324655532837
vn 0.6802903413772583 -0.0709238052368164 0.7295028567314148
vn 0.31168246269226074 -0.576772928237915 0.7551069259643555
vn -0.7912788987159729 0.12275929749011993 0.5990055203437805
vn -0.9166126251220703 -0.15934962034225464 0.36664506793022156
vn -0.9092495441436768 -0.18500500917434692 0.3728783428668976
vn -0.6298500299453735 -0.6012204885482788 0.49175456166267395
vn -0.9619014859199524 -0.059174586087465286 -0.26691508293151855
vn -0.03846222162246704 0.16900044679641724 -0.9848650693893433
vn -0.6840729713439941 0.02387934923171997 -0.7290222644805908
vn -0.37911561131477356 0.019408658146858215 -0.9251455068588257
vn 0.3062151372432709 0.13084961473941803 -0.9429265260696411
vn -0.24091728031635284 -0.0608501136302948 0.9686360955238342
vn 0.40088313817977905 0.3265882134437561 0.8559395670890808
vn 0.8552091121673584 0.1418038010597229 0.4985065162181854
vn 0.9035437107086182 0.2386995553970337 0.3558526039123535
vn 0.9974606037139893 0.06890007853507996 -0.018019914627075195
vn 0.3115772008895874 0.15510229766368866 -0.9374766945838928
vn -0.037293851375579834 0.12770286202430725 -0.9911109209060669
vn 0.11759904026985168 0.1394214779138565 -0.9832252264022827
vn -0.037293851375579834 0.12770286202430725 -0.9911109209060669
vn -0.21089881658554077 0.14620596170425415 -0.9665117859840393
vn 0.985590934753418 0.01717054843902588 -0.16827154159545898
vn 0.9534271955490112 -0.26038968563079834 -0.15222793817520142
vn 0.8701270222663879 0.04536202549934387 -0.49073514342308044
vn 0.3829926550388336 -0.3814229965209961 -0.841327965259552
vn -0.3676900267601013 0.06238788366317749 -0.9278531074523926
vn -0.6241511702537537 -0.4322330355644226 -0.6508527994155884
vn -0.781136155128479 -0.0013751983642578125 -0.6243588328361511
vn -0.8523496985435486 -0.5229716300964355 5.960464477539063e-8
vn 0.7500602006912231 0.07081496715545654 -0.6575672030448914
vn -0.17915362119674683 -0.29078003764152527 -0.9398672580718994
vn 0.8701270222663879 0.04536202549934387 -0.49073514342308044
vn 0.3829926550388336 -0.3814229965209961 -0.841327965259552
vn 0.8701270222663879 0.04536202549934387 -0.49073514342308044
vn -0.9603524208068848 -0.15128836035728455 0.23416808247566223
vn -0.7676675319671631 -0.6168756484985352 0.17363911867141724
vn -0.8192497491836548 -0.14396239817142487 0.5550714731216431
vn -0.5360705852508545 -0.7263423800468445 0.43017998337745667
vn 0.5450073480606079 0.3116609454154968 0.7783535122871399
vn -0.5736355185508728 0.31333017349243164 0.7568132877349854
vn -0.6957960724830627 0.3733939528465271 0.6135506629943848
vn -0.9085124731063843 0.3745998740196228 0.18514710664749146
vn -0.8460652232170105 0.2463228851556778 -0.47275614738464355
vn -0.9757276177406311 0.03970291092991829 0.21535781025886536
vn -0.8704223036766052 0.3227751851081848 0.371726930141449
vn -0.5523723363876343 0.06957900524139404 0.8306883573532104
vn -0.5736355185508728 0.31333017349243164 0.7568132877349854
vn -0.19670118391513824 0.059131085872650146 0.9786786437034607
vn -0.40088310837745667 0.3265882134437561 0.8559395670890808
vn -0.19670118391513824 0.059131085872650146 0.9786786437034607
vn 0.20021191239356995 0.07983922958374023 0.9764940142631531
vn 0.8788539171218872 0.11537623405456543 0.4629295766353607
vn 0.9860349893569946 -0.09646004438400269 0.13575847446918488
vn 0.9883079528808594 0.07602357864379883 0.13216429948806763
vn 0.9860348701477051 -0.09645992517471313 -0.1357584148645401
vn -0.9537410140037537 0.15073111653327942 -0.26011112332344055
vn -0.9603524208068848 -0.15128836035728455 0.23416808247566223
vn -0.3821088671684265 0.11173586547374725 -0.9173372387886047
vn -0.6482880115509033 -0.0013792291283607483 -0.761393666267395
vn 0.3916546106338501 -0.2696390151977539 -0.8797166347503662
vn -0.5069651007652283 -0.4296035170555115 -0.7472796440124512
vn 0.19279861450195312 0.03666722774505615 -0.9805529117584229
vn 0.7397011518478394 0.04703304171562195 -0.6712895035743713
vn -0.5085103511810303 0.09258581697940826 -0.8560635447502136
vn -0.7498988509178162 -0.28559964895248413 -0.5967279672622681
vn -0.8701270222663879 0.04536202549934387 -0.4907352030277252
vn -0.9374602437019348 -0.3480917811393738 5.960464477539063e-8
vn -0.05633711814880371 0.12992000579833984 -0.9899224638938904
vn -0.3676900267601013 0.06238788366317749 -0.9278531074523926
vn -0.49850645661354065 0.14180397987365723 -0.8552091121673584
vn -0.8810650110244751 0.0013249218463897705 -0.4729928970336914
vn -0.6344603300094604 0.23028568923473358 -0.7378538846969604
vn -0.8708909749984741 0.14055970311164856 -0.47094765305519104
vn -0.8961256146430969 0.40231239795684814 0.1873585283756256
vn -0.8150761723518372 0.19957947731018066 0.5438919067382812
vn -0.9423179030418396 0.2662773132324219 0.20281216502189636
vn -0.716973602771759 -0.09549841284751892 0.6905279159545898
vn -0.9659615159034729 -0.08218260854482651 0.24528339505195618
vn -0.8678845167160034 0.19137968122959137 -0.45842111110687256
vn -0.8569914102554321 0.351784884929657 0.3765803873538971
vn -0.8213091492652893 0.046330273151397705 0.5685985684394836
vn -0.6909670233726501 0.34466665983200073 0.635428249835968
vn -0.20021198689937592 0.07983911037445068 0.9764941334724426
vn -0.9993430376052856 0.03177397698163986 -0.017424464225769043
vn -0.8408310413360596 -0.40629708766937256 0.3576669692993164
vn -0.9677810072898865 0.0011933334171772003 -0.25179004669189453
vn -0.8865375518798828 -0.409284770488739 0.2157241702079773
vn -0.9677810072898865 0.0011933334171772003 -0.25179004669189453
vn 0.8617570996284485 -0.16969528794288635 -0.47809818387031555
vn 0.739612877368927 -0.09538647532463074 -0.6662386655807495
vn 0.9470285177230835 0.06348064541816711 -0.31481245160102844
vn 0.9382692575454712 0.06430095434188843 -0.3398764729499817
vn -0.571718156337738 0.2007911503314972 0.7955004572868347
vn -0.20636075735092163 -0.0011594295501708984 0.9784750938415527
vn 0.21447893977165222 0.1697412133216858 0.9618661403656006
vn 0.606177031993866 0.06735306978225708 0.7924725413322449
vn -0.4170302748680115 -0.41542643308639526 0.8083972930908203
vn 0.8676106929779053 -0.1946181058883667 0.45757538080215454
vn -0.38625892996788025 0.04086706042289734 0.9214844703674316
vn -0.20021198689937592 0.07983911037445068 0.9764941334724426
vn -0.38625892996788025 0.04086706042289734 0.9214844703674316
vn -0.5689111351966858 -0.4634951651096344 0.6793469190597534
vn 0.1927986592054367 0.03666740655899048 0.9805528521537781
vn 0.7902183532714844 -0.4453074336051941 0.42101794481277466
vn -0.36662837862968445 0.29420799016952515 -0.8826239109039307
vn -0.8397645354270935 0.4096795320510864 0.3563113510608673
vn 0.7939927577972412 0.28255391120910645 0.5382734537124634
vn -0.6962370276451111 0.2553398013114929 0.670861542224884
vn -0.20021198689937592 0.07983911037445068 0.9764941334724426
vn -0.5668386220932007 0.284213125705719 0.7732505202293396
vn 0.20732012391090393 0.12337464094161987 0.9704620838165283
vn -0.5668386220932007 0.284213125705719 0.7732505202293396
vn 0.019953221082687378 -0.3030402958393097 -0.9527686834335327
vn -0.637117862701416 -0.34469717741012573 -0.6893942356109619
vn -0.20021194219589233 0.07983916252851486 -0.9764939546585083
vn 0.39345794916152954 0.06311453878879547 -0.9171733856201172
vn 0.20021191239356995 0.07983922958374023 0.9764940142631531
vn 0.7902183532714844 -0.4453074336051941 0.42101794481277466
vn 0.7711246013641357 0.07062655687332153 0.6327545642852783
vn 0.9534273147583008 -0.26038968563079834 0.15222789347171783
vn -0.19787001609802246 -0.54338139295578 -0.8158330917358398
vn -0.6705363988876343 -0.721056342124939 0.17452317476272583
vn -0.8725858926773071 -0.21964074671268463 -0.43629294633865356
vn -0.5190143585205078 -0.11743058264255524 -0.8466603755950928
vn -0.7529330253601074 0.20253434777259827 -0.6261558532714844
vn -0.9757276177406311 0.03970291092991829 0.21535781025886536
vn -0.7711244821548462 0.07062644511461258 -0.6327545046806335
vn -0.6367225050926208 0.1460096389055252 -0.7571427822113037
vn 0.3757748603820801 -0.6411245465278625 -0.6691428422927856
vn -0.6705363988876343 -0.7210562229156494 -0.17452317476272583
vn 0.20584821701049805 -0.12325488775968552 -0.9707906246185303
vn -0.35404959321022034 -0.11030001938343048 -0.9286993741989136
vn -0.8341783881187439 -0.5153167843818665 0.19645506143569946
vn -0.6558141708374023 -0.573417067527771 -0.4910197854042053
vn -0.6482880115509033 -0.0013792291283607483 -0.761393666267395
vn -0.6471409797668457 0.04693550616502762 -0.7609239816665649
vn -0.904882550239563 -0.16128037869930267 0.3939236104488373
vn -0.7890934348106384 -0.3929297626018524 0.4721623361110687
vn -0.8408310413360596 -0.40629708766937256 0.3576669692993164
vn -0.904882550239563 -0.16128037869930267 0.3939236104488373
vn -0.8523496985435486 -0.5229716300964355 5.960464477539063e-8
vn -0.6046321988105774 -0.5184972882270813 -0.6046321988105774
vn -0.18937891721725464 0.017427507787942886 -0.9817492961883545
vn -0.3676900267601013 0.06238788366317749 -0.9278531074523926
vn 0.999444842338562 -0.033314794301986694 -2.1420419216156006e-8
vn 0.9177429676055908 -0.3971743583679199 -5.21540641784668e-8
vn 0.6942431330680847 -0.3734436631202698 -0.615277111530304
vn 0.9501116871833801 0.041972815990448 -0.3090725541114807
vn 0.6189397573471069 0.40654227137565613 0.6720391511917114
vn -0.24091728031635284 -0.0608501136302948 0.9686360955238342
vn -0.0706264078617096 0.6327545642852783 0.7711246013641357
vn -0.7732505798339844 0.5668386220932007 0.2842130661010742
vn 0.8904210329055786 -0.022728443145751953 0.45456936955451965
vn 0.8377642631530762 -0.5265526175498962 0.14454390108585358
vn 0.8676106929779053 -0.1946181058883667 0.45757538080215454
vn 0.5138089060783386 -0.8008438944816589 0.3076511025428772
vn -0.36573052406311035 0.16238999366760254 -0.9164444208145142
vn -0.8460652232170105 0.2463228851556778 -0.47275614738464355
vn 0.7205076217651367 0.17286057770252228 -0.6715559363365173
vn -0.5024323463439941 0.25198912620544434 -0.8270809054374695
vn -0.6261558532714844 0.20253440737724304 -0.7529330253601074
vn -0.21089881658554077 0.14620596170425415 -0.9665117859840393
vn -0.5024323463439941 0.25198912620544434 -0.8270809054374695
vn 0.7347655296325684 0.14634953439235687 -0.6623451709747314
vn -0.36573052406311035 0.16238999366760254 -0.9164444208145142
vn -0.7677375078201294 0.3960939943790436 0.5036748051643372
vn 0.8552090525627136 0.1418038308620453 -0.49850645661354065
vn -0.9429264664649963 0.13084961473941803 0.3062150776386261
vn -0.8103071451187134 -0.023587726056575775 -0.585530161857605
vn -0.6088625192642212 -0.14546726644039154 -0.7798239588737488
vn -0.8218740820884705 0.09388729184865952 -0.5618786811828613
vn -0.7732505798339844 0.5668386220932007 0.2842130661010742
vn -0.5236154794692993 0.8215082287788391 -0.2257228046655655
vn -0.3380524814128876 0.9279052019119263 0.15720140933990479
vn -0.17471060156822205 0.9828959703445435 -0.05823688581585884
vn -0.19670113921165466 0.9786785840988159 0.059130970388650894
vn -0.0706264078617096 0.6327545642852783 0.7711246013641357
vn -0.03671318292617798 0.9934818744659424 0.10791456699371338
vn -0.041972845792770386 0.9501115679740906 0.30907249450683594
vn 0.26456230878829956 0.9483539462089539 0.17501817643642426
vn 0.4151647686958313 0.8094911575317383 0.4151647686958313
vn 0.42045387625694275 0.9048607349395752 0.06667385250329971
vn 0.6189397573471069 0.40654227137565613 0.6720391511917114
vn 0.7176440954208374 0.6948164701461792 0.04708198457956314
vn 0.9890009760856628 0.0948035717010498 0.11353032290935516
vn 0.7048245668411255 0.4582194685935974 -0.5415319204330444
f 1/1/1 2/2/2 3/3/3
f 1/1/1 3/3/3 2/2/2
f 1/1/1 3/3/3 4/4/4
f 1/1/1 4/4/4 3/3/3
f 5/5/5 6/6/6 7/7/7
f 5/5/5 7/7/7 6/6/6
f 7/7/7 6/6/6 8/8/8
f 7/7/7 8/8/8 6/6/6
f 9/9/9 10/10/10 11/11/11
f 9/9/9 11/11/11 10/10/10
f 9/9/9 11/11/11 12/12/12
f 9/9/9 12/12/12 11/11/11
f 13/13/13 14/14/14 15/15/15
f 13/13/13 15/15/15 14/14/14
f 16/16/16 17/17/17 14/14/14
f 16/16/16 14/14/14 17/17/17
f 18/18/18 19/19/19 20/20/20
f 18/18/18 20/20/20 19/19/19
f 21/21/21 22/22/22 23/23/23
f 21/21/21 23/23/23 22/22/22
f 23/23/23 22/22/22 24/24/24
f 23/23/23 24/24/24 22/22/22
f 25/25/25 26/26/26 27/27/27
f 25/25/25 27/27/27 26/26/26
f 27/27/27 26/26/26 28/28/28
f 27/27/27 28/28/28 26/26/26
f 29/29/29 30/30/30 31/31/31
f 29/29/29 31/31/31 30/30/30
f 29/29/29 31/31/31 32/32/32
f 29/29/29 32/32/32 31/31/31
f 33/33/33 34/34/34 35/35/35
f 33/33/33 35/35/35 34/34/34
f 33/33/33 35/35/35 36/36/36
f 33/33/33 36/36/36 35/35/35
f 37/37/37 38/38/38 39/39/39
f 37/37/37 39/39/39 38/38/38
f 39/39/39 38/38/38 40/40/40
f 39/39/39 40/40/40 38/38/38
f 41/41/41 42/42/42 43/43/43
f 41/41/41 43/43/43 42/42/42
f 43/43/43 42/42/42 44/44/44
f 43/43/43 44/44/44 42/42/42
f 45/45/45 46/46/46 47/47/47
f 45/45/45 47/47/47 46/46/46
f 45/45/45 47/47/47 48/48/48
f 45/45/45 48/48/48 47/47/47
f 49/49/49 50/50/50 51/51/51
f 49/49/49 51/51/51 50/50/50
f 49/49/49 51/51/51 52/52/52
f 49/49/49 52/52/52 51/51/51
f 53/53/53 54/54/54 55/55/55
f 53/53/53 55/55/55 54/54/54
f 55/55/55 54/54/54 56/56/56
f 55/55/55 56/56/56 54/54/54
f 57/57/57 58/58/58 59/59/59
f 57/57/57 59/59/59 58/58/58
f 59/59/59 58/58/58 60/60/60
f 59/59/59 60/60/60 58/58/58
f 61/61/61 62/62/62 63/63/63
f 61/61/61 63/63/63 62/62/62
f 64/64/64 65/65/65 62/62/62
f 64/64/64 62/62/62 65/65/65
f 66/66/66 67/67/67 68/68/68
f 66/66/66 68/68/68 67/67/67
f 68/68/68 67/67/67 69/69/69
f 68/68/68 69/69/69 67/67/67
f 70/70/70 71/71/71 72/72/72
f 70/70/70 72/72/72 71/71/71
f 70/70/70 72/72/72 73/73/73
f 70/70/70 73/73/73 72/72/72
f 74/74/74 75/75/75 76/76/76
f 74/74/74 76/76/76 75/75/75
f 76/76/76 75/75/75 77/77/77
f 76/76/76 77/77/77 75/75/75
f 78/78/78 79/79/79 80/80/80
f 78/78/78 80/80/80 79/79/79
f 78/78/78 80/80/80 81/81/81
f 78/78/78 81/81/81 80/80/80
f 82/82/82 83/83/83 84/84/84
f 82/82/82 84/84/84 83/83/83
f 82/82/82 84/84/84 85/85/85
f 82/82/82 85/85/85 84/84/84
f 86/86/86 87/87/87 88/88/88
f 86/86/86 88/88/88 87/87/87
f 88/88/88 87/87/87 89/89/89
f 88/88/88 89/89/89 87/87/87
f 90/90/90 91/91/91 92/92/92
f 90/90/90 92/92/92 91/91/91
f 92/92/92 91/91/91 93/93/93
f 92/92/92 93/93/93 91/91/91
f 94/94/94 95/95/95 96/96/96
f 94/94/94 96/96/96 95/95/95
f 96/96/96 95/95/95 97/97/97
f 96/96/96 97/97/97 95/95/95
f 98/98/98 99/99/99 100/100/100
f 98/98/98 100/100/100 99/99/99
f 100/100/100 99/99/99 101/101/101
f 100/100/100 101/101/101 99/99/99
f 102/102/102 103/103/103 104/104/104
f 102/102/102 104/104/104 103/103/103
f 104/104/104 103/103/103 105/105/105
f 104/104/104 105/105/105 103/103/103
f 106/106/106 107/107/107 108/108/108
f 106/106/106 108/108/108 107/107/107
f 109/109/109 110/110/110 107/107/107
f 109/109/109 107/107/107 110/110/110
f 111/111/111 112/112/112 113/113/113
f 111/111/111 113/113/113 112/112/112
f 111/111/111 113/113/113 114/114/114
f 111/111/111 114/114/114 113/113/113
f 115/115/115 116/116/116 117/117/117
f 115/115/115 117/117/117 116/116/116
f 117/117/117 116/116/116 118/118/118
f 117/117/117 118/118/118 116/116/116
f 119/119/119 120/120/120 121/121/121
f 119/119/119 121/121/121 120/120/120
f 121/121/121 120/120/120 122/122/122
f 121/121/121 122/122/122 120/120/120
f 123/123/123 124/124/124 125/125/125
f 123/123/123 125/125/125 124/124/124
f 125/125/125 124/124/124 126/126/126
f 125/125/125 126/126/126 124/124/124
f 127/127/127 128/128/128 129/129/129
f 127/127/127 129/129/129 128/128/128
f 129/129/129 128/128/128 130/130/130
f 129/129/129 130/130/130 128/128/128
f 131/131/131 132/132/132 133/133/133
f 131/131/131 133/133/133 132/132/132
f 131/131/131 133/133/133 134/134/134
f 131/131/131 134/134/134 133/133/133
f 135/135/135 136/136/136 137/137/137
f 135/135/135 137/137/137 136/136/136
f 137/137/137 136/136/136 138/138/138
f 137/137/137 138/138/138 136/136/136
f 139/139/139 140/140/140 141/141/141
f 139/139/139 141/141/141 140/140/140
f 141/141/141 140/140/140 142/142/142
f 141/141/141 142/142/142 140/140/140
f 143/143/143 144/144/144 145/145/145
f 143/143/143 145/145/145 144/144/144
f 145/145/145 144/144/144 146/146/146
f 145/145/145 146/146/146 144/144/144
f 147/147/147 148/148/148 149/149/149
f 147/147/147 149/149/149 148/148/148
f 149/149/149 148/148/148 150/150/150
f 149/149/149 150/150/150 148/148/148
f 151/151/151 152/152/152 153/153/153
f 151/151/151 153/153/153 152/152/152
f 153/153/153 152/152/152 154/154/154
f 153/153/153 154/154/154 152/152/152
f 155/155/155 156/156/156 157/157/157
f 155/155/155 157/157/157 156/156/156
f 155/155/155 157/157/157 158/158/158
f 155/155/155 158/158/158 157/157/157
f 159/159/159 160/160/160 161/161/161
f 159/159/159 161/161/161 160/160/160
f 161/161/161 160/160/160 162/162/162
f 161/161/161 162/162/162 160/160/160
f 163/163/163 164/164/164 165/165/165
f 163/163/163 165/165/165 164/164/164
f 163/163/163 165/165/165 166/166/166
f 163/163/163 166/166/166 165/165/165
f 167/167/167 168/168/168 169/169/169
f 167/167/167 169/169/169 168/168/168
f 169/169/169 168/168/168 170/170/170
f 169/169/169 170/170/170 168/168/168
f 171/171/171 172/172/172 173/173/173
f 171/171/171 173/173/173 172/172/172
f 171/171/171 173/173/173 174/174/174
f 171/171/171 174/174/174 173/173/173
f 175/175/175 176/176/176 177/177/177
f 175/175/175 177/177/177 176/176/176
f 175/175/175 177/177/177 178/178/178
f 175/175/175 178/178/178 177/177/177
f 179/179/179 180/180/180 181/181/181
f 179/179/179 181/181/181 180/180/180
f 182/182/182 183/183/183 184/184/184
f 182/182/182 184/184/184 183/183/183
f 184/184/184 183/183/183 185/185/185
f 184/184/184 185/185/185 183/183/183
f 186/186/186 187/187/187 188/188/188
f 186/186/186 188/188/188 187/187/187
f 188/188/188 187/187/187 189/189/189
f 188/188/188 189/189/189 187/187/187
f 190/190/190 191/191/191 192/192/192
f 190/190/190 192/192/192 191/191/191
f 192/192/192 191/191/191 193/193/193
f 192/192/192 193/193/193 191/191/191
f 194/194/194 195/195/195 196/196/196
f 194/194/194 196/196/196 195/195/195
f 197/197/197 198/198/198 196/196/196
f 197/197/197 196/196/196 198/198/198
f 199/199/199 200/200/200 201/201/201
f 199/199/199 201/201/201 200/200/200
f 199/199/199 201/201/201 202/202/202
f 199/199/199 202/202/202 201/201/201
f 203/203/203 204/204/204 205/205/205
f 203/203/203 205/205/205 204/204/204
f 205/205/205 204/204/204 206/206/206
f 205/205/205 206/206/206 204/204/204
f 207/207/207 208/208/208 209/209/209
f 207/207/207 209/209/209 208/208/208
f 207/207/207 209/209/209 210/210/210
f 207/207/207 210/210/210 209/209/209
f 211/211/211 212/212/212 213/213/213
f 211/211/211 213/213/213 212/212/212
f 213/213/213 212/212/212 214/214/214
f 213/213/213 214/214/214 212/212/212
f 215/215/215 216/216/216 217/217/217
f 215/215/215 217/217/217 216/216/216
f 217/217/217 216/216/216 218/218/218
f 217/217/217 218/218/218 216/216/216
f 219/219/219 220/220/220 221/221/221
f 219/219/219 221/221/221 220/220/220
f 221/221/221 220/220/220 222/222/222
f 221/221/221 222/222/222 220/220/220
f 223/223/223 224/224/224 225/225/225
f 223/223/223 225/225/225 224/224/224
f 225/225/225 224/224/224 226/226/226
f 225/225/225 226/226/226 224/224/224
f 227/227/227 228/228/228 229/229/229
f 227/227/227 229/229/229 228/228/228
f 227/227/227 229/229/229 230/230/230
f 227/227/227 230/230/230 229/229/229
f 231/231/231 232/232/232 233/233/233
f 231/231/231 233/233/233 232/232/232
f 233/233/233 232/232/232 234/234/234
f 233/233/233 234/234/234 232/232/232
f 235/235/235 236/236/236 237/237/237
f 235/235/235 237/237/237 236/236/236
f 237/237/237 236/236/236 238/238/238
f 237/237/237 238/238/238 236/236/236
f 239/239/239 240/240/240 241/241/241
f 239/239/239 241/241/241 240/240/240
f 242/242/242 243/243/243 241/241/241
f 242/242/242 241/241/241 243/243/243
f 244/244/244 245/245/245 246/246/246
f 244/244/244 246/246/246 245/245/245
f 246/246/246 245/245/245 247/247/247
f 246/246/246 247/247/247 245/245/245
f 248/248/248 249/249/249 250/250/250
f 248/248/248 250/250/250 249/249/249
f 251/251/251 252/252/252 248/248/248
f 251/251/251 248/248/248 252/252/252
f 253/253/253 254/254/254 255/255/255
f 253/253/253 255/255/255 254/254/254
f 256/256/256 257/257/257 258/258/258
f 256/256/256 258/258/258 257/257/257
f 259/259/259 260/260/260 258/258/258
f 259/259/259 258/258/258 260/260/260
f 261/261/261 262/262/262 263/263/263
f 261/261/261 263/263/263 262/262/262
f 261/261/261 263/263/263 264/264/264
f 261/261/261 264/264/264 263/263/263
f 265/265/265 266/266/266 267/267/267
f 265/265/265 267/267/267 268/268/268
f 269/269/269 270/270/270 268/268/268
f 269/269/269 268/268/268 267/267/267
f 269/269/269 267/267/267 271/271/271
f 271/271/271 267/267/267 272/272/272
f 272/272/272 267/267/267 273/273/273
f 273/273/273 267/267/267 266/266/266
f 273/273/273 266/266/266 274/274/274
f 274/274/274 266/266/266 275/275/275
f 275/275/275 266/266/266 276/276/276
f 275/275/275 276/276/276 277/277/277
f 275/275/275 277/277/277 278/278/278
f 275/275/275 278/278/278 279/279/279
f 275/275/275 279/279/279 274/274/274
f 274/274/274 279/279/279 280/280/280
f 281/281/281 282/282/282 283/283/283
f 281/281/281 283/283/283 282/282/282
f 281/281/281 283/283/283 284/284/284
f 281/281/281 284/284/284 283/283/283
f 285/285/285 286/286/286 287/287/287
f 285/285/285 287/287/287 286/286/286
f 288/288/288 289/289/289 290/290/290
f 288/288/288 290/290/290 289/289/289
f 290/290/290 289/289/289 291/291/291
f 290/290/290 291/291/291 289/289/289
f 292/292/292 293/293/293 294/294/294
f 292/292/292 294/294/294 293/293/293
f 294/294/294 293/293/293 295/295/295
f 294/294/294 295/295/295 293/293/293
f 296/296/296 297/297/297 298/298/298
f 296/296/296 298/298/298 297/297/297
f 298/298/298 297/297/297 299/299/299
f 298/298/298 299/299/299 297/297/297
f 300/300/300 301/301/301 302/302/302
f 300/300/300 302/302/302 301/301/301
f 302/302/302 301/301/301 303/303/303
f 302/302/302 303/303/303 301/301/301
f 304/304/304 305/305/305 306/306/306
f 304/304/304 306/306/306 305/305/305
f 307/307/307 308/308/308 305/305/305
f 307/307/307 305/305/305 308/308/308
f 309/309/309 310/310/310 311/311/311
f 309/309/309 311/311/311 310/310/310
f 312/312/312 313/313/313 314/314/314
f 312/312/312 314/314/314 313/313/313
f 314/314/314 313/313/313 315/315/315
f 314/314/314 315/315/315 313/313/313
f 316/316/316 317/317/317 318/318/318
f 316/316/316 318/318/318 317/317/317
f 318/318/318 317/317/317 319/319/319
f 318/318/318 319/319/319 317/317/317
f 320/320/320 321/321/321 322/322/322
f 320/320/320 322/322/322 321/321/321
f 320/320/320 322/322/322 323/323/323
f 320/320/320 323/323/323 322/322/322
f 324/324/324 325/325/325 326/326/326
f 324/324/324 326/326/326 325/325/325
f 326/326/326 325/325/325 327/327/327
f 326/326/326 327/327/327 325/325/325
f 328/328/328 329/329/329 330/330/330
f 328/328/328 330/330/330 329/329/329
f 331/331/331 332/332/332 329/329/329
f 331/331/331 329/329/329 332/332/332
f 333/333/333 334/334/334 335/335/335
f 333/333/333 335/335/335 334/334/334
f 335/335/335 334/334/334 336/336/336
f 335/335/335 336/336/336 334/334/334
f 337/337/337 338/338/338 339/339/339
f 337/337/337 339/339/339 338/338/338
f 337/337/337 339/339/339 340/340/340
f 337/337/337 340/340/340 339/339/339
f 341/341/341 342/342/342 343/343/343
f 341/341/341 343/343/343 342/342/342
f 341/341/341 343/343/343 344/344/344
f 341/341/341 344/344/344 343/343/343
f 345/345/345 346/346/346 347/347/347
f 345/345/345 347/347/347 346/346/346
f 348/348/348 349/349/349 347/347/347
f 348/348/348 347/347/347 349/349/349
f 350/350/350 351/351/351 352/352/352
f 350/350/350 352/352/352 351/351/351
f 353/353/353 354/354/354 350/350/350
f 353/353/353 350/350/350 354/354/354
f 355/355/355 356/356/356 357/357/357
f 357/357/357 356/356/356 358/358/358
f 358/358/358 356/356/356 359/359/359
f 359/359/359 356/356/356 360/360/360
f 360/360/360 356/356/356 355/355/355
f 359/359/359 360/360/360 361/361/361
f 361/361/361 360/360/360 362/362/362
f 362/362/362 360/360/360 363/363/363
f 364/364/364 365/365/365 358/358/358
f 358/358/358 365/365/365 357/357/357
f 357/357/357 365/365/365 366/366/366
f 363/363/363 360/360/360 367/367/367
f 367/367/367 360/360/360 355/355/355
f 363/363/363 367/367/367 368/368/368
f 368/368/368 367/367/367 369/369/369
f 368/368/368 369/369/369 370/370/370
f 367/367/367 355/355/355 371/371/371
f 367/367/367 371/371/371 372/372/372
f 373/373/373 355/355/355 357/357/357
f 355/355/355 373/373/373 374/374/374
f 374/374/374 373/373/373 375/375/375
f 375/375/375 373/373/373 376/376/376
f 373/373/373 357/357/357 377/377/377
f 373/373/373 377/377/377 376/376/376
f 377/377/377 357/357/357 366/366/366
f 376/376/376 377/377/377 378/378/378
f 378/378/378 377/377/377 366/366/366
f 379/379/379 380/380/380 381/381/381
f 379/379/379 381/381/381 380/380/380
f 382/382/382 383/383/383 379/379/379
f 382/382/382 379/379/379 383/383/383
f 384/384/384 385/385/385 386/386/386
f 384/384/384 386/386/386 385/385/385
f 386/386/386 385/385/385 387/387/387
f 386/386/386 387/387/387 385/385/385
f 388/388/388 389/389/389 390/390/390
f 388/388/388 390/390/390 389/389/389
f 391/391/391 392/392/392 388/388/388
f 391/391/391 388/388/388 392/392/392
f 393/393/393 394/394/394 395/395/395
f 393/393/393 395/395/395 396/396/396
f 397/397/397 394/394/394 398/398/398
f 394/394/394 397/397/397 399/399/399
f 396/396/396 395/395/395 400/400/400
f 396/396/396 400/400/400 401/401/401
f 401/401/401 400/400/400 402/402/402
f 402/402/402 400/400/400 395/395/395
f 402/402/402 395/395/395 403/403/403
f 404/404/404 395/395/395 394/394/394
f 404/404/404 394/394/394 399/399/399
f 403/403/403 395/395/395 405/405/405
f 405/405/405 395/395/395 404/404/404
f 403/403/403 405/405/405 406/406/406
f 406/406/406 405/405/405 407/407/407
f 407/407/407 405/405/405 404/404/404
f 407/407/407 404/404/404 408/408/408
f 408/408/408 404/404/404 409/409/409
f 409/409/409 404/404/404 399/399/399
f 408/408/408 409/409/409 410/410/410
f 410/410/410 409/409/409 411/411/411
f 411/411/411 409/409/409 412/412/412
f 412/412/412 409/409/409 399/399/399
f 412/412/412 399/399/399 413/413/413
f 413/413/413 399/399/399 414/414/414
f 413/413/413 414/414/414 415/415/415
f 416/416/416 417/417/417 418/418/418
f 416/416/416 418/418/418 417/417/417
f 416/416/416 418/418/418 419/419/419
f 416/416/416 419/419/419 418/418/418
f 420/420/420 421/421/421 422/422/422
f 420/420/420 422/422/422 421/421/421
f 422/422/422 421/421/421 423/423/423
f 422/422/422 423/423/423 421/421/421
f 424/424/424 425/425/425 426/426/426
f 424/424/424 426/426/426 425/425/425
f 426/426/426 425/425/425 427/427/427
f 426/426/426 427/427/427 425/425/425
f 428/428/428 429/429/429 430/430/430
f 428/428/428 430/430/430 429/429/429
f 430/430/430 429/429/429 431/431/431
f 430/430/430 431/431/431 429/429/429
f 432/432/432 433/433/433 434/434/434
f 432/432/432 434/434/434 433/433/433
f 435/435/435 434/434/434 436/436/436
f 435/435/435 436/436/436 434/434/434
f 437/437/437 438/438/438 439/439/439
f 437/437/437 439/439/439 438/438/438
f 440/440/440 441/441/441 442/442/442
f 440/440/440 442/442/442 441/441/441
f 440/440/440 442/442/442 443/443/443
f 440/440/440 443/443/443 442/442/442
f 444/444/444 445/445/445 446/446/446
f 447/447/447 448/448/448 445/445/445
f 445/445/445 448/448/448 446/446/446
f 446/446/446 448/448/448 449/449/449
f 444/444/444 446/446/446 450/450/450
f 446/446/446 449/449/449 451/451/451
f 451/451/451 449/449/449 452/452/452
f 450/450/450 446/446/446 453/453/453
f 453/453/453 446/446/446 451/451/451
f 444/444/444 450/450/450 454/454/454
f 454/454/454 450/450/450 453/453/453
f 444/444/444 454/454/454 455/455/455
f 451/451/451 452/452/452 456/456/456
f 451/451/451 456/456/456 453/453/453
f 456/456/456 452/452/452 457/457/457
f 456/456/456 457/457/457 458/458/458
f 456/456/456 458/458/458 459/459/459
f 456/456/456 459/459/459 453/453/453
f 459/459/459 458/458/458 460/460/460
f 459/459/459 460/460/460 461/461/461
f 459/459/459 461/461/461 462/462/462
f 459/459/459 462/462/462 453/453/453
f 462/462/462 461/461/461 463/463/463
f 453/453/453 462/462/462 464/464/464
f 453/453/453 464/464/464 454/454/454
f 462/462/462 463/463/463 465/465/465
f 462/462/462 465/465/465 464/464/464
f 465/465/465 463/463/463 466/466/466
f 465/465/465 466/466/466 467/467/467
f 465/465/465 467/467/467 464/464/464
f 467/467/467 466/466/466 468/468/468
f 467/467/467 468/468/468 469/469/469
f 470/470/470 454/454/454 464/464/464
f 470/470/470 464/464/464 467/467/467
f 454/454/454 470/470/470 455/455/455
f 467/467/467 469/469/469 471/471/471
f 467/467/467 471/471/471 470/470/470
f 470/470/470 471/471/471 455/455/455
f 471/471/471 469/469/469 472/472/472
f 455/455/455 471/471/471 473/473/473
f 473/473/473 471/471/471 472/472/472
f 474/474/474 475/475/475 476/476/476
f 474/474/474 476/476/476 475/475/475
f 477/477/477 478/478/478 475/475/475
f 477/477/477 475/475/475 478/478/478
f 479/479/479 480/480/480 481/481/481
f 479/479/479 481/481/481 480/480/480
f 481/481/481 480/480/480 482/482/482
f 481/481/481 482/482/482 480/480/480
f 483/483/483 484/484/484 485/485/485
f 483/483/483 485/485/485 484/484/484
f 483/483/483 485/485/485 486/486/486
f 483/483/483 486/486/486 485/485/485
f 487/487/487 488/488/488 489/489/489
f 487/487/487 489/489/489 488/488/488
f 489/489/489 488/488/488 490/490/490
f 489/489/489 490/490/490 488/488/488
f 491/491/491 492/492/492 493/493/493
f 491/491/491 493/493/493 492/492/492
f 493/493/493 492/492/492 494/494/494
f 493/493/493 494/494/494 492/492/492
f 495/495/495 496/496/496 497/497/497
f 495/495/495 497/497/497 496/496/496
f 498/498/498 499/499/499 500/500/500
f 498/498/498 500/500/500 499/499/499
f 498/498/498 500/500/500 501/501/501
f 498/498/498 501/501/501 500/500/500
f 502/502/502 503/503/503 504/504/504
f 502/502/502 504/504/504 503/503/503
f 504/504/504 503/503/503 505/505/505
f 504/504/504 505/505/505 503/503/503
f 506/506/506 507/507/507 508/508/508
f 506/506/506 508/508/508 507/507/507
f 508/508/508 507/507/507 509/509/509
f 508/508/508 509/509/509 507/507/507
f 510/510/510 511/511/511 512/512/512
f 510/510/510 512/512/512 511/511/511
f 510/510/510 512/512/512 513/513/513
f 510/510/510 513/513/513 512/512/512
f 514/514/514 515/515/515 516/516/516
f 514/514/514 516/516/516 515/515/515
f 517/517/517 518/518/518 519/519/519
f 517/517/517 519/519/519 518/518/518
f 520/520/520 521/521/521 522/522/522
f 520/520/520 522/522/522 521/521/521
f 522/522/522 521/521/521 523/523/523
f 522/522/522 523/523/523 521/521/521
f 524/524/524 525/525/525 526/526/526
f 524/524/524 526/526/526 525/525/525
f 527/527/527 528/528/528 529/529/529
f 527/527/527 529/529/529 528/528/528
f 529/529/529 528/528/528 530/530/530
f 529/529/529 530/530/530 528/528/528
f 531/531/531 532/532/532 533/533/533
f 531/531/531 533/533/533 532/532/532
f 533/533/533 532/532/532 534/534/534
f 533/533/533 534/534/534 532/532/532
f 535/535/535 536/536/536 537/537/537
f 535/535/535 537/537/537 536/536/536
f 538/538/538 539/539/539 540/540/540
f 538/538/538 540/540/540 539/539/539
f 540/540/540 539/539/539 541/541/541
f 540/540/540 541/541/541 539/539/539
f 542/542/542 543/543/543 544/544/544
f 542/542/542 544/544/544 543/543/543
f 544/544/544 543/543/543 545/545/545
f 544/544/544 545/545/545 543/543/543
f 546/546/546 547/547/547 548/548/548
f 546/546/546 548/548/548 547/547/547
f 548/548/548 547/547/547 549/549/549
f 548/548/548 549/549/549 547/547/547
f 550/550/550 551/551/551 552/552/552
f 550/550/550 552/552/552 551/551/551
f 552/552/552 551/551/551 553/553/553
f 552/552/552 553/553/553 551/551/551
f 554/554/554 555/555/555 556/556/556
f 554/554/554 556/556/556 555/555/555
f 557/557/557 558/558/558 556/556/556
f 557/557/557 556/556/556 558/558/558
f 559/559/559 560/560/560 561/561/561
f 559/559/559 561/561/561 560/560/560
f 562/562/562 563/563/563 559/559/559
f 562/562/562 559/559/559 563/563/563
f 564/564/564 565/565/565 566/566/566
f 564/564/564 566/566/566 565/565/565
f 566/566/566 565/565/565 567/567/567
f 566/566/566 567/567/567 565/565/565
f 568/568/568 569/569/569 570/570/570
f 568/568/568 570/570/570 569/569/569
f 570/570/570 569/569/569 571/571/571
f 570/570/570 571/571/571 569/569/569
f 572/572/572 573/573/573 574/574/574
f 572/572/572 574/574/574 573/573/573
f 572/572/572 574/574/574 575/575/575
f 572/572/572 575/575/575 574/574/574
f 576/576/576 577/577/577 578/578/578
f 576/576/576 578/578/578 577/577/577
f 578/578/578 577/577/577 579/579/579
f 578/578/578 579/579/579 577/577/577
f 580/580/580 581/581/581 582/582/582
f 580/580/580 582/582/582 581/581/581
f 583/583/583 584/584/584 585/585/585
f 583/583/583 585/585/585 584/584/584
f 586/586/586 587/587/587 584/584/584
f 586/586/586 584/584/584 587/587/587
f 588/588/588 589/589/589 590/590/590
f 588/588/588 590/590/590 589/589/589
f 590/590/590 589/589/589 591/591/591
f 590/590/590 591/591/591 589/589/589
f 592/592/592 593/593/593 594/594/594
f 592/592/592 594/594/594 593/593/593
f 594/594/594 593/593/593 595/595/595
f 594/594/594 595/595/595 593/593/593
f 596/596/596 597/597/597 598/598/598
f 596/596/596 598/598/598 597/597/597
f 598/598/598 597/597/597 599/599/599
f 598/598/598 599/599/599 597/597/597
f 600/600/600 601/601/601 602/602/602
f 600/600/600 602/602/602 601/601/601
f 602/602/602 601/601/601 603/603/603
f 602/602/602 603/603/603 601/601/601
f 604/604/604 605/605/605 606/606/606
f 604/604/604 606/606/606 605/605/605
f 607/607/607 608/608/608 605/605/605
f 607/607/607 605/605/605 608/608/608
f 609/609/609 610/610/610 611/611/611
f 609/609/609 611/611/611 610/610/610
f 609/609/609 611/611/611 612/612/612
f 609/609/609 612/612/612 611/611/611
f 613/613/613 614/614/614 615/615/615
f 613/613/613 615/615/615 614/614/614
f 615/615/615 614/614/614 616/616/616
f 615/615/615 616/616/616 614/614/614
f 617/617/617 618/618/618 619/619/619
f 617/617/617 619/619/619 618/618/618
f 617/617/617 619/619/619 620/620/620
f 617/617/617 620/620/620 619/619/619
f 621/621/621 622/622/622 623/623/623
f 621/621/621 623/623/623 622/622/622
f 624/624/624 625/625/625 626/626/626
f 624/624/624 626/626/626 625/625/625
f 627/627/627 628/628/628 625/625/625
f 627/627/627 625/625/625 628/628/628
f 629/629/629 630/630/630 631/631/631
f 629/629/629 631/631/631 630/630/630
f 632/632/632 633/633/633 630/630/630
f 632/632/632 630/630/630 633/633/633
f 634/634/634 635/635/635 636/636/636
f 634/634/634 636/636/636 635/635/635
f 636/636/636 635/635/635 637/637/637
f 636/636/636 637/637/637 635/635/635
f 638/638/638 639/639/639 640/640/640
f 638/638/638 640/640/640 639/639/639
f 638/638/638 640/640/640 641/641/641
f 638/638/638 641/641/641 640/640/640
f 642/642/642 643/643/643 644/644/644
f 642/642/642 644/644/644 643/643/643
f 642/642/642 644/644/644 645/645/645
f 642/642/642 645/645/645 644/644/644
f 646/646/646 647/647/647 648/648/648
f 646/646/646 648/648/648 647/647/647
f 646/646/646 648/648/648 649/649/649
f 646/646/646 649/649/649 648/648/648
f 650/650/650 651/651/651 652/652/652
f 650/650/650 652/652/652 651/651/651
f 653/653/653 654/654/654 650/650/650
f 653/653/653 650/650/650 654/654/654
f 655/655/655 656/656/656 657/657/657
f 655/655/655 657/657/657 656/656/656
f 655/655/655 657/657/657 658/658/658
f 655/655/655 658/658/658 657/657/657
f 659/659/659 660/660/660 661/661/661
f 659/659/659 661/661/661 660/660/660
f 662/662/662 663/663/663 659/659/659
f 662/662/662 659/659/659 663/663/663
f 664/664/664 665/665/665 666/666/666
f 664/664/664 666/666/666 665/665/665
f 666/666/666 665/665/665 667/667/667
f 666/666/666 667/667/667 665/665/665
f 668/668/668 669/669/669 670/670/670
f 668/668/668 670/670/670 669/669/669
f 671/671/671 672/672/672 668/668/668
f 671/671/671 668/668/668 672/672/672
f 673/673/673 674/674/674 675/675/675
f 673/673/673 675/675/675 674/674/674
f 675/675/675 674/674/674 676/676/676
f 675/675/675 676/676/676 674/674/674
f 677/677/677 678/678/678 679/679/679
f 677/677/677 679/679/679 678/678/678
f 680/680/680 681/681/681 678/678/678
f 680/680/680 678/678/678 681/681/681
f 682/682/682 683/683/683 684/684/684
f 682/682/682 684/684/684 683/683/683
f 682/682/682 684/684/684 685/685/685
f 682/682/682 685/685/685 684/684/684
f 686/686/686 687/687/687 688/688/688
f 686/686/686 688/688/688 687/687/687
f 688/688/688 687/687/687 689/689/689
f 688/688/688 689/689/689 687/687/687
f 690/690/690 691/691/691 692/692/692
f 690/690/690 692/692/692 691/691/691
f 692/692/692 691/691/691 693/693/693
f 692/692/692 693/693/693 691/691/691
f 694/694/694 695/695/695 696/696/696
f 694/694/694 696/696/696 695/695/695
f 696/696/696 695/695/695 697/697/697
f 696/696/696 697/697/697 695/695/695
f 698/698/698 699/699/699 700/700/700
f 698/698/698 700/700/700 699/699/699
f 700/700/700 699/699/699 701/701/701
f 700/700/700 701/701/701 699/699/699
f 702/702/702 703/703/703 704/704/704
f 702/702/702 704/704/704 703/703/703
f 704/704/704 703/703/703 705/705/705
f 704/704/704 705/705/705 703/703/703
f 706/706/706 707/707/707 708/708/708
f 706/706/706 708/708/708 707/707/707
f 708/708/708 707/707/707 709/709/709
f 708/708/708 709/709/709 707/707/707
f 710/710/710 711/711/711 712/712/712
f 710/710/710 712/712/712 711/711/711
f 713/713/713 714/714/714 715/715/715
f 713/713/713 715/715/715 714/714/714
f 716/716/716 717/717/717 718/718/718
f 716/716/716 718/718/718 717/717/717
f 718/718/718 717/717/717 719/719/719
f 718/718/718 719/719/719 717/717/717
f 720/720/720 721/721/721 722/722/722
f 720/720/720 722/722/722 721/721/721
f 722/722/722 721/721/721 723/723/723
f 722/722/722 723/723/723 721/721/721
f 724/724/724 725/725/725 726/726/726
f 724/724/724 726/726/726 725/725/725
f 726/726/726 725/725/725 727/727/727
f 726/726/726 727/727/727 725/725/725
f 728/728/728 729/729/729 730/730/730
f 728/728/728 730/730/730 729/729/729
f 730/730/730 729/729/729 731/731/731
f 730/730/730 731/731/731 729/729/729
f 732/732/732 733/733/733 734/734/734
f 732/732/732 734/734/734 733/733/733
f 735/735/735 736/736/736 737/737/737
f 735/735/735 737/737/737 736/736/736
f 738/738/738 739/739/739 736/736/736
f 738/738/738 736/736/736 739/739/739
f 740/740/740 741/741/741 742/742/742
f 740/740/740 742/742/742 741/741/741
f 740/740/740 742/742/742 743/743/743
f 740/740/740 743/743/743 742/742/742
f 744/744/744 745/745/745 746/746/746
f 744/744/744 746/746/746 745/745/745
f 744/744/744 746/746/746 747/747/747
f 744/744/744 747/747/747 746/746/746
f 748/748/748 749/749/749 750/750/750
f 748/748/748 750/750/750 749/749/749
f 751/751/751 752/752/752 753/753/753
f 751/751/751 753/753/753 752/752/752
f 751/751/751 753/753/753 754/754/754
f 751/751/751 754/754/754 753/753/753
f 755/755/755 756/756/756 757/757/757
f 755/755/755 757/757/757 756/756/756
f 755/755/755 757/757/757 758/758/758
f 755/755/755 758/758/758 757/757/757
f 759/759/759 760/760/760 761/761/761
f 759/759/759 761/761/761 760/760/760
f 762/762/762 763/763/763 764/764/764
f 762/762/762 764/764/764 763/763/763
f 765/765/765 766/766/766 767/767/767
f 765/765/765 767/767/767 766/766/766
f 765/765/765 767/767/767 768/768/768
f 765/765/765 768/768/768 767/767/767
f 769/769/769 770/770/770 771/771/771
f 769/769/769 771/771/771 770/770/770
f 772/772/772 773/773/773 774/774/774
f 772/772/772 774/774/774 773/773/773
f 772/772/772 774/774/774 775/775/775
f 772/772/772 775/775/775 774/774/774
f 776/776/776 777/777/777 778/778/778
f 776/776/776 778/778/778 777/777/777
f 778/778/778 777/777/777 779/779/779
f 778/778/778 779/779/779 777/777/777
f 780/780/780 781/781/781 782/782/782
f 780/780/780 782/782/782 781/781/781
f 783/783/783 784/784/784 785/785/785
f 783/783/783 785/785/785 784/784/784
f 786/786/786 787/787/787 788/788/788
f 786/786/786 788/788/788 787/787/787
f 786/786/786 788/788/788 789/789/789
f 786/786/786 789/789/789 788/788/788
f 790/790/790 791/791/791 792/792/792
f 790/790/790 792/792/792 791/791/791
f 792/792/792 791/791/791 793/793/793
f 792/792/792 793/793/793 791/791/791
f 794/794/794 795/795/795 796/796/796
f 794/794/794 796/796/796 795/795/795
f 797/797/797 798/798/798 795/795/795
f 797/797/797 795/795/795 798/798/798
f 799/799/799 800/800/800 801/801/801
f 799/799/799 801/801/801 800/800/800
f 799/799/799 801/801/801 802/802/802
f 799/799/799 802/802/802 801/801/801
f 803/803/803 804/804/804 805/805/805
f 803/803/803 805/805/805 804/804/804
f 805/805/805 804/804/804 806/806/806
f 805/805/805 806/806/806 804/804/804
f 807/807/807 808/808/808 809/809/809
f 807/807/807 809/809/809 808/808/808
f 809/809/809 808/808/808 810/810/810
f 809/809/809 810/810/810 808/808/808
f 811/811/811 812/812/812 813/813/813
f 811/811/811 813/813/813 812/812/812
f 813/813/813 812/812/812 814/814/814
f 813/813/813 814/814/814 812/812/812
f 815/815/815 816/816/816 817/817/817
f 815/815/815 817/817/817 816/816/816
f 817/817/817 816/816/816 818/818/818
f 817/817/817 818/818/818 816/816/816
f 819/819/819 820/820/820 821/821/821
f 819/819/819 821/821/821 820/820/820
f 819/819/819 821/821/821 822/822/822
f 819/819/819 822/822/822 821/821/821
f 823/823/823 824/824/824 825/825/825
f 823/823/823 825/825/825 824/824/824
f 825/825/825 824/824/824 826/826/826
f 825/825/825 826/826/826 824/824/824
f 827/827/827 828/828/828 829/829/829
f 827/827/827 829/829/829 828/828/828
f 827/827/827 829/829/829 830/830/830
f 827/827/827 830/830/830 829/829/829
f 831/831/831 832/832/832 833/833/833
f 831/831/831 833/833/833 832/832/832
f 831/831/831 833/833/833 834/834/834
f 831/831/831 834/834/834 833/833/833
f 835/835/835 836/836/836 837/837/837
f 835/835/835 837/837/837 836/836/836
f 838/838/838 839/839/839 840/840/840
f 838/838/838 840/840/840 839/839/839
f 838/838/838 840/840/840 841/841/841
f 838/838/838 841/841/841 840/840/840
f 842/842/842 843/843/843 844/844/844
f 842/842/842 844/844/844 843/843/843
f 845/845/845 846/846/846 844/844/844
f 845/845/845 844/844/844 846/846/846
f 847/847/847 848/848/848 849/849/849
f 847/847/847 849/849/849 848/848/848
f 849/849/849 848/848/848 850/850/850
f 849/849/849 850/850/850 848/848/848
f 851/851/851 852/852/852 853/853/853
f 851/851/851 853/853/853 852/852/852
f 851/851/851 853/853/853 854/854/854
f 851/851/851 854/854/854 853/853/853
f 855/855/855 856/856/856 857/857/857
f 855/855/855 857/857/857 856/856/856
f 857/857/857 856/856/856 858/858/858
f 857/857/857 858/858/858 856/856/856
f 859/859/859 860/860/860 861/861/861
f 859/859/859 861/861/861 860/860/860
f 862/862/862 863/863/863 864/864/864
f 862/862/862 864/864/864 863/863/863
f 865/865/865 866/866/866 864/864/864
f 865/865/865 864/864/864 866/866/866
f 867/867/867 868/868/868 869/869/869
f 867/867/867 869/869/869 868/868/868
f 869/869/869 868/868/868 870/870/870
f 869/869/869 870/870/870 868/868/868
f 871/871/871 872/872/872 873/873/873
f 871/871/871 873/873/873 872/872/872
f 871/871/871 873/873/873 874/874/874
f 871/871/871 874/874/874 873/873/873
f 875/875/875 876/876/876 877/877/877
f 875/875/875 877/877/877 876/876/876
f 875/875/875 877/877/877 878/878/878
f 875/875/875 878/878/878 877/877/877
f 879/879/879 880/880/880 881/881/881
f 879/879/879 881/881/881 880/880/880
f 879/879/879 881/881/881 882/882/882
f 879/879/879 882/882/882 881/881/881
f 883/883/883 884/884/884 885/885/885
f 883/883/883 885/885/885 884/884/884
f 885/885/885 884/884/884 886/886/886
f 885/885/885 886/886/886 884/884/884
f 887/887/887 888/888/888 889/889/889
f 887/887/887 889/889/889 888/888/888
f 889/889/889 888/888/888 890/890/890
f 889/889/889 890/890/890 888/888/888
f 891/891/891 892/892/892 893/893/893
f 891/891/891 893/893/893 892/892/892
f 891/891/891 893/893/893 894/894/894
f 891/891/891 894/894/894 893/893/893
f 895/895/895 896/896/896 897/897/897
f 895/895/895 897/897/897 896/896/896
f 897/897/897 896/896/896 898/898/898
f 897/897/897 898/898/898 896/896/896
f 899/899/899 900/900/900 901/901/901
f 899/899/899 901/901/901 900/900/900
f 899/899/899 901/901/901 902/902/902
f 899/899/899 902/902/902 901/901/901
f 903/903/903 904/904/904 905/905/905
f 903/903/903 905/905/905 904/904/904
f 906/906/906 907/907/907 904/904/904
f 906/906/906 904/904/904 907/907/907
f 908/908/908 909/909/909 910/910/910
f 908/908/908 910/910/910 909/909/909
f 910/910/910 909/909/909 911/911/911
f 910/910/910 911/911/911 909/909/909
f 912/912/912 913/913/913 914/914/914
f 912/912/912 914/914/914 913/913/913
f 914/914/914 913/913/913 915/915/915
f 914/914/914 915/915/915 913/913/913
f 916/916/916 917/917/917 918/918/918
f 916/916/916 918/918/918 917/917/917
f 918/918/918 917/917/917 919/919/919
f 918/918/918 919/919/919 917/917/917
f 920/920/920 921/921/921 922/922/922
f 920/920/920 922/922/922 921/921/921
f 922/922/922 921/921/921 923/923/923
f 922/922/922 923/923/923 921/921/921
f 924/924/924 925/925/925 926/926/926
f 924/924/924 926/926/926 925/925/925
f 926/926/926 925/925/925 927/927/927
f 926/926/926 927/927/927 925/925/925
f 928/928/928 929/929/929 930/930/930
f 928/928/928 930/930/930 929/929/929
f 930/930/930 929/929/929 931/931/931
f 930/930/930 931/931/931 929/929/929
f 932/932/932 933/933/933 934/934/934
f 932/932/932 934/934/934 933/933/933
f 935/935/935 936/936/936 933/933/933
f 935/935/935 933/933/933 936/936/936
f 937/937/937 938/938/938 939/939/939
f 937/937/937 939/939/939 938/938/938
f 939/939/939 938/938/938 940/940/940
f 939/939/939 940/940/940 938/938/938
f 941/941/941 942/942/942 943/943/943
f 941/941/941 943/943/943 942/942/942
f 943/943/943 942/942/942 944/944/944
f 943/943/943 944/944/944 942/942/942
f 945/945/945 946/946/946 947/947/947
f 945/945/945 947/947/947 946/946/946
f 945/945/945 947/947/947 948/948/948
f 945/945/945 948/948/948 947/947/947
f 949/949/949 950/950/950 951/951/951
f 949/949/949 951/951/951 950/950/950
f 951/951/951 950/950/950 952/952/952
f 951/951/951 952/952/952 950/950/950
f 953/953/953 954/954/954 955/955/955
f 953/953/953 955/955/955 954/954/954
f 953/953/953 955/955/955 956/956/956
f 953/953/953 956/956/956 955/955/955
f 957/957/957 958/958/958 959/959/959
f 957/957/957 959/959/959 958/958/958
f 959/959/959 958/958/958 960/960/960
f 959/959/959 960/960/960 958/958/958
f 961/961/961 962/962/962 963/963/963
f 961/961/961 963/963/963 962/962/962
f 963/963/963 962/962/962 964/964/964
f 963/963/963 964/964/964 962/962/962
f 965/965/965 966/966/966 967/967/967
f 965/965/965 967/967/967 966/966/966
f 965/965/965 967/967/967 968/968/968
f 965/965/965 968/968/968 967/967/967
f 969/969/969 970/970/970 971/971/971
f 969/969/969 971/971/971 970/970/970
f 971/971/971 970/970/970 972/972/972
f 971/971/971 972/972/972 970/970/970
f 973/973/973 974/974/974 975/975/975
f 973/973/973 975/975/975 974/974/974
f 976/976/976 977/977/977 975/975/975
f 976/976/976 975/975/975 977/977/977
f 978/978/978 979/979/979 980/980/980
f 978/978/978 980/980/980 979/979/979
f 980/980/980 979/979/979 981/981/981
f 980/980/980 981/981/981 979/979/979
f 982/982/982 983/983/983 984/984/984
f 982/982/982 984/984/984 983/983/983
f 982/982/982 984/984/984 985/985/985
f 982/982/982 985/985/985 984/984/984
f 986/986/986 987/987/987 988/988/988
f 986/986/986 988/988/988 987/987/987
f 988/988/988 987/987/987 989/989/989
f 988/988/988 989/989/989 987/987/987
f 990/990/990 991/991/991 992/992/992
f 990/990/990 992/992/992 991/991/991
f 992/992/992 991/991/991 993/993/993
f 992/992/992 993/993/993 991/991/991
f 994/994/994 995/995/995 996/996/996
f 994/994/994 996/996/996 995/995/995
f 996/996/996 995/995/995 997/997/997
f 996/996/996 997/997/997 995/995/995
f 998/998/998 999/999/999 1000/1000/1000
f 998/998/998 1000/1000/1000 999/999/999
f 1001/1001/1001 1002/1002/1002 998/998/998
f 1001/1001/1001 998/998/998 1002/1002/1002
f 1003/1003/1003 1004/1004/1004 1005/1005/1005
f 1003/1003/1003 1005/1005/1005 1004/1004/1004
f 1005/1005/1005 1004/1004/1004 1006/1006/1006
f 1005/1005/1005 1006/1006/1006 1004/1004/1004
f 1007/1007/1007 1008/1008/1008 1009/1009/1009
f 1009/1009/1009 1008/1008/1008 1010/1010/1010
f 1009/1009/1009 1010/1010/1010 1011/1011/1011
f 1009/1009/1009 1011/1011/1011 1012/1012/1012
f 1011/1011/1011 1010/1010/1010 1013/1013/1013
f 1009/1009/1009 1012/1012/1012 1014/1014/1014
f 1009/1009/1009 1014/1014/1014 1007/1007/1007
f 1014/1014/1014 1012/1012/1012 1015/1015/1015
f 1013/1013/1013 1010/1010/1010 1016/1016/1016
f 1013/1013/1013 1016/1016/1016 1017/1017/1017
f 1016/1016/1016 1010/1010/1010 1018/1018/1018
f 1014/1014/1014 1015/1015/1015 1019/1019/1019
f 1019/1019/1019 1015/1015/1015 1020/1020/1020
f 1019/1019/1019 1020/1020/1020 1021/1021/1021
f 1021/1021/1021 1020/1020/1020 1022/1022/1022
f 1022/1022/1022 1020/1020/1020 1023/1023/1023
f 1014/1014/1014 1019/1019/1019 1024/1024/1024
f 1014/1014/1014 1024/1024/1024 1007/1007/1007
f 1022/1022/1022 1023/1023/1023 1025/1025/1025
f 1025/1025/1025 1023/1023/1023 1026/1026/1026
f 1025/1025/1025 1026/1026/1026 1027/1027/1027
f 1025/1025/1025 1027/1027/1027 1028/1028/1028
f 1007/1007/1007 1024/1024/1024 1029/1029/1029
f 1029/1029/1029 1024/1024/1024 1030/1030/1030
f 1030/1030/1030 1024/1024/1024 1031/1031/1031
f 1007/1007/1007 1029/1029/1029 1032/1032/1032
f 1030/1030/1030 1031/1031/1031 1033/1033/1033
f 1033/1033/1033 1031/1031/1031 1025/1025/1025
f 1033/1033/1033 1025/1025/1025 1028/1028/1028
f 1030/1030/1030 1033/1033/1033 1034/1034/1034
f 1007/1007/1007 1032/1032/1032 1008/1008/1008
f 1032/1032/1032 1029/1029/1029 1035/1035/1035
f 1033/1033/1033 1028/1028/1028 1036/1036/1036
f 1033/1033/1033 1036/1036/1036 1034/1034/1034
f 1036/1036/1036 1028/1028/1028 1037/1037/1037
f 1036/1036/1036 1037/1037/1037 1038/1038/1038
f 1036/1036/1036 1038/1038/1038 1034/1034/1034
f 1038/1038/1038 1037/1037/1037 1039/1039/1039
f 1040/1040/1040 1035/1035/1035 1034/1034/1034
f 1040/1040/1040 1034/1034/1034 1038/1038/1038
f 1035/1035/1035 1040/1040/1040 1041/1041/1041
f 1040/1040/1040 1038/1038/1038 1042/1042/1042
f 1035/1035/1035 1041/1041/1041 1043/1043/1043
f 1035/1035/1035 1043/1043/1043 1032/1032/1032
f 1043/1043/1043 1041/1041/1041 1044/1044/1044
f 1040/1040/1040 1042/1042/1042 1045/1045/1045
f 1040/1040/1040 1045/1045/1045 1046/1046/1046
f 1046/1046/1046 1045/1045/1045 1047/1047/1047
f 1043/1043/1043 1044/1044/1044 1048/1048/1048
f 1049/1049/1049 1042/1042/1042 1038/1038/1038
f 1049/1049/1049 1038/1038/1038 1039/1039/1039
f 1042/1042/1042 1049/1049/1049 1050/1050/1050
f 1049/1049/1049 1039/1039/1039 1051/1051/1051
f 1050/1050/1050 1049/1049/1049 1052/1052/1052
f 1052/1052/1052 1049/1049/1049 1051/1051/1051
f 1052/1052/1052 1051/1051/1051 1053/1053/1053
f 1054/1054/1054 1043/1043/1043 1048/1048/1048
f 1054/1054/1054 1048/1048/1048 1046/1046/1046
f 1055/1055/1055 1056/1056/1056 1057/1057/1057
f 1055/1055/1055 1057/1057/1057 1056/1056/1056
f 1057/1057/1057 1056/1056/1056 1058/1058/1058
f 1057/1057/1057 1058/1058/1058 1056/1056/1056
f 1059/1059/1059 1060/1060/1060 1061/1061/1061
f 1059/1059/1059 1061/1061/1061 1060/1060/1060
f 1062/1062/1062 1063/1063/1063 1061/1061/1061
f 1062/1062/1062 1061/1061/1061 1063/1063/1063
f 1064/1064/1064 1065/1065/1065 1066/1066/1066
f 1064/1064/1064 1066/1066/1066 1065/1065/1065
f 1066/1066/1066 1065/1065/1065 1067/1067/1067
f 1066/1066/1066 1067/1067/1067 1065/1065/1065
f 1068/1068/1068 1069/1069/1069 1070/1070/1070
f 1068/1068/1068 1070/1070/1070 1069/1069/1069
f 1070/1070/1070 1069/1069/1069 1071/1071/1071
f 1070/1070/1070 1071/1071/1071 1069/1069/1069
f 1072/1072/1072 1073/1073/1073 1074/1074/1074
f 1072/1072/1072 1074/1074/1074 1073/1073/1073
f 1075/1075/1075 1076/1076/1076 1073/1073/1073
f 1075/1075/1075 1073/1073/1073 1076/1076/1076
f 1077/1077/1077 1078/1078/1078 1079/1079/1079
f 1077/1077/1077 1079/1079/1079 1078/1078/1078
f 1079/1079/1079 1078/1078/1078 1080/1080/1080
f 1079/1079/1079 1080/1080/1080 1078/1078/1078
f 1081/1081/1081 1082/1082/1082 1083/1083/1083
f 1081/1081/1081 1083/1083/1083 1082/1082/1082
f 1083/1083/1083 1082/1082/1082 1084/1084/1084
f 1083/1083/1083 1084/1084/1084 1082/1082/1082
f 1085/1085/1085 1086/1086/1086 1087/1087/1087
f 1085/1085/1085 1087/1087/1087 1086/1086/1086
f 1087/1087/1087 1086/1086/1086 1088/1088/1088
f 1087/1087/1087 1088/1088/1088 1086/1086/1086
f 1089/1089/1089 1090/1090/1090 1091/1091/1091
f 1089/1089/1089 1091/1091/1091 1090/1090/1090
f 1092/1092/1092 1093/1093/1093 1091/1091/1091
f 1092/1092/1092 1091/1091/1091 1093/1093/1093
f 1094/1094/1094 1095/1095/1095 1096/1096/1096
f 1094/1094/1094 1096/1096/1096 1095/1095/1095
f 1096/1096/1096 1095/1095/1095 1097/1097/1097
f 1096/1096/1096 1097/1097/1097 1095/1095/1095
f 1098/1098/1098 1099/1099/1099 1100/1100/1100
f 1098/1098/1098 1100/1100/1100 1099/1099/1099
f 1100/1100/1100 1099/1099/1099 1101/1101/1101
f 1100/1100/1100 1101/1101/1101 1099/1099/1099
f 1102/1102/1102 1103/1103/1103 1104/1104/1104
f 1102/1102/1102 1104/1104/1104 1103/1103/1103
f 1102/1102/1102 1104/1104/1104 1105/1105/1105
f 1102/1102/1102 1105/1105/1105 1104/1104/1104
f 1106/1106/1106 1107/1107/1107 1108/1108/1108
f 1106/1106/1106 1108/1108/1108 1107/1107/1107
f 1108/1108/1108 1107/1107/1107 1109/1109/1109
f 1108/1108/1108 1109/1109/1109 1107/1107/1107
f 1110/1110/1110 1111/1111/1111 1112/1112/1112
f 1110/1110/1110 1112/1112/1112 1111/1111/1111
f 1112/1112/1112 1111/1111/1111 1113/1113/1113
f 1112/1112/1112 1113/1113/1113 1111/1111/1111
f 1114/1114/1114 1115/1115/1115 1116/1116/1116
f 1114/1114/1114 1116/1116/1116 1115/1115/1115
f 1116/1116/1116 1115/1115/1115 1117/1117/1117
f 1116/1116/1116 1117/1117/1117 1115/1115/1115
f 1118/1118/1118 1119/1119/1119 1120/1120/1120
f 1118/1118/1118 1120/1120/1120 1119/1119/1119
f 1118/1118/1118 1120/1120/1120 1121/1121/1121
f 1118/1118/1118 1121/1121/1121 1120/1120/1120
f 1122/1122/1122 1123/1123/1123 1124/1124/1124
f 1122/1122/1122 1124/1124/1124 1123/1123/1123
f 1124/1124/1124 1123/1123/1123 1125/1125/1125
f 1124/1124/1124 1125/1125/1125 1123/1123/1123
f 1126/1126/1126 1127/1127/1127 1128/1128/1128
f 1126/1126/1126 1128/1128/1128 1127/1127/1127
f 1129/1129/1129 1130/1130/1130 1127/1127/1127
f 1129/1129/1129 1127/1127/1127 1130/1130/1130
f 1131/1131/1131 1132/1132/1132 1133/1133/1133
f 1131/1131/1131 1133/1133/1133 1132/1132/1132
f 1133/1133/1133 1132/1132/1132 1134/1134/1134
f 1133/1133/1133 1134/1134/1134 1132/1132/1132
f 1135/1135/1135 1136/1136/1136 1137/1137/1137
f 1135/1135/1135 1137/1137/1137 1136/1136/1136
f 1137/1137/1137 1136/1136/1136 1138/1138/1138
f 1137/1137/1137 1138/1138/1138 1136/1136/1136
f 1139/1139/1139 1140/1140/1140 1141/1141/1141
f 1139/1139/1139 1141/1141/1141 1140/1140/1140
f 1141/1141/1141 1140/1140/1140 1142/1142/1142
f 1141/1141/1141 1142/1142/1142 1140/1140/1140
f 1143/1143/1143 1144/1144/1144 1145/1145/1145
f 1143/1143/1143 1145/1145/1145 1144/1144/1144
f 1145/1145/1145 1144/1144/1144 1146/1146/1146
f 1145/1145/1145 1146/1146/1146 1144/1144/1144
f 1147/1147/1147 1148/1148/1148 1149/1149/1149
f 1147/1147/1147 1149/1149/1149 1148/1148/1148
f 1150/1150/1150 1151/1151/1151 1152/1152/1152
f 1150/1150/1150 1152/1152/1152 1151/1151/1151
f 1153/1153/1153 1154/1154/1154 1151/1151/1151
f 1153/1153/1153 1151/1151/1151 1154/1154/1154
f 1155/1155/1155 1156/1156/1156 1157/1157/1157
f 1155/1155/1155 1157/1157/1157 1156/1156/1156
f 1155/1155/1155 1157/1157/1157 1158/1158/1158
f 1155/1155/1155 1158/1158/1158 1157/1157/1157
f 1159/1159/1159 1160/1160/1160 1161/1161/1161
f 1159/1159/1159 1161/1161/1161 1160/1160/1160
f 1161/1161/1161 1160/1160/1160 1162/1162/1162
f 1161/1161/1161 1162/1162/1162 1160/1160/1160
f 1163/1163/1163 1164/1164/1164 1165/1165/1165
f 1163/1163/1163 1165/1165/1165 1164/1164/1164
f 1163/1163/1163 1165/1165/1165 1166/1166/1166
f 1163/1163/1163 1166/1166/1166 1165/1165/1165
f 1167/1167/1167 1168/1168/1168 1169/1169/1169
f 1167/1167/1167 1169/1169/1169 1168/1168/1168
f 1167/1167/1167 1169/1169/1169 1170/1170/1170
f 1167/1167/1167 1170/1170/1170 1169/1169/1169
f 1171/1171/1171 1172/1172/1172 1173/1173/1173
f 1171/1171/1171 1173/1173/1173 1172/1172/1172
f 1173/1173/1173 1172/1172/1172 1174/1174/1174
f 1173/1173/1173 1174/1174/1174 1172/1172/1172
f 1175/1175/1175 1176/1176/1176 1177/1177/1177
f 1175/1175/1175 1177/1177/1177 1176/1176/1176
f 1175/1175/1175 1177/1177/1177 1178/1178/1178
f 1175/1175/1175 1178/1178/1178 1177/1177/1177
f 1179/1179/1179 1180/1180/1180 1181/1181/1181
f 1179/1179/1179 1181/1181/1181 1180/1180/1180
f 1179/1179/1179 1181/1181/1181 1182/1182/1182
f 1179/1179/1179 1182/1182/1182 1181/1181/1181
f 1183/1183/1183 1184/1184/1184 1185/1185/1185
f 1183/1183/1183 1185/1185/1185 1184/1184/1184
f 1183/1183/1183 1185/1185/1185 1186/1186/1186
f 1183/1183/1183 1186/1186/1186 1185/1185/1185
f 1187/1187/1187 1188/1188/1188 1189/1189/1189
f 1187/1187/1187 1189/1189/1189 1188/1188/1188
f 1187/1187/1187 1189/1189/1189 1190/1190/1190
f 1187/1187/1187 1190/1190/1190 1189/1189/1189
f 1191/1191/1191 1192/1192/1192 1193/1193/1193
f 1193/1193/1193 1192/1192/1192 1194/1194/1194
f 1195/1195/1195 1196/1196/1196 1197/1197/1197
f 1195/1195/1195 1197/1197/1197 1196/1196/1196
f 1197/1197/1197 1196/1196/1196 1198/1198/1198
f 1197/1197/1197 1198/1198/1198 1196/1196/1196
f 1199/1199/1199 1200/1200/1200 1201/1201/1201
f 1199/1199/1199 1201/1201/1201 1200/1200/1200
f 1201/1201/1201 1200/1200/1200 1202/1202/1202
f 1201/1201/1201 1202/1202/1202 1200/1200/1200
f 1203/1203/1203 1204/1204/1204 1205/1205/1205
f 1203/1203/1203 1205/1205/1205 1204/1204/1204
f 1205/1205/1205 1204/1204/1204 1206/1206/1206
f 1205/1205/1205 1206/1206/1206 1204/1204/1204
f 1207/1207/1207 1208/1208/1208 1209/1209/1209
f 1207/1207/1207 1209/1209/1209 1208/1208/1208
f 1210/1210/1210 1054/1054/1054 1046/1046/1046
f 1210/1210/1210 1046/1046/1046 1047/1047/1047
f 1210/1210/1210 1047/1047/1047 1211/1211/1211
f 1211/1211/1211 1047/1047/1047 1212/1212/1212
f 1210/1210/1210 1211/1211/1211 1213/1213/1213
f 1054/1054/1054 1210/1210/1210 1214/1214/1214
f 1214/1214/1214 1210/1210/1210 1213/1213/1213
f 1214/1214/1214 1213/1213/1213 1215/1215/1215
f 1214/1214/1214 1215/1215/1215 1216/1216/1216
f 1216/1216/1216 1215/1215/1215 1217/1217/1217
f 1216/1216/1216 1217/1217/1217 1218/1218/1218
f 1214/1214/1214 1216/1216/1216 1219/1219/1219
f 1216/1216/1216 1218/1218/1218 1220/1220/1220
f 1216/1216/1216 1220/1220/1220 1221/1221/1221
f 1216/1216/1216 1221/1221/1221 1219/1219/1219
f 1221/1221/1221 1220/1220/1220 1222/1222/1222
f 1219/1219/1219 1221/1221/1221 1223/1223/1223
f 1223/1223/1223 1221/1221/1221 1222/1222/1222
f 1223/1223/1223 1222/1222/1222 1224/1224/1224
f 1219/1219/1219 1223/1223/1223 1225/1225/1225
f 1225/1225/1225 1043/1043/1043 1054/1054/1054
f 1223/1223/1223 1224/1224/1224 1226/1226/1226
f 1223/1223/1223 1226/1226/1226 1225/1225/1225
f 1226/1226/1226 1224/1224/1224 1018/1018/1018
f 1043/1043/1043 1225/1225/1225 1227/1227/1227
f 1227/1227/1227 1225/1225/1225 1226/1226/1226
f 1043/1043/1043 1227/1227/1227 1032/1032/1032
f 1032/1032/1032 1227/1227/1227 1008/1008/1008
f 1227/1227/1227 1226/1226/1226 1228/1228/1228
f 1227/1227/1227 1228/1228/1228 1008/1008/1008
f 1228/1228/1228 1226/1226/1226 1018/1018/1018
f 1008/1008/1008 1228/1228/1228 1010/1010/1010
f 1010/1010/1010 1228/1228/1228 1018/1018/1018
o trunk
usemtl trunk
v -22.998485039538288 204.62511092659057 33.91997786018792
v -32.92226181255551 190.9832503851943 4.755206640780441
v -2.4219589146572775 173.67928046879805 4.709375890221183
v -2.502341439404826 191.06938144353433 44.682715821453904
v -4.4304220460531285 275.13228063508285 75.64757283278338
v -22.63553968564732 203.89310956939937 -20.550106923411214
v -2.1212985079119524 189.86106857540102 -31.047693387729915
v -8.23691545978306 283.8686695249062 -48.62954297403651
v -66.60409330383061 274.489414034866 0.6455936153807978
v -44.07280542719083 286.6657512394462 -37.258602972105734
v -8.321364564219799 391.751612265279 -51.01159332305428
v -41.88358783721924 286.88614762674166 59.87344764349029
v -6.367828198305266 389.8159913190707 76.05191290847898
v -51.253147012605446 390.4962164210522 60.05414358274205
v -73.77508587724581 389.5150582621417 7.957069892582931
v -50.32843961490421 391.8791568185401 -32.889077982564615
v -9.922800570961058 524.2125068123885 -29.49851235066812
v -43.96536218838429 524.258012846699 46.21586931033397
v -13.057698649684276 530.3204153466413 60.978794661093886
v -44.27278135705182 526.8167510746032 -16.332960973574423
v -3.671037751858629 665.1403772549367 -20.332549969981038
v -61.98729586413526 530.0862019456277 10.831004052650272
v -20.659422780585103 665.154044083723 23.023096595223496
v -4.6756048136808745 680.2754890261673 29.712291214409777
v -20.558254455956888 669.6807681106208 -14.678103717293327
v 4.032019555099367 771.6871997502845 -8.28114198887442
v -28.26746054521696 679.6987037959061 1.8956965407517952
v -3.936674416534544 771.9773570383628 9.27606670875249
v 2.3262155806924416 774.9007818267102 11.837822715128501
v -2.617852425012063 772.6519877516379 -4.234800599222108
v 5.486906748118363 805.0220219169076 -4.797745936029539
v 2.4049979905913195 806.1269324595535 2.066318209715716
v 5.021356339529744 807.2702903447189 3.0125437055047106
v 5.596984089828852 816.571768813246 -1.2166529717877155
v -6.271575496891352 774.6297731174259 2.6042762351786997
v 1.68408289199739 807.2930433618741 -0.36112557157991443
v 2.9147985413318547 806.0339679868202 -3.1127997740047184
v 18.272709658765418 203.0075065732941 -20.43744710486705
v 27.12385156961877 189.79761544175037 4.876382120950955
v -2.4219589146572775 173.67928046879805 4.709375890221183
v -2.1212985079119524 189.86106857540102 -31.047693387729915
v -8.23691545978306 283.8686695249062 -48.62954297403651
v 18.075169540765717 204.7068678487943 34.04234572658389
v -2.502341439404826 191.06938144353433 44.682715821453904
v -4.4304220460531285 275.13228063508285 75.64757283278338
v 43.540573495579515 273.182054204265 11.716848752630039
v 32.73945389770147 279.06584927416225 61.896002198767476
v -6.367828198305266 389.8159913190707 76.05191290847898
v 31.793713569641113 284.5726426192156 -34.54102305915412
v 42.6529289230587 390.0999534787156 12.189952407296248
v 30.595728262202947 389.2045133695828 61.2927374877329
v 21.429812814307027 523.9160417571782 44.675441238823836
v -13.057698649684276 530.3204153466413 60.978794661093886
v 29.97474407586526 390.5143512515571 -33.41384525374165
v -8.321364564219799 391.751612265279 -51.01159332305428
v -9.922800570961058 524.2125068123885 -29.49851235066812
v 21.024458990322323 525.1688093650998 -21.800868154510738
v -3.671037751858629 665.1403772549367 -20.332549969981038
v 32.835170978636256 531.9173317255936 13.886773445474821
v 9.665591275598121 668.18717896469 -16.70254145081588
v 4.032019555099367 771.6871997502845 -8.28114198887442
v 10.709802466114676 666.9651241753045 22.757945098276213
v -4.6756048136808745 680.2754890261673 29.712291214409777
v 15.645896590600803 682.7058566836861 7.062558466055262
v 7.721006166277908 772.730083916131 9.141704580915256
v 2.3262155806924416 774.9007818267102 11.837822715128501
v 8.012820181884166 772.7038015530804 -6.766622578065227
v 5.486906748118363 805.0220219169076 -4.797745936029539
v 7.3047170019525245 806.3129364974856 2.0677439399122255
v 5.021356339529744 807.2702903447189 3.0125437055047106
v 5.596984089828852 816.571768813246 -1.2166529717877155
v 9.532359641367995 775.7516545573558 2.2528709213095386
v 8.06620271187129 807.4625270573173 -0.6043572917463272
v 7.330735368052806 805.7744484248124 -4.015937447547913
vt 0.861812174320221 0.5450300574302673
vt 0.8332163691520691 0.5418256223201752
vt 0.8331248164176941 0.5149082839488983
vt 0.8756675720214844 0.5276039838790894
vt 0.9168370366096497 0.5846125781536102
vt 0.8076112866401672 0.54414501786232
vt 0.7942442297935486 0.526596873998642
vt 0.7606738209724426 0.5908688604831696
vt 0.8291574120521545 0.599383533000946
vt 0.791131317615509 0.6015503406524658
vt 0.7512436509132385 0.6708273589611053
vt 0.8849757313728333 0.6018249988555908
vt 0.9277321696281433 0.6691488325595856
vt 0.8857081532478333 0.669972836971283
vt 0.8357188701629639 0.670033872127533
vt 0.791802704334259 0.6707968413829803
vt 0.772911787033081 0.7638172507286072
vt 0.8745994567871094 0.7578356266021729
vt 0.904568612575531 0.7675710320472717
vt 0.8063600659370422 0.7595751881599426
vt 0.7962889671325684 0.856532484292984
vt 0.8376415371894836 0.7591479271650314
vt 0.8530533909797668 0.8529007881879807
vt 0.8655049204826355 0.8666646331548691
vt 0.8128299713134766 0.8554338216781616
vt 0.8150272965431213 0.9338053539395332
vt 0.8309274315834045 0.8604388535022736
vt 0.8360545635223389 0.9319742396473885
vt 0.8420667052268982 0.9347209110856056
vt 0.8229315876960754 0.9326456487178802
vt 0.8214057087898254 0.9733878597617149
vt 0.8310189843177795 0.9728995636105537
vt 0.8333994746208191 0.9761345256119967
vt 0.8275704383850098 0.987945188768208
vt 0.8302560448646545 0.9325540959835052
vt 0.8279976844787598 0.9750968962907791
vt 0.8247321844100952 0.9735709708184004
vt 0.8406933546066284 0.54426708817482
vt 0.8171635866165161 0.539506196975708
vt 0.8175908923149109 0.5137180685997009
vt 0.8558305501937866 0.5282754004001617
vt 0.8885464072227478 0.5922726988792419
vt 0.7899715900421143 0.5447859168052673
vt 0.7752922177314758 0.5277565717697144
vt 0.7354655861854553 0.5859248638153076
vt 0.8113955855369568 0.5935239791870117
vt 0.7680287957191467 0.5962706506252289
vt 0.730643630027771 0.670125424861908
vt 0.8521072864532471 0.599353015422821
vt 0.8117008209228516 0.6689657270908356
vt 0.7668080925941467 0.6680806875228882
vt 0.7798089385032654 0.7577745914459229
vt 0.7452009916305542 0.7676015496253967
vt 0.8536332249641418 0.6687521040439606
vt 0.8919034600257874 0.6706747710704803
vt 0.8745079040527344 0.7622913271188736
vt 0.8450575470924377 0.7586291134357452
vt 0.8505203127861023 0.853816345334053
vt 0.8101443648338318 0.7622302919626236
vt 0.8375805020332336 0.8542741239070892
vt 0.8318430185317993 0.9316385388374329
vt 0.7995238900184631 0.8535416722297668
vt 0.7856074571609497 0.8645893782377243
vt 0.8150883316993713 0.8633991479873657
vt 0.8137760758399963 0.9316995739936829
vt 0.808618426322937 0.9329203143715858
vt 0.8291879296302795 0.9317911341786385
vt 0.8277840614318848 0.9723197109997272
vt 0.8182012438774109 0.9723502304404974
vt 0.8156682252883911 0.9751579333096743
vt 0.8214972615242004 0.9871822260320187
vt 0.8200628757476807 0.9328592792153358
vt 0.8211615085601807 0.9746391177177429
vt 0.8248847723007202 0.9724112674593925
vn -0.6807816028594971 -0.491303026676178 0.5432838797569275
vn -0.7714546918869019 -0.6358909606933594 -0.022360920906066895
vn -0.015886738896369934 -0.9998736381530762 0
vn -0.022452354431152344 -0.6833950877189636 0.7297031879425049
vn -0.03789232298731804 -0.193013995885849 0.9804640412330627
vn -0.627374529838562 -0.46130481362342834 -0.627374529838562
vn -2.9802322387695312e-8 -0.6251975893974304 -0.7804662585258484
vn -0.01775294542312622 -0.12538063526153564 -0.991949737071991
vn -0.9684180617332458 -0.24210451543331146 -0.059594929218292236
vn -0.6607626676559448 -0.146333247423172 -0.7361922264099121
vn -0.017702817916870117 0.04894290119409561 -0.9986445903778076
vn -0.6960299611091614 -0.17630711197853088 0.6960299611091614
vn 0.001058792695403099 0.08576145768165588 0.9963149428367615
vn -0.7290223240852356 0.023879319429397583 0.6840729713439941
vn -0.9987872242927551 -0.0010254420340061188 -0.049221575260162354
vn -0.6712895035743713 0.04703310877084732 -0.7397011518478394
vn -0.054565489292144775 0.09019999206066132 -0.9944276213645935
vn -0.7205077409744263 0.17286084592342377 0.6715559959411621
vn -0.0200505368411541 0.2087620496749878 0.9777607917785645
vn -0.6677765250205994 0.09539669752120972 -0.7382233142852783
vn -0.054565489292144775 0.09019999206066132 -0.9944276213645935
vn -0.9882516860961914 0.1480655074119568 -0.03787723183631897
vn -0.721568763256073 0.25849610567092896 0.6422755122184753
vn -0.02037665620446205 0.23373249173164368 0.9720872044563293
vn -0.6367225050926208 0.1460096389055252 -0.7571427822113037
vn -0.07480883598327637 0.11163769662380219 -0.990929126739502
vn -0.9738178253173828 0.21926218271255493 -0.06002148985862732
vn -0.7449666857719421 0.2578123211860657 0.6152698397636414
vn 0.0012094974517822266 0.27456116676330566 0.9615687131881714
vn -0.6872867345809937 0.14652051031589508 -0.7114550471305847
vn -0.0996893048286438 0.18091782927513123 -0.9784325957298279
vn -0.7155770063400269 0.3439333438873291 0.6079959869384766
vn 0.02226187288761139 0.40202438831329346 0.9153580665588379
vn 0.07360205054283142 0.9930608868598938 -0.0917193740606308
vn -0.9704224467277527 0.2380281537771225 -0.040281713008880615
vn -0.9470285177230835 0.3148123621940613 -0.06348073482513428
vn -0.7051194906234741 0.19991296529769897 -0.6803240776062012
vn 0.6793467402458191 -0.4634951949119568 -0.5689111351966858
vn 0.8096745014190674 -0.5864594578742981 -0.022182881832122803
vn -0.015886738896369934 -0.9998736381530762 0
vn -2.9802322387695312e-8 -0.6251975893974304 -0.7804662585258484
vn -0.01775294542312622 -0.12538063526153564 -0.991949737071991
vn 0.6812414526939392 -0.518481969833374 0.5168038010597229
vn -0.022452354431152344 -0.6833950877189636 0.7297031879425049
vn -0.03789232298731804 -0.193013995885849 0.9804640412330627
vn 0.9897490739822388 -0.14281612634658813 -1.4901161193847656e-8
vn 0.7450624704360962 -0.17252475023269653 0.6442956924438477
vn 0.001058792695403099 0.08576145768165588 0.9963149428367615
vn 0.7493058443069458 -0.12042421102523804 -0.6511822938919067
vn 0.9986445307731628 0.048943012952804565 -0.01770276017487049
vn 0.76003098487854 0.09518706798553467 0.6428778171539307
vn 0.7436482906341553 0.17255085706710815 0.6459201574325562
vn -0.0200505368411541 0.2087620496749878 0.9777607917785645
vn 0.7397011518478394 0.04703304171562195 -0.6712895035743713
vn -0.017702817916870117 0.04894290119409561 -0.9986445903778076
vn -0.054565489292144775 0.09019999206066132 -0.9944276213645935
vn 0.7155306339263916 0.09550203382968903 -0.6920223236083984
vn -0.054565489292144775 0.09019999206066132 -0.9944276213645935
vn 0.9919116497039795 0.12551623582839966 0.018882952630519867
vn 0.6920223832130432 0.09550197422504425 -0.7155305743217468
vn -0.07480883598327637 0.11163769662380219 -0.990929126739502
vn 0.7529330849647522 0.20253437757492065 0.6261558532714844
vn -0.02037665620446205 0.23373249173164368 0.9720872044563293
vn 0.9934818744659424 0.10791459679603577 0.03671323135495186
vn 0.7668367624282837 0.175320565700531 0.6174331903457642
vn 0.0012094974517822266 0.27456116676330566 0.9615687131881714
vn 0.7382234334945679 0.09539668262004852 -0.6677766442298889
vn -0.0996893048286438 0.18091782927513123 -0.9784325957298279
vn 0.7672697305679321 0.25680679082870483 0.587662398815155
vn 0.02226187288761139 0.40202438831329346 0.9153580665588379
vn 0.07360205054283142 0.9930608868598938 -0.0917193740606308
vn 0.9954025745391846 0.08869931101799011 0.03613665699958801
vn 0.9777607917785645 0.2087620496749878 0.020050540566444397
vn 0.729019045829773 0.1996675580739975 -0.65472412109375
f 1229/1229/1229 1230/1230/1230 1231/1231/1231
f 1229/1229/1229 1231/1231/1231 1232/1232/1232
f 1229/1229/1229 1232/1232/1232 1233/1233/1233
f 1231/1231/1231 1230/1230/1230 1234/1234/1234
f 1231/1231/1231 1234/1234/1234 1235/1235/1235
f 1235/1235/1235 1234/1234/1234 1236/1236/1236
f 1234/1234/1234 1230/1230/1230 1237/1237/1237
f 1237/1237/1237 1230/1230/1230 1229/1229/1229
f 1236/1236/1236 1234/1234/1234 1238/1238/1238
f 1238/1238/1238 1234/1234/1234 1237/1237/1237
f 1236/1236/1236 1238/1238/1238 1239/1239/1239
f 1240/1240/1240 1229/1229/1229 1233/1233/1233
f 1229/1229/1229 1240/1240/1240 1237/1237/1237
f 1240/1240/1240 1233/1233/1233 1241/1241/1241
f 1240/1240/1240 1241/1241/1241 1242/1242/1242
f 1237/1237/1237 1240/1240/1240 1243/1243/1243
f 1237/1237/1237 1243/1243/1243 1238/1238/1238
f 1243/1243/1243 1240/1240/1240 1242/1242/1242
f 1244/1244/1244 1239/1239/1239 1238/1238/1238
f 1244/1244/1244 1238/1238/1238 1243/1243/1243
f 1239/1239/1239 1244/1244/1244 1245/1245/1245
f 1242/1242/1242 1241/1241/1241 1246/1246/1246
f 1242/1242/1242 1246/1246/1246 1243/1243/1243
f 1246/1246/1246 1241/1241/1241 1247/1247/1247
f 1245/1245/1245 1244/1244/1244 1248/1248/1248
f 1248/1248/1248 1244/1244/1244 1243/1243/1243
f 1245/1245/1245 1248/1248/1248 1249/1249/1249
f 1243/1243/1243 1246/1246/1246 1250/1250/1250
f 1243/1243/1243 1250/1250/1250 1248/1248/1248
f 1246/1246/1246 1247/1247/1247 1251/1251/1251
f 1246/1246/1246 1251/1251/1251 1250/1250/1250
f 1251/1251/1251 1247/1247/1247 1252/1252/1252
f 1249/1249/1249 1248/1248/1248 1253/1253/1253
f 1253/1253/1253 1248/1248/1248 1250/1250/1250
f 1249/1249/1249 1253/1253/1253 1254/1254/1254
f 1250/1250/1250 1251/1251/1251 1255/1255/1255
f 1250/1250/1250 1255/1255/1255 1253/1253/1253
f 1251/1251/1251 1252/1252/1252 1256/1256/1256
f 1251/1251/1251 1256/1256/1256 1255/1255/1255
f 1256/1256/1256 1252/1252/1252 1257/1257/1257
f 1254/1254/1254 1253/1253/1253 1258/1258/1258
f 1258/1258/1258 1253/1253/1253 1255/1255/1255
f 1254/1254/1254 1258/1258/1258 1259/1259/1259
f 1256/1256/1256 1257/1257/1257 1260/1260/1260
f 1260/1260/1260 1257/1257/1257 1261/1261/1261
f 1260/1260/1260 1261/1261/1261 1262/1262/1262
f 1263/1263/1263 1255/1255/1255 1256/1256/1256
f 1255/1255/1255 1263/1263/1263 1258/1258/1258
f 1263/1263/1263 1256/1256/1256 1260/1260/1260
f 1260/1260/1260 1262/1262/1262 1264/1264/1264
f 1260/1260/1260 1264/1264/1264 1263/1263/1263
f 1265/1265/1265 1262/1262/1262 1259/1259/1259
f 1265/1265/1265 1259/1259/1259 1258/1258/1258
f 1262/1262/1262 1265/1265/1265 1264/1264/1264
f 1265/1265/1265 1258/1258/1258 1263/1263/1263
f 1265/1265/1265 1263/1263/1263 1264/1264/1264
f 1266/1266/1266 1267/1267/1267 1268/1268/1268
f 1266/1266/1266 1268/1268/1268 1269/1269/1269
f 1266/1266/1266 1269/1269/1269 1270/1270/1270
f 1268/1268/1268 1267/1267/1267 1271/1271/1271
f 1268/1268/1268 1271/1271/1271 1272/1272/1272
f 1272/1272/1272 1271/1271/1271 1273/1273/1273
f 1271/1271/1271 1267/1267/1267 1274/1274/1274
f 1274/1274/1274 1267/1267/1267 1266/1266/1266
f 1273/1273/1273 1271/1271/1271 1275/1275/1275
f 1275/1275/1275 1271/1271/1271 1274/1274/1274
f 1273/1273/1273 1275/1275/1275 1276/1276/1276
f 1274/1274/1274 1266/1266/1266 1277/1277/1277
f 1277/1277/1277 1266/1266/1266 1270/1270/1270
f 1275/1275/1275 1274/1274/1274 1278/1278/1278
f 1278/1278/1278 1274/1274/1274 1277/1277/1277
f 1276/1276/1276 1275/1275/1275 1279/1279/1279
f 1279/1279/1279 1275/1275/1275 1278/1278/1278
f 1276/1276/1276 1279/1279/1279 1280/1280/1280
f 1280/1280/1280 1279/1279/1279 1278/1278/1278
f 1276/1276/1276 1280/1280/1280 1281/1281/1281
f 1277/1277/1277 1270/1270/1270 1282/1282/1282
f 1277/1277/1277 1282/1282/1282 1278/1278/1278
f 1282/1282/1282 1270/1270/1270 1283/1283/1283
f 1282/1282/1282 1283/1283/1283 1284/1284/1284
f 1282/1282/1282 1284/1284/1284 1285/1285/1285
f 1282/1282/1282 1285/1285/1285 1278/1278/1278
f 1285/1285/1285 1284/1284/1284 1286/1286/1286
f 1287/1287/1287 1280/1280/1280 1278/1278/1278
f 1287/1287/1287 1278/1278/1278 1285/1285/1285
f 1285/1285/1285 1286/1286/1286 1288/1288/1288
f 1285/1285/1285 1288/1288/1288 1287/1287/1287
f 1288/1288/1288 1286/1286/1286 1289/1289/1289
f 1280/1280/1280 1287/1287/1287 1290/1290/1290
f 1280/1280/1280 1290/1290/1290 1281/1281/1281
f 1281/1281/1281 1290/1290/1290 1291/1291/1291
f 1290/1290/1290 1287/1287/1287 1292/1292/1292
f 1292/1292/1292 1287/1287/1287 1288/1288/1288
f 1291/1291/1291 1290/1290/1290 1293/1293/1293
f 1293/1293/1293 1290/1290/1290 1292/1292/1292
f 1291/1291/1291 1293/1293/1293 1294/1294/1294
f 1295/1295/1295 1288/1288/1288 1289/1289/1289
f 1288/1288/1288 1295/1295/1295 1292/1292/1292
f 1295/1295/1295 1289/1289/1289 1296/1296/1296
f 1294/1294/1294 1293/1293/1293 1297/1297/1297
f 1294/1294/1294 1297/1297/1297 1298/1298/1298
f 1298/1298/1298 1297/1297/1297 1299/1299/1299
f 1300/1300/1300 1293/1293/1293 1292/1292/1292
f 1293/1293/1293 1300/1300/1300 1297/1297/1297
f 1300/1300/1300 1292/1292/1292 1295/1295/1295
f 1299/1299/1299 1297/1297/1297 1301/1301/1301
f 1301/1301/1301 1297/1297/1297 1300/1300/1300
f 1299/1299/1299 1301/1301/1301 1302/1302/1302
f 1302/1302/1302 1301/1301/1301 1300/1300/1300
f 1299/1299/1299 1302/1302/1302 1296/1296/1296
f 1302/1302/1302 1300/1300/1300 1295/1295/1295
f 1302/1302/1302 1295/1295/1295 1296/1296/1296