mtllib reference_topiary_0.mtl
o leaves
usemtl leaves
v 17.80161707420049 151.5684634681762 -2.7463928334356296
v 31.764962541775443 86.9386496506338 -37.19774287516677
v 76.63821610878772 198.82172111451158 -85.99861400333916
v 59.109485055517965 263.29500468697137 -47.97662806323194
v 28.670908897880494 465.83096812090537 9.856070355167539
v 43.61903573584369 464.00408106526055 -41.40801317109837
v 47.39860380728414 653.4041006734052 -19.75499269530529
v 16.030292576692236 655.3434386966736 20.521142351345755
v -34.95758912694736 443.2980845293661 45.34005180118591
v 6.3111146134654375 444.2541618046798 68.9735281185841
v -8.69210310808317 620.3636785191813 60.83489403011292
v -37.49701451128862 620.7586273433656 25.24694823843288
v -7.309167990534324 149.98856491929902 3.242675420336836
v -15.018202188446766 90.23068458076537 45.42389723259633
v -49.96883118246484 218.11045999602072 101.063561251783
v -43.102352637944264 273.6509127879706 60.7871493016641
v 41.243922053359626 401.82132420577403 22.388271928772213
v 66.34426867868018 406.5818110788901 -24.628247332385207
v 56.820295927092786 592.9702473437693 7.450034416566684
v 17.89967492809446 588.5268759539747 40.34889025950995
v 17.763437248590424 151.66134346188522 4.196048193559872
v 52.157893894225595 92.72711483512339 26.58627399309414
v 84.05608455027182 216.96652014424484 82.41048009376827
v 48.36876091994639 277.8180377689872 61.23558273465615
v 32.62396872512938 182.63869398222195 -34.768649442928044
v -3.8577091154151075 169.27431887529028 -78.49944388772559
v 49.012538016311765 323.90864815298966 -96.03952798317736
v 67.39443681371493 336.45813859353854 -46.94492798151933
v 22.073812841430424 531.4017844012403 18.823721746760093
v 39.980134626073166 539.9962673037071 59.93405664999654
v 7.843545337361614 718.4197583536463 53.35221609731359
v 7.843545337361614 718.4197583536463 53.35221609731359
v 9.398422841950664 711.8008831354578 11.215157161547443
v -32.74724943431344 364.799912520281 -1.530745103368609
v -84.67259369497225 336.36915402149594 28.797958310194844
v -102.95226817994606 540.2896911140502 5.1587139527628745
v -48.67927765283059 570.2909709900383 -3.4134424342883856
v 3.746808983209565 181.86300758301743 38.54872204187348
v 54.115826689352204 165.8397021256094 58.84403788198637
v 17.659540955475936 323.99057403324156 114.73773971317321
v -25.45743242023498 340.13267577163816 81.44663074823815
v 50.45239850292056 375.4005657406304 50.06396864342877
v 56.6183206603283 383.5396128376638 -2.6431899723105543
v 66.6608538214616 566.8318365502546 38.133709449467695
v 42.47768188086082 560.7994710366557 82.8881338825376
v -35.186121313590704 231.5479751646988 21.705449096799835
v -55.65446192823996 403.58490831269995 10.877168319356723
v -91.76151020320383 386.5488307682548 -18.28511868874858
v -83.09062071672575 213.0829818605438 4.574421822555422
v -65.2457456889115 382.82371881439934 22.373037544761118
v -29.365007332929476 381.82615295169865 51.69813088544711
v -51.94535405617061 552.753125588725 48.493827421834155
v -75.8422171975684 554.1750765222264 10.830121716176432
v -16.4044020682808 123.58809080649549 -37.24076851146428
v 10.10083190099461 253.04694814006174 -96.42888241865504
v 57.17368576470323 249.0245075676385 -79.90356505386472
v 35.74353503429984 124.11883496862697 -31.898066284149653
v -23.281226946612982 211.3850661150114 57.705739351708125
v 27.027317858117772 193.50603809506876 76.26289927114652
v 1.1116848510550703 359.49646957277315 112.7831391462191
v -40.12636312349575 379.2770265594242 77.82811254966916
v 39.35677564050269 237.81519236527092 43.027823365579444
v 20.764481833600623 411.26119808887876 69.61913090052568
v -4.14236822700876 396.5251276812216 110.3841319797546
v 26.96359486091794 222.38357799259697 92.12551154489593
v -20.116682597032682 363.5748915784941 86.29912466514767
v -43.355043478838105 552.8771783423236 68.92984776984989
v 6.155280733671714 552.6537782563938 69.63372230529785
v 28.495668895601288 360.82387909175844 63.970126504973166
v -50.18159629791741 229.79424694391687 -11.454665754723736
v -67.88632062476451 215.3182592917615 39.65718539681022
v -91.13505130677711 387.48752413772223 15.157063410976741
v -56.3145951023252 402.7183412566899 -20.336588536660503
v -20.54914245455284 382.9894478865496 -41.62894459221307
v -64.73076155805212 364.30512826273764 -40.56977944111261
v -56.83644080725242 522.2289768729623 -60.780926013556055
v -18.798913073352004 539.487478301281 -48.13794075973391
v 13.577035796923902 364.13020036351963 48.25310444268655
v 57.671408014973316 357.6797950924851 80.25895892165778
v 26.654732508922187 550.3237716794953 92.99345842496616
v -0.2849920960803201 556.3590282530297 49.16303739773007
v 51.966746022382125 247.54991681557004 28.2208656701516
v 89.8157611606628 229.1935072170468 -12.154684761377771
v 101.60409559415082 400.14886480616775 35.08613804193932
v 56.45033881420226 417.9019627608652 59.204120335616466
v -52.434914694057674 446.1131508894793 -40.54618163371649
v -29.0144358094283 625.4064379714606 -52.313189806900624
v -19.27866710452583 616.9595493106392 -2.5882196473324393
v -29.68235748020683 437.5068784698727 3.8784308227028435
v -1.1736887881136318 239.55611732062394 -51.77241141401877
v 22.86009431823971 410.5224008635273 -58.67727159515141
v 65.11948709412823 391.8243017722303 -82.70000848244494
v 34.34486276521458 223.37241435614158 -90.07302794869491
v -45.02710864299864 497.34746377299155 53.426430919977626
v -46.043377222977284 678.8268802672859 17.811475306984008
v -5.736780448222723 675.8062107356515 6.18530364017787
v -7.809869886383297 489.28576191579265 28.511076930939684
v -35.16294120803593 177.4393104192779 22.52953259025033
v -8.56252871160432 164.27257868248648 66.98531428659994
v -64.01518667776755 321.4033757607768 88.07119422071563
v -78.76808249105619 333.6393927025983 36.423792989235224
v 16.511762001383023 124.04806970611332 35.86744464288547
v 49.46543945102241 122.1042636811264 -5.542126696879469
v 84.04639762217604 247.0008219320943 55.299213552099516
v 45.68667393031083 250.68911980456255 88.08056200583151
v -37.9618673812686 291.3443685516598 17.876612154517588
v -78.07374000549316 273.016700594444 55.11306871579388
v -99.56901467691257 462.7649051936593 27.366334528434933
v -99.56901467691257 462.7649051936593 27.366334528434933
v -49.76294172091747 483.1888168815553 11.543887337361735
v 81.26261666065126 338.9407330610621 32.627965052296794
v 66.27760064883495 530.1382785707009 55.2851618744257
v 56.847127403799945 526.9007419976663 7.930293561905388
v 55.096919142355134 337.5628614050197 -13.872712381242767
v -39.592258573517086 531.0920655258059 42.54076424546129
v -34.15884464744508 710.1058209036279 15.128558780264667
v -28.592369218510907 701.4645553949312 -27.15551712381558
v -47.278563807329796 518.775436821885 3.8948716727767407
v 25.46616426603062 302.0158902866634 78.52582950291672
v 62.82866470457062 296.87706879743445 50.64137807981236
v 47.87158309005377 454.15821976549046 67.9924168924647
v 6.171531799271351 460.2056788647269 81.22092156898319
v 51.63862949281227 301.97701116246503 9.340852733672135
v 104.32606606971561 306.2416249372828 11.267981191319745
v 99.95005262179637 486.8245688010389 56.501523716243234
v 56.64957789924201 489.0412233007236 38.164267389793096
v 51.63862949281227 301.97701116246503 9.340852733672135
v -6.177215946940925 171.98078275665523 -33.38935103003435
v -50.451337821840305 132.70321793443574 -0.5198887175345046
v -93.01140552430641 285.02231507789435 -48.49250391712339
v -40.57541137605202 323.94863489105944 -61.6538055299774
v -4.8910544847878885 296.3788678326945 -57.075802735456335
v -57.352236875398894 277.25520096425936 -73.57707173805538
v -35.647454224233556 461.5936880036602 -77.95795211641807
v 1.3530783824563966 476.8681713915247 -47.16615038593923
v -7.905528887989014 235.45394732257515 46.18408173088014
v -33.41127099014643 408.60776826152653 54.06964012956995
v -77.72073032349114 391.6797112292192 70.27822685992624
v -77.72073032349114 391.6797112292192 70.27822685992624
v -47.792721921064725 218.60986244021439 79.22340565779078
v 11.765322112661648 215.40857675507314 43.921221898296686
v -5.680005264094496 382.01715063861036 77.02714814914494
v -35.17881857128594 358.2489959836945 113.70337854220173
v -9.492138239342397 191.90279517586777 90.20944279948557
v -74.45901397645004 441.52609006626403 34.61287716242272
v -68.85702685108335 617.439164890079 7.280482668576278
v -25.860575709755967 617.6743920393816 5.577767458487684
v -30.54407872552947 437.99685680960107 17.54850383818619
v -74.45901397645004 441.52609006626403 34.61287716242272
v -8.521867901321471 308.1377097002165 60.27773609311562
v -44.36979612966222 289.5925364156408 83.18789361968754
v -75.4965008713129 442.50938836045157 77.68393032194123
v -37.080483643088755 461.5115368460107 66.59630715377688
v -13.310722713395368 362.3153656486451 -53.802601934417964
v 34.93887467647162 363.6395461915985 -75.27117184766635
v 48.75812004870318 550.49404384583 -51.22894846548246
v 1.7717647857553378 552.239005021223 -49.10313238309124
v 45.8607570392879 291.91422650194545 37.298364432777944
v 90.79597127719188 280.13321358387867 51.01230200820082
v 75.56232880419634 437.85496959536096 72.44053788072482
v 39.19247332520372 450.04476712444637 46.98619129150872
v -65.50255253559023 537.8321775301235 -10.312569188320731
v -38.0853475548151 719.5814388004814 -36.080627460179365
v -7.892310854018204 714.3717487965982 -7.333689200596547
v -25.496212985571916 533.6042088786448 8.322753188178295
v -32.643185356470546 391.9164777740719 19.487323254112184
v -62.931686874449724 373.5237797414224 56.86394342287319
v -83.34820664773777 544.1005586639164 42.679004781828155
v -46.23482546468419 564.391744418407 18.58278991669182
v -34.88884666773278 271.8354397871363 -40.35426406409797
v -76.49977376141887 241.92250619723103 -41.337956593731256
v -78.75724101629783 378.55809129129244 -62.956777144604786
v -38.68906282064483 407.4874262171468 -50.85491758631909
v 62.08976422707866 345.6704072126254 13.461067216602837
v 59.686077861335335 348.4960240641917 67.74877469370685
v 34.1498405914607 540.4317285132221 79.3757401113435
v 53.517133232176775 536.6359170027605 35.131069149558
v 13.859513707048311 534.7048766969696 1.7965362062604409
v 58.30829537759616 540.6398848285826 5.304314137443783
v 44.44234483824002 721.0005362202802 24.50429783092709
v 44.44234483824002 721.0005362202802 24.50429783092709
v 6.135187045795711 714.8818519171767 5.327667894325858
v 35.28818136125099 235.15892779733252 -52.50445970400112
v -3.8101623846789985 227.08421617042362 -90.03839154881756
v 31.69069609304113 397.64918680266135 -94.046376821563
v 53.74153767983745 405.1260685357522 -49.45617022476797
v -67.97988583722453 296.01395599485386 45.14551068854144
v -27.24711819896548 296.8891774575541 70.16626399333083
v -47.400743942561114 455.24409436804103 58.595927681509906
v -74.3443430878046 454.2538124745287 27.926275579948125
v -46.14743191426195 377.9545731431856 17.50532684363718
v -71.56733452804446 377.32165629469506 -17.205719638058522
v -63.937597387418975 512.4737897257166 -25.695393404622717
v -49.45398784997895 512.4822751743587 11.048143304239108
v -47.54518899391955 336.8656278595211 -4.578942037004186
v -56.72370354960284 323.4600082157165 -56.64899593263161
v -46.46838649990052 507.509464354027 -81.52007117984802
v -55.39160544478049 520.43531823346 -34.00558327126691
v 65.6426844634409 337.5470168947235 7.621161933020344
v 36.20670771035623 348.1104617982399 -36.2432073420427
v 71.60577717728502 529.7074355478362 -6.943885970303393
v 82.18634785629634 521.225891714021 42.612580802496964
v -41.79023382231945 339.69060642512767 -54.07004844485306
v 8.454543985719756 345.3949680478554 -68.3651195736382
v 26.204797226612964 532.8829081978386 -54.01723028167965
v -19.22125656773725 531.8132160216804 -57.981394407317396
v -6.462163108540333 422.20104397751214 -26.368015394436092
v -31.174975117360514 406.22632334551474 -65.56521250507025
v -20.74806474325225 579.1378021240234 -82.97712784113847
v -20.74806474325225 579.1378021240234 -82.97712784113847
v -9.683646320358037 597.0024499367541 -39.507601204819565
v -49.035445911677805 355.3117166353962 16.134580758612927
v -63.09726106838917 358.6544952993318 -32.703146690458766
v -47.50531020126944 551.7810160719504 -44.36055506308248
v -50.61540077990435 547.349284014364 0.8601750298513202
v -51.15064110342912 435.9199493888795 22.405587782071333
v -63.97657037719967 603.8098447904812 -0.19185756531170034
v -41.47170566198394 613.1536378635196 -33.308814360400824
v -36.54531371875072 442.79500255434533 -17.13851188111493
v 35.4826473814296 359.79747772216797 -40.031511952557906
v 82.33808157012218 358.06085181048536 -15.941611894472379
v 75.32950930708037 549.0035710372324 15.913316114680974
v 41.478065055186356 548.9911432341328 -20.811419318041466
v 59.02329298454946 288.7540163956289 65.37672572248565
v 75.38345855052077 283.82909579539864 21.651410681056227
v 70.16226531952385 441.62337235578406 41.893133966941534
v 42.67171611936074 447.25928719588154 75.6394534599124
v -41.766223006361116 375.7337510116457 -20.655548478674703
v -43.51206651822789 372.22310314028283 -64.60169168907827
v -31.96720063217043 529.4594426793376 -75.88590693286085
v -42.59086969330555 532.8261382936493 -36.19397249747449
v -34.08766637636921 424.1466897679126 -10.956654867788
v -37.158079973355996 590.7858450581708 -33.481710069761505
v -29.927928616681438 580.6821537768748 -73.13171709616354
v -38.15278293579582 415.0565214983122 -53.51294682720515
v 26.045436934223325 118.15423101890745 -4.312181038650002
v 33.854717814077546 136.5166480146994 12.373986441319383
v 46.081195666095404 135.15548443231057 16.294101795812292
v 27.233517076086812 85.30901172968346 -5.009349758230795
v 16.769263453370943 114.54813123687985 13.77869778730738
v 26.045436934223325 118.15423101890745 -4.312181038650002
v 28.606066553611456 138.62971245773196 23.644094861398532
v 44.27164558350571 128.65195124168096 20.193523309362217
v 19.07068092053331 85.20216453732468 8.29725577605991
v 41.863280018483565 133.7537333721251 26.732216200490637
v 44.3964868079959 179.94105346559542 29.400800626108968
v 40.259863447955276 181.96008336825633 19.28143613920437
v 48.33073127926804 181.09894174290454 23.623282515157864
v 42.628007610951826 225.81857020460714 31.876503013250396
v 46.27856213276781 226.7326895646223 30.759596449183668
v 42.363292588962345 227.09380923293708 25.99601670513003
v 39.45118798984318 225.64587630624848 27.403953507190614
v 36.17947026500552 182.29264912642833 25.62045581697479
v 42.628007610951826 225.81857020460714 31.876503013250396
v 44.3964868079959 179.94105346559542 29.400800626108968
v 41.863280018483565 133.7537333721251 26.732216200490637
v 16.769263453370943 114.54813123687985 13.77869778730738
v 19.07068092053331 85.20216453732468 8.29725577605991
v 2.8546708892649555 119.73695492181253 -31.68756567587064
v 49.47464297136923 233.4385781776248 -82.70665416567344
v 88.15463133684294 231.94658474659357 -48.56990078302819
v 49.32716136842262 121.65573638255202 -4.568429091783959
v 47.43886744882178 179.39404239804728 -11.612831607578308
v 30.85104499276229 164.11161798191822 -65.7967225773128
v 84.86315960020531 316.01327610766793 -61.78173493212603
v 82.18113831647739 333.031331460307 -8.942104113383555
v -33.45724635236845 167.28331723551113 -65.06279697568398
v 1.2730023875011234 327.24147706519904 -105.26712485185759
v 40.085095120227244 340.4628197977862 -70.28061104571725
v 17.874278421477072 183.87950311495564 -44.0920666446836
v 19.875980737641104 182.9816412737989 36.504219366809515
v 75.2357235105019 164.54527697225257 30.060670976563703
v 65.4929970193097 320.7930617445097 93.24484922754483
v 11.953770175693542 341.20067836731437 85.98536956967331
v -43.20066275559073 132.32906033673626 -40.17888561008483
v -74.5294600959838 285.19328184953827 -79.82519667918288
v -61.419624981917735 320.0114242673859 -33.47391453314954
v -18.824024463263083 169.86203005933388 2.5339753139676073
v -54.80930091827874 162.21172227634221 -36.30996454419114
v -49.03991860667552 323.43443923109163 -90.73539043036033
v 1.947399903470137 343.7630585798129 -78.4581195651077
v -0.3755102520735245 184.31047754963552 -44.805585868715305
v 56.19024197886309 441.81256782351517 -13.600889388031847
v 33.64121585380374 441.49958242581584 -52.245737999442994
v 35.68009832712609 618.3023903313584 -33.93442846658662
v 46.48473319106215 621.5733805979331 10.080764612813635
v -0.8471928331560976 97.32740131888804 13.130621647271585
v -5.845750762721686 75.46694259943925 6.6472595836233905
v -11.46831029043423 105.91809205182895 26.160492671756295
v -3.347826872284957 114.29265728147011 23.363723060277504
v -1.184285772363032 64.43051841315322 12.277640460983037
v -9.602924266199429 103.8409311940351 33.979272748541646
v -12.904744683288214 109.80951504444513 37.319251871484475
v -15.773757940202248 116.28379033306453 28.119366469345696
v -26.960450363910105 159.82819354440284 42.03034667518195
v -5.706931779703757 117.69509690953052 26.016669479880747
v 0.9173890355769105 113.7556053522065 30.488498567596196
v -0.8471928331560976 97.32740131888804 13.130621647271585
v 14.843266075990332 76.50347675864153 11.998131049899605
v -29.021372475962 163.33916055874562 35.93009757244681
v -35.33256100857352 233.84443418247494 30.322509018454966
v -36.58540136232151 234.3920835359829 27.32190325504213
v -22.19485485647607 165.3389667901467 34.22716236489964
v -32.999179963990464 236.98038942231906 26.018722789494074
v -31.660102953122358 236.39588844119095 28.963654529391313
v -1.6422348287631208 119.89494946997935 38.0604051229522
v -19.492969268888938 166.14666135292353 41.721491363104874
v -35.33256100857352 233.84443418247494 30.322509018454966
v -23.471774078729585 162.0946531220684 43.92794267399105
v -26.960450363910105 159.82819354440284 42.03034667518195
v -5.9273921129271745 114.34241542665977 41.11445325566089
v -12.904744683288214 109.80951504444513 37.319251871484475
v -9.602924266199429 103.8409311940351 33.979272748541646
v 2.3682594416648386 110.37197638684371 37.84562424411924
v -3.7735996870544013 104.87757329865704 37.81932545459177
v 9.04199645275206 65.6972109802126 13.521481452025768
v -1.184285772363032 64.43051841315322 12.277640460983037
v -19.558283287709155 93.48851489269828 -29.858834161533146
v -85.68697088346707 173.34020043921282 -77.40712071966938
v -60.76502518391046 248.15082550048828 -60.45912194439745
v 1.1322365736398172 167.215321007676 -7.4091207558714505
v -19.558283287709155 93.48851489269828 -29.858834161533146
v 20.87909640289667 419.9548030462791 61.75671975443682
v 60.771999396677096 414.4915633314238 33.84256222116666
v 43.322950836241716 583.2568116075411 47.920463592048705
v -0.14196683498700774 587.846763490692 56.64696843605342
v 11.510309271925077 444.3958612877553 87.62863677317702
v -13.06716030038248 618.5797443540077 75.7899199883769
v 0.6880244518828205 613.7160804328017 35.329317952704244
v 9.956364556560366 436.45408209853287 39.835206166965754
v -11.723029801226039 344.0099626075565 -33.88950674552617
v -23.81424500247625 341.761281171183 -87.29055171876442
v 6.406651003154244 532.0429614209753 -81.54288990291086
v 28.74805701999214 376.6425951259343 23.484009457385447
v 81.43548890361636 380.9072839932179 25.411126181835265
v 77.05948953553448 561.4902841763234 70.64465462692141
v 33.759003079782325 563.7069386760081 52.307417073587736
v 20.680704454737388 151.68250076414094 -19.365978522563545
v 39.055912982760454 203.93955425953303 -27.883972708634506
v 29.027609843907396 203.6000987676185 -33.71768345044354
v 9.651419332646949 139.61660580372248 -30.080209097524328
v 34.231541194315035 201.6346473393478 -40.34461468223512
v 18.08383568065373 104.42597659554069 -27.104902455187222
v 41.918688871729096 303.9002793980396 -35.02283509322039
v 38.542599659266436 303.07904941829173 -33.09113772835319
v 40.061023291640396 302.33122232392077 -29.37702212746688
v 43.36418598655641 303.12166439266656 -31.30169365349717
v 41.692271007327584 196.07356214147853 -36.90010215353778
v 20.680704454737388 151.68250076414094 -19.365978522563545
v 26.901664696340486 106.83730831296425 -20.89010683570321
v 18.08383568065373 104.42597659554069 -27.104902455187222
v 34.231541194315035 201.6346473393478 -40.34461468223512
v 41.918688871729096 303.9002793980396 -35.02283509322039
v -33.669621925654376 127.74002833629218 -1.7671996918250257
v -1.184522196298509 128.5056429585134 35.27451218582514
v -68.62195927327073 251.6167558084323 66.7806779305766
v -92.71888282355361 249.5893530958281 21.452173942656028
v 6.648932150968417 546.1962016548698 62.87397362115815
v -9.501963032512215 722.316531684455 42.328383978896255
v -27.274740493203712 710.9205741581954 5.782740557287622
v -26.453494086978942 533.4737357192153 32.72865700909472
v -24.77879364659467 345.1587646964967 -33.54813874237181
v -79.24061121903067 314.8896863141398 -24.24997138226126
v -76.05137318138063 499.3806673785833 -61.004753187885434
v -27.398232399948 528.4314268217312 -50.3155518704512
v -25.580985339607782 311.51172682994934 -41.27991950418067
v -70.83963221452368 289.82126806664655 -31.296528699829825
v -60.947072787547675 445.1771983950157 -59.359251983522434
v -19.084899209615752 464.8133525698204 -55.40036779689038
v -39.39146601308988 543.4165413924089 -18.94746943721621
v -15.952582434406432 725.8521853469489 -28.765225034999098
v 25.76118848455234 714.3636388102855 -24.514484593248742
v 1.066143470486318 534.6557286780651 -27.983718969690518
v 1.0448928159756923 545.3947022205263 -42.22857201193261
v 17.721588452031295 724.1063606081985 -33.90664894749799
v 35.74663729179563 712.4800944891501 4.885765452553907
v 30.389432832012027 532.5862929576964 -13.87566328048706
v -9.417959202931621 604.9713375061516 19.626852095596433
v 16.409475503005382 612.6468012652059 41.692787268030365
v 5.685491707381301 746.1046984815223 31.343794713808798
v -11.28044419401274 738.6246628648653 5.724448270685091
v 73.34295689590334 300.7349442309282 35.92084007939016
v 79.50888843986932 308.8739913279616 -16.786346989353813
v 89.55142629428173 492.16612117497004 23.990564458952175
v 65.36825904696006 486.1337556613712 68.7449935853012
v -78.18485808184766 269.99342159962094 24.084124978133076
v -61.449788686797376 278.35374742042364 -51.272365990586174
v -37.77563337265976 437.1625419676773 -47.64012464388149
v -76.97816439500944 427.98162445308657 10.061238225050799
v -24.25393720311443 545.09444499579 -44.53713968982847
v 6.4824445275809826 724.9567076915831 -49.08242563563069
v 3.118659039651315 716.655310683363 -6.319805393068809
v -13.797484983609419 535.0992623276599 -3.7904550123402454
v -14.86739891720569 381.4120555487205 11.699775776525183
v -27.18538984539002 340.1659417340136 66.58101175713728
v -74.14948752545935 514.0838848324273 70.3412763715729
v -48.33677622276967 555.0175388966959 24.08560336105467
v -44.339688744131976 210.86088315708432 -40.696333712480204
v -77.90272630105808 183.39654592078503 3.62169437521086
v -102.26436487333042 351.1447606124277 -28.05898274023702
v -55.516423202875096 377.84647753858195 -54.05947918028344
v -58.887572739067984 411.94070981243465 -28.36565567752508
v -55.462520892225854 578.0485483605092 -57.02407341303788
v -14.17435294999851 592.5901292815922 -48.5806108459713
v -15.11857382894501 426.1806818443959 -34.78469576422624
v 31.091066326682025 538.3000786848894 -9.911864057300598
v -12.447015037686807 528.4928524588037 -39.97283657704752
v -0.20845160694924866 718.8721904604454 -51.11430573651171
v 27.670637359769326 729.0328769233283 -9.00797017915981
v -9.421636973779034 516.2696387824111 -65.50337855271468
v 18.359994090448215 691.4671199528251 -58.80565624537431
v -3.3861187499339187 684.3340115284357 -22.186963107642228
v -19.090182668580784 504.22000134085107 -21.38757799554059
v 17.583543860067532 490.08027775081126 69.99804748324898
v -13.950862518445714 686.2560782845565 50.753791501202926
v 7.041836465437582 680.5226183313084 14.15009925684591
v 21.572347701065183 480.28093623364066 25.059357872159463
v -7.845870270503788 610.5378669077957 40.63597814304622
v 12.874641991037084 606.8044196902298 19.144760811422753
v 10.370240202100259 741.1011372964214 9.078184568037198
v -16.727426390009605 742.8779752235713 26.47851630458682
v 26.907836358378255 721.5257329264964 44.73480183308519
v 6.336290535964365 714.8053326944666 8.040156186096311
v 18.68016020519527 534.8441732211376 10.690348824178141
v -33.89864690660492 325.2962067371278 -37.19441299363384
v -50.76257262642928 316.50783508781376 -75.57515553602084
v -38.27412062742579 456.36804085078205 -82.29481892322931
v -38.27412062742579 456.36804085078205 -82.29481892322931
v -32.668735567978985 464.15006081889 -42.71825467507671
v -7.798564363652328 627.8660541444314 39.948783521577134
v -13.016224142134659 758.8927952323373 27.685559640719198
v -14.197724306677271 751.708548838698 -3.076155530655478
v -18.91917013746547 619.0646539522908 10.47685507714279
v 33.02989512916625 439.92677072840416 14.8975027827766
v 76.45275179795394 444.04972256637933 34.40307115945291
v 54.511456039008195 622.2387373916746 53.77393538557639
v 21.515134281999483 619.3516949030359 20.57560081557026
v -30.412570698054758 361.732723206047 -14.776192077501554
v -82.04661955044965 352.24482769102565 0.14606728511825792
v -73.8712276999406 543.7023433174675 -23.335629091488094
v -25.464000664358064 554.181684659222 -17.29487668810867
v -37.774049390958055 486.808010912317 24.037210960087815
v -12.567837641933773 499.7809102216105 58.48827324514314
v -19.84220086120245 682.8435011736052 31.792730327666277
v -31.245463476406307 672.9531475878138 -8.753297014499275
v -47.12137180989183 273.8904202078271 5.783222791716809
v -90.30240727221873 272.6548300014706 -32.93705033505057
v -68.1527205339567 431.6662991140771 -40.03904466553936
v -43.259399143729624 432.42401964082495 3.2566977650161806
v 25.136977668822283 305.9284142621859 -43.25677090742457
v 43.43855099415216 297.5759543771819 -86.83413971127487
v 66.00371965273159 450.9223727729377 -71.64476424690307
v 37.69729315765261 461.48547976035775 -36.287415684677484
v 8.996204128415567 641.9481442669246 1.0941495869572708
v 1.5673254007898918 775.0281386488066 -2.203003950710372
v 2.1622953276465258 778.4289262426181 29.163590566379817
v 20.034317895183413 646.0156027726301 32.08989702810453
v -17.45175540916563 137.05658161734033 -9.844616407484521
v -36.6122422255869 179.4507559828871 -27.47003018386721
v -43.594912281186566 171.64134603785718 -31.10409252286896
v -41.24219492664488 261.8829471858468 -40.27846291309267
v -38.21328634352196 260.3671494431383 -36.23644902011541
v -32.3808592135512 180.208964610663 -34.94774262736163
v -35.91231708451519 260.84546967754216 -39.47479049051841
v -38.94083612547146 262.34540413683794 -43.47300435614398
v -40.54906800037294 172.47935918372448 -38.73665267088282
v -38.94083612547146 262.34540413683794 -43.47300435614398
v -40.54906800037294 172.47935918372448 -38.73665267088282
v -19.07568043611181 108.82638570830578 -31.53293151555099
v -5.898713244227912 133.18626899418868 -26.41309668698649
v -19.07568043611181 108.82638570830578 -31.53293151555099
v -0.3849904925569775 124.06263764448993 -23.629536309580164
v -10.103133954401091 77.54431465479333 -26.375763998256893
v -11.973589893401138 126.13413840766967 -4.335548875369425
v -0.3849904925569775 124.06263764448993 -23.629536309580164
v -22.17220743810098 117.29615879809764 -10.55502516078198
v -11.973589893401138 126.13413840766967 -4.335548875369425
v -14.726119482611109 93.10466098034476 -2.5744618862632693
v -16.291867794952996 70.10982731195885 -4.539437826693527
v -25.291731507759394 109.17833470922756 -17.04230787247185
v -10.103133954401091 77.54431465479333 -26.375763998256893
v -34.68224617439931 514.4558929082916 -46.79217582612526
v -10.783061033158791 693.3792745034526 -51.6834174554179
v 24.785849991745838 682.5216548649345 -27.420973683905416
v 5.429250987495963 504.6143494253084 -38.24890598537415
v 32.12455924101702 255.4825347239577 -11.1878434504111
v 79.13973387770766 251.24200685756415 -35.049265294563114
v 106.30201167009008 435.7283509622409 -12.117590256563322
v 17.180394703947655 646.0434620774637 3.4134767538919224
v 8.728720658407436 651.2450420950341 -28.13253111726656
v 13.10658032499899 787.2375728577141 -19.78556471546804
v 13.10658032499899 787.2375728577141 -19.78556471546804
v 11.404604893031083 783.0834576464075 11.19197470935311
v 18.13891835100069 272.82249270461676 -34.637627169841856
v 66.29568385326957 268.15536453967957 -56.05215162742795
v 85.06502692155013 456.83706839253585 -50.507666557792604
v 38.16226570625005 461.1221073180672 -48.570862905247004
v -7.351631606657675 645.6227189912571 -5.2569648177604975
v -12.477486152348556 667.5564773439422 -36.862382269281106
v 0.8561177633878754 792.7283339613066 -15.559056847114263
v -0.6025579691989216 770.973971509558 13.23837229586023
v -24.134256239012473 231.9371606421283 73.06601118853712
v 27.405868365070013 247.33776182640256 72.72932473130113
v 2.609130552434546 429.6125952653059 105.97108855960876
v -40.81638309899278 420.5042170727347 89.19288792948085
v 33.27979581562553 646.9695774588998 -1.0944094772883288
v 1.660864653549795 643.4695927176889 -11.833204528478188
v -1.5314779882355938 776.7810220793476 -7.521348792736925
v -1.5314779882355938 776.7810220793476 -7.521348792736925
v 25.0658111309442 780.4728680708278 9.027793416826745
v -23.84974261907142 446.77816976712444 6.55601930430555
v -66.56119203942967 430.86029413178215 -1.8502721988310027
v -72.63339879944569 599.2126089381421 -27.64501674907414
v -35.056570383507434 617.4051104568122 -6.659858691410756
v -26.381083830135076 448.44270691158266 78.34150565890816
v -40.2265552460678 622.4038281778651 56.975685705350145
v -7.816857005667499 619.2625976922944 30.284547430323805
v -7.816857005667499 619.2625976922944 30.284547430323805
v -3.741505871138235 440.66748281163495 37.58835510944757
v 6.406651003154244 532.0429614209753 -81.54288990291086
v -1.3424450252938458 534.220305014783 -30.244328374937766
v -11.723029801226039 344.0099626075565 -33.88950674552617
v -12.074823923936979 645.2402730626384 11.270900410930004
v 19.565970878901446 653.8680970199465 20.570729191847676
v 4.476065652107629 801.9900134229285 19.028298263474714
v -21.756516666862908 791.4888577198419 3.1079466300686516
v -17.361563491070363 443.9483101912371 -48.78290525571568
v -9.148167812918116 621.7177458635466 -47.52866865143063
v 30.910030124694345 622.7051742433563 -28.66475131568008
v 25.829717399567134 445.30785928560994 -49.56783272149995
v 54.4710328259806 300.7724716907411 -54.719959657023274
v 12.691838769462166 302.5653230862355 -73.05131183834527
v 35.67530648914848 457.00024432084695 -66.77619115574154
v 66.1440064587931 456.3825336966928 -39.37922124787578
v 55.675121742909354 232.6527730686458 -26.343507090891443
v 34.62532139199925 224.25548298152412 -76.62629517983264
v 67.05723878905529 392.08085518183674 -66.26121171816128
v 69.36841123686062 403.84577953909326 -16.72263455203199
v 29.87282951985757 304.04451325183777 48.099211820467254
v 59.81169347687969 293.846543379656 83.47600463807113
v 35.4579067605687 452.4821559275229 96.28324058112197
v 35.4579067605687 452.4821559275229 96.28324058112197
v 19.142716888367662 461.66138386163186 55.7632427515946
v -3.9434720446744307 320.4898008211391 -49.94945732627328
v -20.200192458986297 307.0232060950572 -84.60434403006487
v -0.7540270627483608 434.78853120578555 -92.45210745203214
v 6.707348809467526 447.59919324259124 -55.55123325407975
v 14.342056719336924 643.1378342035249 7.396870710718351
v 20.829342950986128 648.3967848650115 -22.667662834557962
v 19.92572949627253 781.4001098392517 -13.178943649051696
v 4.53138445306012 776.3260368287094 13.097964637861478
v -11.70889012456879 179.32110884058196 15.068579846479762
v -56.99489529677263 138.469530841497 -17.75886951469061
v -106.44011610136258 316.01421476349117 -41.567894417469894
v -74.60042716949944 353.23120477631335 2.667403772590667
v -74.20824268671471 373.91564977450633 26.476129772156245
v -45.642960728622796 382.0168878149799 -27.07878435690572
v -38.43200019025427 516.9709273210661 -27.362460226524533
v -77.29837744254766 507.80919593150225 11.892111047985047
v 12.426586367013886 362.21068675123803 -57.60746678029459
v 65.55050376832016 359.0210591714213 -53.95292297122985
v 69.77926089069037 548.2453624094566 -22.62682191968903
v 26.140086294159175 550.3918805460291 -44.15672125778799
v -71.65267242221383 204.49625225517696 -46.14468634597899
v -69.11846596424974 363.3135697973056 -75.68542412885532
v -18.185157710172998 387.2260146253691 -71.06402258234701
v -19.168609709251584 229.46849582702157 -60.11801441823404
v -28.96499446057898 623.870797044649 27.54220108347615
v 1.8401226894123348 622.0703800832193 20.90724199775636
v 2.265080193600317 754.2160364586538 10.78449717656834
v -29.115526694951097 755.260047011488 12.209147918881394
v 17.44715834227134 312.2269637941376 53.274593954011216
v -26.402325611414874 294.33961928360105 80.41537652804158
v -63.78960891032782 486.6314309788501 80.27440919650822
v -17.25544023701525 505.18276184562626 73.5378171515277
v -8.434333552525738 300.0426104688269 87.83709345840094
v 37.564952073134776 296.4458503122405 82.15128906129853
v 10.570497728708222 453.22463268370143 95.04297586876577
v -32.295272575588676 456.0763441671537 85.58086522920864
v 22.18691382821151 237.93832523616283 -40.32871385258952
v 44.39330476475513 407.88068546084907 -38.00867345389419
v 92.9995033684678 388.7181394682156 -42.90249873334029
v 70.00168477456401 217.5167038684755 -60.801196286058804
v -13.259817061461803 441.30490520807706 62.513051070566256
v 34.972628739875134 438.3700663649191 62.12803791827105
v 15.804786381759044 614.4296465896247 63.88531425806482
v -26.505361861131323 616.3266700083816 45.5693654188021
v 67.01606934464823 208.9295612545464 -42.51742926169568
v 108.29919905174437 365.46046339620756 -36.81136632528831
v 86.70626662847565 396.62199696217937 11.47683211198942
v 58.461967415696996 241.40357971191406 12.2023227177267
v -39.15590798760962 227.58438831239235 -29.58478890066072
v -43.358558744896115 384.35575530284973 -48.73019503796195
v -41.806233210826484 366.97710592915695 -98.93744949280747
v -51.30400338510829 206.73489007424183 -78.41414823306827
v -22.459185029578023 331.8890248696635 -65.59502890729529
v -16.136439297142932 470.37582697830806 -65.83787794188252
v -53.079883883318566 450.2861894021823 -59.46388394813838
v -60.400507581515576 310.36316879152315 -48.19344347856176
v 18.85635176981528 625.1210490549644 -59.80456907918134
v 3.8724052389775676 619.9374161367341 -18.929277114042147
v 2.809919886232361 440.75977145217536 -26.94184151221448
v -19.46950991322675 254.37871302206688 -79.08995695940153
v 5.355703783786203 428.5993350772407 -101.10485272144709
v 41.79616143384318 449.4992579062154 -51.522799364225136
v 35.31292432875145 276.08790735560143 -42.28944853534849
v 3.9671431845567358 260.49467522328297 53.35397138370304
v 55.607834200220786 275.25597669946865 52.58992900998574
v 33.49057567401195 452.144502654789 100.7450096250519
v -10.508917213424922 445.9443430262288 84.73341859231785
v 37.716244618723714 183.29472053708054 26.66549654457513
v 81.35327204005925 162.03865291565424 -7.733330130577087
v 100.90566056919849 318.489750539224 48.11564768393209
v 51.89986210169755 339.35295315239375 70.19784037522444
v 42.349527201314615 303.9603721438431 -21.03023641691433
v 76.21621522377795 292.43803399754324 -54.619185567840816
v 88.55588792815922 448.8353654155581 -31.94073053795522
v 88.55588792815922 448.8353654155581 -31.94073053795522
v 49.0174237198717 460.7558062696082 -11.16817391763522
v 92.01105185381071 334.2703946932094 -5.458104680842302
v 87.16208728279655 524.5609734002061 27.26291342983096
v 35.91823061620157 533.058624567948 33.344495014881524
v 43.152964959933065 342.32522558978224 21.65068322279322
v 92.01105185381071 334.2703946932094 -5.458104680842302
v 14.864098368667243 439.842291704313 -26.311306502875382
v 39.063424575985884 446.39808925118035 -68.17763245950533
v 45.568403296583284 621.2730858269639 -42.255741404736135
v 45.568403296583284 621.2730858269639 -42.255741404736135
v 12.52624697572603 619.1810472743718 -15.907553941246093
v 54.248022282217434 296.69414355060246 -0.12256283914362352
v 100.03884946267436 284.81560429250163 -11.025978120293205
v 100.6874887962041 443.145008537713 17.257458347035207
v 56.50155656919705 454.84730577844334 13.593261636148288
v 54.248022282217434 296.69414355060246 -0.12256283914362352
v -20.616493356509473 195.62535398588406 20.23720600473599
v -67.8331551589365 152.4542823551208 20.760546519061712
v -115.44631222101647 309.8026973994698 -1.3434260672940983
v -70.34985568579727 349.8699533657765 13.562075969741102
v 1.557503687584494 418.48475538839506 -58.06559183466153
v -37.33951275742899 409.0206641850509 -31.94577815964466
v -36.018380499261575 583.1178905457024 -55.435825520613065
v 5.959013667632276 590.8924388134574 -64.42466120081625
v -2.202298492193222 194.35722996869427 -42.114220266267075
v 31.997282204665538 154.7756251387709 -73.91172131215494
v 79.4472750716322 308.2641278664897 -83.47802274809109
v 39.12226186962578 350.3411210428073 -61.90459559282919
v 29.408666561907673 676.18340019166 19.758470415130375
v 4.830031296399635 669.7925056998185 -2.933796641864176
v -4.9171321035370115 808.1423391507367 0.5309842526912689
v 11.500568371119462 814.4154135636458 27.08164256388747
v 7.680921456006568 669.5411712165893 19.363256420676166
v 27.871932101061965 676.7559051513672 -3.89063569504445
v 16.652235365289403 815.1177533968228 5.073925758909992
v -8.48676452017206 807.3384743037186 21.708786018251434
v 11.735854186410979 461.44650677057706 -19.82275895246371
v 63.37017055571549 467.3726915374516 -9.622068151714295
v 52.17763851946734 654.5741163839506 14.267556779966581
v 52.17763851946734 654.5741163839506 14.267556779966581
v 12.574209941653756 652.175062284695 -11.075702239209273
v -18.817437446023536 313.7963400112362 42.652788124685216
v 12.890716472009975 292.0380164319136 89.41161350941096
v -32.980496019828976 484.75273012176274 102.8132720256415
v -44.71094120205857 506.0624700831616 51.073690099040356
v -45.81671530806174 166.08148109255814 46.80366966668077
v -102.11126072200265 322.0834131315937 29.45967781262135
v -79.2994743257057 339.88550892026404 -16.863665242833417
v -39.74574288045328 184.7464080870621 -8.303554743293702
v -3.130892951657453 157.62884785809857 2.5799703292959317
v -32.04356966994879 95.75642938688985 34.60372761478575
v -95.27615674837368 221.19972649521716 60.101592634606554
v -67.02768051718164 277.65028120025875 32.24552616359681
v 26.958537852670265 414.5310619684655 29.89631234191534
v 55.73635026225894 419.62612332321527 67.97995154313216
v 28.940220986764263 587.9209923931933 75.05641678186852
v 13.996484711414247 583.5750910240835 32.22549524832898
v 26.958537852670265 414.5310619684655 29.89631234191534
v 4.209315800291347 611.6330905223456 16.69509673681785
v -39.328754417539585 601.8257141113281 -13.36587226296973
v -27.090193718437135 792.2051647516687 -24.50732968923614
v 0.7888918933201963 802.3657010296199 17.598980055080624
v 89.26308999850056 211.60497440127878 -9.397156829909077
v 38.69140946020292 239.86108659759282 -18.71152656284843
v 77.27304781515768 394.45148678276485 -20.82228660583496
v 118.12481354540728 368.6081893800751 -1.9365745618587404
v 82.13264735664909 145.54372922642025 -7.6932401403667425
v 117.3604285623145 297.0423285416731 20.490460039123775
v 78.60959984186128 337.4754162285272 0.15263772004936624
v 35.454008992262715 187.77197740209385 -23.820862526030055
v 0.5096211428130706 640.6966532309225 20.283434804030293
v 30.649609453096165 647.0907766987958 12.54289873003021
v 18.190351996834824 780.2803309883659 12.867320475615855
v -12.502320638791783 772.7749892107146 14.40075790788245
v -35.998452836134305 88.72020901657466 9.768319528872572
v -102.68738889318752 211.29508656779612 12.304076528924657
v -65.66160307155819 270.8381179749496 -0.9789964638826416
v 2.042907253494413 151.30126570153425 -9.663209436446664
v 106.30201167009008 435.7283509622409 -12.117590256563322
v 59.77422233641617 442.92104525828927 -7.64423233317578
v 32.12455924101702 255.4825347239577 -11.1878434504111
v -58.91814475923073 439.55979384775236 6.707068972700225
v -43.18792050279032 440.05746916523134 45.91871903637263
v -44.44696771816945 616.9471590537725 27.411995440956176
v -48.41297160922073 618.889538321908 -14.559985615137055
v -58.11229465514656 240.6000152347595 6.375462403447609
v -51.27204684760627 216.3139666159322 59.40437786222443
v -91.34229712598906 381.1212224284495 57.75296781945416
v -78.7049954331766 404.9974726879691 10.289820864444643
v -28.92361381861169 642.079255712314 -23.950042687063142
v -10.792041622747586 639.2718487837184 3.2106247239225496
v -1.0710090076125514 774.4137320931502 -0.04608292722942557
v -10.04315150065685 778.4133821021853 -30.049228762078474
v -8.41440588939847 637.8544784906343 -17.795021843722488
v -33.06717853846513 643.1749298816591 -2.0051338365228157
v -21.003172622890922 779.3307867575818 -9.342044239907754
v 8.227955989950285 772.9251741424321 -20.292298061641183
v -1.112555380998634 651.5761998694713 30.44720709793211
v 6.2096277325172125 647.6019311138964 0.5356822984190438
v -1.126963161225394 795.5560158556841 -2.7361644182618208
v -17.623392146403397 797.5250904954324 23.579142225070264
v 48.24072357237809 124.2031450346699 13.847785202536997
v 24.186351637201987 123.50848340612697 -35.001762269988774
v 88.34849192401556 243.66637853186901 -40.38067783896379
v 99.01417521979866 246.0505830960011 8.858588384831046
v -30.324510701998012 240.65006436325436 30.659357393820457
v -63.61408965794121 404.4157689011942 37.94676675571232
v -109.4838390200157 381.1385687880629 26.69694855457216
v -80.61434340289259 216.65789010956533 34.006090145411456
v -12.377688265222265 272.0645281273549 -42.048411106500104
v 29.477444220715622 258.76995146743894 -83.57494834839828
v 48.24035280332791 430.8758382722149 -90.75251151257613
v 3.193185965376576 446.9845989557702 -63.87042717670831
v 32.42452782908763 366.50376057061624 -39.50119487882599
v 84.05882542527567 372.4299453374908 -29.3005029047568
v 72.86632154870222 559.6314077302227 -5.410914932648967
v 33.262876544411725 557.232353630967 -30.75416163196714
v 37.84173351573193 193.31442089531367 28.455724397043543
v 19.633230261915312 154.0836762255571 71.36084902004933
v -15.269779548870298 312.05763028362605 118.60483274685117
v 7.035330993922677 351.48774545023764 80.98454925957627
v 33.399218649376095 351.0456761037271 38.22256730297419
v 88.1902533253347 343.0359757791354 40.94981302426556
v 68.24331959401529 534.4194877804733 66.72045846623699
v 21.08416923387783 542.754075658603 45.16559322987955
v 17.79177057461476 364.25444084828297 -39.347123912000285
v 0.377989623431615 363.0192073311393 -89.83702171505905
v 25.22147781266941 550.9203813207431 -76.27024894624245
v 22.931917915194056 554.0005991778036 -25.30284988598561
v 36.146964613846905 542.9442473283904 -17.387187621724888
v 33.981100780757394 723.5121539258582 -4.217516425557024
v 15.173170744903445 712.902865071935 32.90006494897557
v 33.868032646930125 533.6999893188477 23.473477739048757
v -6.029453920567129 363.46927402526376 50.18125838182104
v 16.5579696809213 360.58478468046417 99.81435114943137
v -16.742699493573408 551.5859258456493 94.62695422135
v -18.9871874850566 555.3937146044153 44.65059032590371
v -6.029453920567129 363.46927402526376 50.18125838182104
v 64.54414270055575 157.15423531419648 -42.189613101989266
v 111.72446678942583 308.6589828250915 -12.487171907124557
v 80.78688711631955 327.8748820147177 33.32366624216395
v 47.64686888597143 177.7487289248489 10.053963642420731
v 9.604124572333388 151.85511018347552 -15.687917865167453
v 5.6104649474301675 95.57876061266802 -57.191172922690086
v 34.259043809935804 221.99219606054112 -112.19600992878591
v 34.259043809935804 221.99219606054112 -112.19600992878591
v 30.447803144379865 278.93062651626707 -67.10733485034132
v -25.525334782487764 121.57809077285407 -22.62686650584063
v -32.39835106481718 251.49991193155606 -88.12743847764384
v 17.515877335090337 254.15572594469927 -95.36246615132009
v 21.799263053053007 125.27849730544203 -43.80679036688617
v 22.58336215507327 544.0286200816238 -38.53346653810637
v 31.631537309781773 722.977946123739 -24.638192390832376
v 29.519718932354547 712.9769062432717 17.278694261716108
v 35.89629657625213 532.6023251991572 0.7701926226690998
v 31.946287380428767 439.3169072669322 -1.2245327674263107
v 79.05308655866489 442.2453632504921 -8.828787822423019
v 66.70658043989047 620.8699143777683 19.81234221946536
v 21.88490131708581 619.239957313838 8.334442973136902
v -48.78076042715959 136.375033010648 26.495168058890997
v -114.41472947128176 313.2301991380106 0.0842316736151853
v -61.64514173672894 358.8416632704848 -35.190439130377584
v -15.034491386939223 183.9082447562631 -28.39689648996188
v -58.00835260256069 543.6419314286841 -17.822701630629894
v -13.071913418807384 535.0074242419146 -19.83973688966646
v 7.643022053823697 724.2971705639457 -19.107126579509945
v -34.86541547174529 733.8494578684409 -29.204682571681467
v 9.498091663901262 534.4708134808878 -11.397912277011422
v 50.540247301417075 540.5603619072381 -26.308150272669756
v 53.100003970889595 719.5748306634858 -1.716452144731687
v 9.979439063335029 715.0375936913679 -4.867116121325906
v -22.750872326648143 522.1963867427796 19.27025440171009
v -66.69244428319256 526.7137242114451 26.159317005337694
v -52.18929193151279 706.4034619669276 -7.898993496819744
v -11.022555546497737 704.0249081108514 -3.8687289347798806
v 49.33864112914078 275.81068474476734 -20.49565315246582
v 31.67339431957936 266.6154996616634 -70.4326592092439
v 61.439716909814074 453.99932410773334 -75.37646556463767
v 59.463658670740806 466.0224914550781 -25.146650517080715
v -2.1667156632490987 531.869310093677 -2.9047405508559523
v 23.756273618833287 533.9020255982407 -48.90022784706176
v 33.40922237381222 723.8743999811609 -45.03814254220077
v 33.40922237381222 723.8743999811609 -45.03814254220077
v -3.1311390554811074 722.2230415644608 -15.420277756968822
v 22.93959846646767 534.9070256150613 39.08205454743754
v 49.172217451681306 542.35375772311 7.854559876787381
v 34.88731665874091 723.2602187029021 15.758298278793577
v -1.8313572573380208 712.4094324787771 36.016477374579964
v -15.18498607507841 95.25837860708162 -52.4117345885029
v -16.945784720848867 223.01388537789893 -113.45206283208893
v -1.4401436966704573 281.2898065161517 -71.54460967056394
v 6.960196288551871 151.78457019835946 -15.968060868931568
v -15.18498607507841 95.25837860708162 -52.4117345885029
v 73.2237569929108 298.9032512574684 -20.14975613496435
v 42.96126328115388 298.7843235646646 -53.747831367132235
v 58.634459503053684 453.74314616045615 -40.16301294011394
v 76.52087474432517 456.4438091488335 -2.4265750479979777
v 10.53290573630746 530.459824509508 44.4785581799004
v 51.32876981900433 539.613032904197 31.896491689006176
v 29.58021530016201 721.1785053643655 32.29206941259189
v -11.492788087664627 706.9395470806933 31.64216054706123
v 17.512042926052423 151.60590644896502 7.385827424957997
v 36.28842004640835 92.99124319722334 43.03109458112341
v 38.400252503672924 220.00072509285033 110.97856393949253
v 18.536175095190213 278.2071669270673 77.65818768598902
v 15.779313609356016 301.99278058029535 39.38142239578127
v 68.46676191945714 306.25737558199666 41.30854850678932
v 64.09073439170056 486.84026312640333 86.54208633843369
v 20.790252629227528 489.0570302647869 68.2048393985418
v -25.07539011362031 123.48206963126115 -26.539970101333978
v -8.33735163286915 120.72823179049755 22.344375689198653
v -81.29543206823153 241.58464642021602 28.911502811852404
v -85.51284084169883 243.65156654297837 -21.5306643425949
v -2.4565687681746295 191.35687294907459 32.66025950589518
v -43.9101410663034 149.05777503186323 61.04691291418602
v -93.82427208066926 307.5603612764614 70.25304741746798
v -52.17492111085907 346.6389122910387 55.60456767795593
v -2.708465564908005 481.11296075535574 43.330047074265366
v 42.75027222520723 488.11360606997033 48.985584514347586
v 15.64240479093837 687.766788512703 42.57119077397144
v -21.16373908801342 678.2694688932164 21.332549297903466
v -26.068795384384515 193.39707892710769 -38.991535273123915
v -14.638552280861562 367.24833991583876 -56.5135572838971
v 8.968581247517443 353.6482683316929 -100.15001447182003
v -17.217077373519658 181.35791688453494 -91.76702949944443
v 18.228040201457468 191.24573609960362 -32.65069694969598
v 63.60214056931143 147.65268235694705 -45.65787127637488
v 107.6472462631586 303.12312869575084 -38.81285509725255
v 62.39050955284299 344.5185638788178 -34.03085423266794
v 57.295513904000835 443.0440467173659 17.279133083313468
v 51.40065677522674 439.4160668680987 -27.77278657973282
v 46.497160994161774 618.1263735913855 -6.966005981437804
v 39.480741568437715 622.6558384932871 34.65200503041425
v 8.113095023500637 443.7785636721634 -57.05607688333106
v 14.179900405913827 620.4094473771223 -46.58081400112843
v 42.53895733300157 621.3782528253992 -10.169209457757905
v 45.008593656885346 442.6095241636742 -35.156051474293385
v -3.5480896788319267 398.7513564703033 45.2434406505795
v -25.49484724134911 566.6865701750507 49.981301225076514
v -66.51849258603073 550.0595963846042 55.09592886046162
v -43.01653133602593 384.53338653083864 66.24794381809986
v -36.960882464731775 119.1144946991928 19.456199773653285
v 13.63224049252788 122.48281418807863 27.55816761902937
v -24.04137389866386 248.36365632184848 90.424141545934
v -70.01388730026606 246.0338374761146 68.00195363562877
v 0.6960381526411988 369.3981621209092 43.43759356521246
v -48.56833792108251 349.43257729838217 32.723402883124166
v -83.12521957037018 523.2063804085799 33.34803374733512
v -43.3773881807102 543.0639822652021 58.46707839665451
v -56.21974862466647 257.39878181397444 -21.43278835326668
v -54.173478930015264 256.22870978407974 -63.42515232056145
v -52.27585477153148 392.1154728085976 -77.41904634190357
v -63.30137647043063 393.5968969750592 -39.168990503145956
v -44.3117496535534 229.46633691862814 42.76069130484514
v -9.538357065418575 222.7638650128222 82.95036676361805
v -45.59995151880219 395.942710516021 86.86423301696777
v -63.10427282738873 402.9366726011742 40.00831776716578
v 31.893133647798553 339.5028001680149 1.5172846321984539
v 73.27166598612868 344.7649047130675 -31.07335389129759
v 100.56869251521555 523.1630145095465 10.894291748212078
v 55.73656615309828 525.2881312933494 25.088934917149583
v 43.0291750299649 445.24647119477044 44.51476682828167
v 64.54211051069845 439.10094133512246 3.364517346141845
v 53.065001495241184 618.0093044371117 22.899524902734232
v 21.370933281155082 623.627234631636 49.614657567242
v -16.41993799547511 193.1595239113635 -33.617115865542196
v -0.3708999486654762 157.6026593606303 -80.1203100700078
v 35.050595839192546 314.1167971092885 -108.14423636188658
v 7.751770610884419 353.42133889986775 -70.4436320958175
v -29.902329125742277 607.6554050595742 26.584877742557076
v -24.800664327276035 745.1079961821789 12.131653667434934
v -8.239263272660924 739.7392603356069 -15.163787706630437
v -22.2844049686522 600.1412023709515 -1.0820275803250592
v -44.16688220707451 307.94733152614805 -15.57329625595273
v -54.764911884397975 292.7743919252411 -59.314337302380665
v -40.097368045116035 447.2054458978608 -80.33468967347633
v -41.31496421934113 462.52419629434905 -37.998707275691
v -25.528568451798808 179.90014684481883 22.665351394593248
v 12.082033973979199 151.69228155781903 56.36677967281793
v -22.562758659753275 304.03507037425607 107.78151159211407
v -53.27775722413551 332.3315447709692 61.368712290065496
v 89.03518436461923 228.37976771076833 26.166373350488858
v 52.289352642269584 249.2355361698181 -8.23397101379755
v 67.15467126350704 419.674670602393 28.24542794640609
v 90.33590789854996 398.07469826045 68.00922821825884
v 64.93028223983885 221.13199309101256 71.15097965781145
v 51.74687997562679 236.88986545472633 21.684000811238928
v 47.40711741560088 409.6964212853139 51.423193901542604
v 45.42255026148999 394.2412278783603 99.42351363775299
v -29.048457389741433 605.2022843849002 23.702211736694096
v -3.1254836541461195 607.2348872507652 -22.293279959460882
v 6.527471847421541 797.2072991799182 -18.43116884156475
v -30.01287696868416 795.5558656707524 11.186661917393602
v -29.048457389741433 605.2022843849002 23.702211736694096
v -62.181156451307885 442.0907854095219 0.736488572021169
v -22.98404851297694 440.5391122412494 -38.14829616096076
v -3.0908889071209225 618.4347783486675 -38.8017390656659
v -47.43455432531402 621.1287956538163 -16.999074558573447
v 32.82089402356486 236.18305761983078 53.6230652351079
v 85.45949703126442 221.03480466707487 38.256478591228095
v 72.94407979709896 392.766562033826 76.17074204242135
v 21.395655128899524 409.48150664802614 73.82911490643119
v 76.83631003372312 152.72346068554975 29.22303563966526
v 89.35140812490869 307.01622249573234 79.92388695243775
v 66.77410264653484 348.41533720962644 40.67384821223462
v 45.51126262334388 192.11500648438462 -8.137400342723517
v 37.48364335908665 300.75069487564207 65.96139096838283
v 43.649574903052624 308.88976074579193 13.254215632836651
v 53.69211745074415 492.18189059280036 54.03113646770087
v 29.5089384702247 486.14960017166743 98.78555620749167
v 45.15532902845248 192.77026334146817 11.100060357822208
v 50.89319127751148 154.3050394283505 58.0636675902239
v 38.83220548704853 311.4268911166454 113.67497481699066
v 39.91996209452471 350.4577771885189 68.75016088560811
v -35.80509208318755 548.2824580875907 -39.767383590457946
v -7.124321432564202 737.2602327602117 -44.225552889305774
v -19.562571771501556 721.9936340812624 -2.348936331553722
v -32.83304492319663 532.6242897454209 3.4132535298039595
v -39.68467393259364 282.5012357216182 57.48118471911573
v -79.08345207454651 279.8370488985317 14.890557903004444
v -83.48718402892587 471.8191417183463 -3.2451112321981297
v -67.5068220754308 473.11673952838566 40.79685436459038
v -38.714850042748644 304.4523967532661 49.93764903601699
v -12.592121841400628 292.6175049909457 90.50544791334258
v -49.16135720380648 445.8323801596334 93.0342711801604
v -60.664856527733996 457.4519630492203 49.450918445436976
v 63.92112397772121 253.76961925837 1.6872612686138455
v 43.98291035899966 254.67059743685985 -47.86412077625906
v 81.65667376180333 438.9413698451726 -35.94913116590245
v 82.13582001333162 442.16640352264164 15.062387064685973
v -33.78731763269019 133.91132429828795 -61.66475025687631
v -25.112915226793664 293.06458675955224 -105.21438178115004
v -29.100695932943992 330.688258794349 -58.19386853946476
v -24.26420844446017 169.19708627415454 -13.239916384689451
v -39.14421233605212 281.90697271992843 -38.435642174848425
v -31.25154361950131 464.49931587759903 -41.124698683971495
v -2.0885166866103497 474.7631793885719 -81.97977786927711
v -21.381080150604248 292.82252619585654 -89.72145441010242
v -44.254552660964606 347.6022359893078 36.33768305065125
v -73.87035005674588 352.6313661590336 -11.59389774630389
v -80.40479787691372 557.5224358265795 -26.080521542256275
v -70.81512391097903 551.4544389379306 24.28746833575992
v 26.98826742923166 263.1873033178134 78.73882928232509
v 29.27687693768599 273.3369699613316 25.917010044488382
v 20.8458327871608 455.8714168278251 68.91044575398362
v 0.09847290659924661 444.3180279468927 114.76584306852085
v -33.29683476545679 394.8046466496986 36.69359083250752
v -11.046195593405896 388.7408549391379 77.04023301132082
v -41.48527862518791 554.8816966259574 74.91559494198776
v -49.62418492384783 562.3084541380875 31.737129049976982
v 2.809919886232361 440.75977145217536 -26.94184151221448
v 5.480405383222685 450.0808490542915 -74.08893483830249
v 18.85635176981528 625.1210490549644 -59.80456907918134
v 6.559360919036265 316.31792624165695 -73.97897600188969
v -27.92881229731042 311.394394852045 -59.45345548194225
v -11.912233482195637 439.8501388669953 -69.39520047405574
v 20.53966203073817 442.53709748035345 -77.02291011810303
v -49.62193684315118 179.07197081197904 -68.93412334712473
v -25.65638756188821 353.74859186608023 -92.08311246136043
v 17.182200443087602 365.39227943720783 -65.74951288268322
v 4.7006950838359325 194.1193933562031 -60.38399193230577
v 33.46145622373566 362.9150540809932 -29.515358876055622
v 41.35646688656544 359.9912162840836 -82.87100341376357
v 58.792294479730565 546.025967034768 -56.82877668245571
v 34.85703327524381 553.1993625670906 -12.229632908903708
v 79.16524654298317 293.08852248304476 17.80770895049328
v 72.67706506834256 288.70849158820204 -28.3867449272336
v 80.62312922139806 446.2459143691176 -5.8474679162183145
v 74.2601550470187 451.9188873411164 35.60938938396183
v -38.2035595225537 300.1002814826064 38.79996265952043
v -58.52693647850217 293.2186952726109 78.80658615292526
v -77.84779146900327 450.6267712810847 57.670098590099904
v -45.98503507028415 459.11833995909205 30.234641446841984
v -25.41958112416305 544.5007639607106 63.49920757173553
v -37.88105146152767 718.3940767303227 34.96878025099987
v -0.002079538008249475 714.3528254952018 14.067862446852557
v 3.6838272307801434 535.8682467242865 32.49968365421446
v 43.828731446754276 362.1318772083192 -5.47399788390933
v 72.24960120644157 355.122521167665 -52.059198927691604
v 76.90721140133114 544.4975349846787 -18.891527896790993
v 38.232432575676384 553.7622932374009 11.66800814350759
v -1.9508836365590885 238.53057951439084 98.79314993310163
v 1.9503773490744314 241.28065334530328 45.55919508295735
v -9.040401911172342 428.66834505336493 73.64572971824586
v -31.15952718914963 423.2529016930287 119.49877100666677
v 19.222351275091096 363.8093302569052 87.073590811782
v -8.62938329929442 555.1108037392925 83.34992438789428
v 33.37276732827735 551.5053516297829 59.32239096934401
v 50.51253348823607 359.5334901584415 43.16757044454259
v -10.208549696629442 603.4970846701794 17.466221268721455
v -2.9001537505097277 741.6836295540877 6.1587232539034265
v -28.814781369186765 742.6772530623308 -10.499757105909934
v -28.814781369186765 742.6772530623308 -10.499757105909934
v -41.26419701914149 603.2891911784495 6.295454314374549
v 19.09441600634357 294.3212967219315 109.33224610456332
v -13.749755508317723 450.67989920067976 113.63051069064403
v -8.785856051707832 458.54414541890304 69.97918050120197
v -8.785856051707832 458.54414541890304 69.97918050120197
v 9.98925857656584 302.38478202519457 63.77647242208166
v 35.7016193585133 124.61552469749151 28.954727912512354
v 40.53542933126134 122.31882162920134 -23.919935301532895
v 99.56340151508962 244.44773441224586 6.7836386481607995
v 83.47041024936466 248.5299485874927 55.52632602181022
v -41.99160365607795 209.05755636260267 -3.458026532582411
v -65.6547555773277 375.31848967544676 -21.03286230657983
v -91.57309381980596 352.93834415946424 -63.068101725240396
v -80.6312110480361 184.72250990980254 -35.50488179124247
v 49.35958254055714 370.88825946717753 -9.822389037590328
v 64.30770468524122 369.0612973190668 -61.086430324344185
v 68.0872821432399 558.4614671121433 -39.43344739478404
v 36.71895331285131 560.400542311781 0.842696525097832
v 7.640783946345172 235.31444429412602 61.83029629114106
v 60.3129591528825 222.59280437559593 73.39539490346834
v 31.112118030157617 396.6613829605223 103.6471363127701
v -12.686090675864634 409.47793975589786 76.12427388589214
v 10.895571840091016 184.60001532487044 24.163608006605013
v -26.44757586201345 145.957770310049 59.05352708861584
v -57.744900072653465 300.0501197154128 97.20796675193968
v -20.691965977976643 336.5275240319921 74.76349515239085
v -22.781892554966486 119.59089068915901 2.531450916462996
v -90.37207430741918 200.49112049613413 -51.0803498621062
v -50.92437811723845 224.22182278370295 -87.14108955203079
v 9.028933296992085 142.59390943632351 -39.46349846096489
v 1.301822347903815 534.6544521061454 -12.621676593314945
v 31.063451072362465 542.7502834890771 -44.94325382502999
v 46.973880820386995 719.7208104171152 -23.06622783030112
v 46.973880820386995 719.7208104171152 -23.06622783030112
v 8.083282141234932 715.0544894961861 -6.035895446154076
v 30.92471539504885 399.694179925393 -10.313555950254907
v 79.03487663569413 407.6379115187277 10.65852839177049
v 54.52842693629228 590.6712915015033 41.69791702210434
v 54.52842693629228 590.6712915015033 41.69791702210434
v 21.084917811896858 588.6498023205855 8.634612198889725
v 10.68783674653121 12.09495809134536 3.519707366706818
v 1.8705719509932002 38.551519236226724 0.5040764368659868
v -3.1197798533702463 11.776375958300013 10.815889347256638
v -22.16486480292373 12.40344498101182 -1.2823827858046284
v 28.763685639448994 649.6572869969166 -13.56351093983087
v -2.4451467934555895 646.1531721700834 -9.145849919694616
v -2.887144567459587 782.910895159864 -5.822203408076069
v 27.396092264671026 786.321069311908 -0.9885976663020652
v 28.763685639448994 649.6572869969166 -13.56351093983087
v 25.828865569407547 439.20603324109175 -20.189078774039203
v 66.12152095854752 442.5703634427289 -46.22110700982763
v 63.92960003980502 619.6209389393724 -15.153596251029668
v 20.450764284359188 618.8967096523976 -8.782503877099105
v 25.828865569407547 439.20603324109175 -20.189078774039203
v 0.9325154741683345 122.94727986253153 34.99421782380953
v 50.153446009778605 122.58072537700023 14.644556158170927
v 51.886270365377115 248.72552691482184 88.67383003234863
v 2.6359910688062356 251.1702560064361 98.71532597879725
v 19.611740910162137 151.7414014170489 1.6146028546367106
v 60.426804024403495 91.62289889778678 2.684492881842486
v 115.15278515853282 215.06996605339953 30.115624581734966
v 70.58255785093533 275.8561720059613 30.577621591372754
v 19.867164412821374 151.78107839869702 -1.4354757905945066
v 53.64635328608235 91.26427605396181 -21.983661989527427
v 114.64268203795426 213.4808780640129 -28.224521734583096
v 74.23162460327148 273.9115211907334 -6.020302612950483
v 18.68016020519527 534.8441732211376 10.690348824178141
v 55.332005493284214 542.0779055497778 38.11390146495789
v 26.907836358378255 721.5257329264964 44.73480183308519
v 20.461399254836437 50.09127883460578 -24.988601996204046
v 13.99966910129457 13.427113688836886 -17.957651005016537
v -2.9796813651332705 13.658832612000113 -29.978400140296756
v -5.19106707235021 1.8880727488224902 -27.09436839021097
v -20.251992180591493 12.474775783658966 -21.349482648954616
v -10.450683006151456 47.44167402973326 -28.71724329595491
v -27.618023354237476 2.351253931447277 -15.555529847858459
v 7.187819739026348 54.242784582723786 -37.132276324775276
v -10.103133954401091 77.54431465479333 -26.375763998256893
v -7.071335484662394 -2.3159568058693503 -40.15533004220077
v -44.68976043340728 -0.20390336115763882 -17.3848691418415
v 21.555463629444755 -0.4586187286639777 -20.09891853557797
v 18.08383568065373 104.42597659554069 -27.104902455187222
v -0.3849904925569775 124.06263764448993 -23.629536309580164
v 9.651419332646949 139.61660580372248 -30.080209097524328
v 26.901664696340486 106.83730831296425 -20.89010683570321
v 20.680704454737388 151.68250076414094 -19.365978522563545
v -0.3849904925569775 124.06263764448993 -23.629536309580164
v -2.4613139666910246 167.1748649416946 -19.347720493481855
v 17.608397119627224 178.4132221552331 -15.411493111783125
v -1.7751936661446188 312.7396951510212 -6.4705822646148565
v 7.170388313728994 312.7892937247209 4.245693993380689
v 1.04850539424288 312.9294913584792 18.059050473641225
v 22.37522695946881 146.75236123753345 -1.0274965169392234
v 20.680704454737388 151.68250076414094 -19.365978522563545
v 26.045436934223325 118.15423101890745 -4.312181038650002
v 27.233517076086812 85.30901172968346 -5.009349758230795
v 16.769263453370943 114.54813123687985 13.77869778730738
v 13.10335838888574 146.19006885318305 14.698757665363823
v -14.01399181583735 312.99448388767996 21.145418872983438
v 19.07068092053331 85.20216453732468 8.29725577605991
v -3.7214849290885326 125.363051421999 12.778666779750914
v -22.94276408323153 312.846101175143 10.425045968979363
v -0.8471928331560976 97.32740131888804 13.130621647271585
v 14.843266075990332 76.50347675864153 11.998131049899605
v 11.702788861717766 36.26683330911351 -0.9280795187462033
v 9.04199645275206 65.6972109802126 13.521481452025768
v -1.184285772363032 64.43051841315322 12.277640460983037
v -11.973589893401138 126.13413840766967 -4.335548875369425
v -14.726119482611109 93.10466098034476 -2.5744618862632693
v -5.845750762721686 75.46694259943925 6.6472595836233905
v -10.939877568267462 163.68222048902138 -11.59395993225218
v -0.3849904925569775 124.06263764448993 -23.629536309580164
v -16.830659757448934 312.7311158367968 -3.380588307155399
v -2.4613139666910246 167.1748649416946 -19.347720493481855
v -1.7751936661446188 312.7396951510212 -6.4705822646148565
v -16.291867794952996 70.10982731195885 -4.539437826693527
v -10.450683006151456 47.44167402973326 -28.71724329595491
v -10.103133954401091 77.54431465479333 -26.375763998256893
v -13.781710872499962 40.10820951987439 -9.2577975331329
v -20.251992180591493 12.474775783658966 -21.349482648954616
v 1.8705719509932002 38.551519236226724 0.5040764368659868
v -22.16486480292373 12.40344498101182 -1.2823827858046284
v 10.68783674653121 12.09495809134536 3.519707366706818
v -27.618023354237476 2.351253931447277 -15.555529847858459
v -27.39348749476155 1.8780697577112304 6.6726824899358075
v -44.68976043340728 -0.20390336115763882 -17.3848691418415
v -47.74798558452937 -3.892917802014689 12.740381355360737
v -3.1197798533702463 11.776375958300013 10.815889347256638
v -8.28371683912953 1.8420161342057657 38.385637632505166
v -5.240553594011022 2.2878519838719855 19.46061028270271
v 23.328237176880123 -1.4899009618702836 16.72399794961524
v 12.213254538108044 2.5604855943852525 9.571547348668256
v 14.664235077505037 1.9382977286192378 -14.758253191399763
v -54.26713331477849 540.1564770796168 16.49362247759902
v -36.779574052555354 720.3086342398576 -5.5178994034218976
v -8.542673207643464 713.3884880486436 -36.917317101335904
v -35.04838999800795 532.1020967378391 -17.25414371865941
v -26.117283997573253 657.6791898472103 -17.601198802782797
v 3.755457229970947 654.7305339903344 -23.926128083326685
v 14.678656350909256 779.6508308470719 -1.3491853074295315
v -16.544759273529053 783.6368891197866 -1.2478836643414235
vt 0.3334757387638092 0.5072176158428192
vt 0.0004882961511611938 0.5072176158428192
vt 0.0004882961511611938 0.8294320553541183
vt 0.3334757387638092 0.8294320553541183
vt 0.6664937138557434 0.5072176158428192
vt 0.3334757387638092 0.5072176158428192
vt 0.3334757387638092 0.8294320553541183
vt 0.6664937138557434 0.8294320553541183
vt 0.6664937138557434 0.5072176158428192
vt 0.3334757387638092 0.5072176158428192
vt 0.3334757387638092 0.8294320553541183
vt 0.6664937138557434 0.8294320553541183
vt 0.3334757387638092 0.5072176158428192
vt 0.0004882961511611938 0.5072176158428192
vt 0.0004882961511611938 0.8294320553541183
vt 0.3334757387638092 0.8294320553541183
vt 0.6664937138557434 0.5072176158428192
vt 0.3334757387638092 0.5072176158428192
vt 0.3334757387638092 0.8294320553541183
vt 0.6664937138557434 0.8294320553541183
vt 0.3334757387638092 0.5072176158428192
vt 0.0004882961511611938 0.5072176158428192
vt 0.0004882961511611938 0.8294320553541183
vt 0.3334757387638092 0.8294320553541183
vt 0.6664937138557434 0.5072176158428192
vt 0.3334757387638092 0.5072176158428192
vt 0.3334757387638092 0.8294320553541183
vt 0.6664937138557434 0.8294320553541183
vt 0.3334757387638092 0.5072176158428192
vt 0.0004882961511611938 0.5072176158428192
vt 0.0004882961511611938 0.8294320553541183
vt 0.0004882961511611938 0.8294320553541183
vt 0.3334757387638092 0.8294320553541183
vt 0.6664937138557434 0.5072176158428192
vt 0.3334757387638092 0.5072176158428192
vt 0.3334757387638092 0.8294320553541183
vt 0.6664937138557434 0.8294320553541183
vt 0.6664937138557434 0.5072176158428192
vt 0.3334757387638092 0.5072176158428192
vt 0.3334757387638092 0.8294320553541183
vt 0.6664937138557434 0.8294320553541183
vt 0.6664937138557434 0.5072176158428192
vt 0.3334757387638092 0.5072176158428192
vt 0.3334757387638092 0.8294320553541183
vt 0.6664937138557434 0.8294320553541183
vt 0.3334757387638092 0.5072176158428192
vt 0.3334757387638092 0.8294320553541183
vt 0.6664937138557434 0.8294320553541183
vt 0.6664937138557434 0.5072176158428192
vt 0.6664937138557434 0.5072176158428192
vt 0.3334757387638092 0.5072176158428192
vt 0.3334757387638092 0.8294320553541183
vt 0.6664937138557434 0.8294320553541183
vt 0.3334757387638092 0.5072176158428192
vt 0.3334757387638092 0.8294320553541183
vt 0.6664937138557434 0.8294320553541183
vt 0.6664937138557434 0.5072176158428192
vt 0.3334757387638092 0.5072176158428192
vt 0.0004882961511611938 0.5072176158428192
vt 0.0004882961511611938 0.8294320553541183
vt 0.3334757387638092 0.8294320553541183
vt 0.3334757387638092 0.5072176158428192
vt 0.3334757387638092 0.8294320553541183
vt 0.6664937138557434 0.8294320553541183
vt 0.6664937138557434 0.5072176158428192
vt 0.0004882961511611938 0.5072176158428192
vt 0.0004882961511611938 0.8294320553541183
vt 0.3334757387638092 0.8294320553541183
vt 0.3334757387638092 0.5072176158428192
vt 0.3334757387638092 0.5072176158428192
vt 0.0004882961511611938 0.5072176158428192
vt 0.0004882961511611938 0.8294320553541183
vt 0.3334757387638092 0.8294320553541183
vt 0.6664937138557434 0.5072176158428192
vt 0.3334757387638092 0.5072176158428192
vt 0.3334757387638092 0.8294320553541183
vt 0.6664937138557434 0.8294320553541183
vt 0.6664937138557434 0.5072176158428192
vt 0.3334757387638092 0.5072176158428192
vt 0.3334757387638092 0.8294320553541183
vt 0.6664937138557434 0.8294320553541183
vt 0.3334757387638092 0.5072176158428192
vt 0.0004882961511611938 0.5072176158428192
vt 0.0004882961511611938 0.8294320553541183
vt 0.3334757387638092 0.8294320553541183
vt 0.3334757387638092 0.5072176158428192
vt 0.3334757387638092 0.8294320553541183
vt 0.6664937138557434 0.8294320553541183
vt 0.6664937138557434 0.5072176158428192
vt 0.3334757387638092 0.5072176158428192
vt 0.3334757387638092 0.8294320553541183
vt 0.6664937138557434 0.8294320553541183
vt 0.6664937138557434 0.5072176158428192
vt 0.0004882961511611938 0.5072176158428192
vt 0.0004882961511611938 0.8294320553541183
vt 0.3334757387638092 0.8294320553541183
vt 0.3334757387638092 0.5072176158428192
vt 0.6664937138557434 0.5072176158428192
vt 0.3334757387638092 0.5072176158428192
vt 0.3334757387638092 0.8294320553541183
vt 0.6664937138557434 0.8294320553541183
vt 0.6664937138557434 0.5072176158428192
vt 0.3334757387638092 0.5072176158428192
vt 0.3334757387638092 0.8294320553541183
vt 0.6664937138557434 0.8294320553541183
vt 0.6664937138557434 0.5072176158428192
vt 0.3334757387638092 0.5072176158428192
vt 0.3334757387638092 0.8294320553541183
vt 0.3334757387638092 0.8294320553541183
vt 0.6664937138557434 0.8294320553541183
vt 0.0004882961511611938 0.5072176158428192
vt 0.0004882961511611938 0.8294320553541183
vt 0.3334757387638092 0.8294320553541183
vt 0.3334757387638092 0.5072176158428192
vt 0.3334757387638092 0.5072176158428192
vt 0.3334757387638092 0.8294320553541183
vt 0.6664937138557434 0.8294320553541183
vt 0.6664937138557434 0.5072176158428192
vt 0.6664937138557434 0.5072176158428192
vt 0.3334757387638092 0.5072176158428192
vt 0.3334757387638092 0.8294320553541183
vt 0.6664937138557434 0.8294320553541183
vt 0.3334757387638092 0.5072176158428192
vt 0.0004882961511611938 0.5072176158428192
vt 0.0004882961511611938 0.8294320553541183
vt 0.3334757387638092 0.8294320553541183
vt 0.3334757387638092 0.5072176158428192
vt 0.6664937138557434 0.5072176158428192
vt 0.3334757387638092 0.5072176158428192
vt 0.3334757387638092 0.8294320553541183
vt 0.6664937138557434 0.8294320553541183
vt 0.3334757387638092 0.5072176158428192
vt 0.0004882961511611938 0.5072176158428192
vt 0.0004882961511611938 0.8294320553541183
vt 0.3334757387638092 0.8294320553541183
vt 0.3334757387638092 0.5072176158428192
vt 0.3334757387638092 0.8294320553541183
vt 0.6664937138557434 0.8294320553541183
vt 0.6664937138557434 0.8294320553541183
vt 0.6664937138557434 0.5072176158428192
vt 0.3334757387638092 0.5072176158428192
vt 0.3334757387638092 0.8294320553541183
vt 0.6664937138557434 0.8294320553541183
vt 0.6664937138557434 0.5072176158428192
vt 0.0004882961511611938 0.5072176158428192
vt 0.0004882961511611938 0.8294320553541183
vt 0.3334757387638092 0.8294320553541183
vt 0.3334757387638092 0.5072176158428192
vt 0.0004882961511611938 0.5072176158428192
vt 0.3334757387638092 0.5072176158428192
vt 0.0004882961511611938 0.5072176158428192
vt 0.0004882961511611938 0.8294320553541183
vt 0.3334757387638092 0.8294320553541183
vt 0.3334757387638092 0.5072176158428192
vt 0.0004882961511611938 0.5072176158428192
vt 0.0004882961511611938 0.8294320553541183
vt 0.3334757387638092 0.8294320553541183
vt 0.3334757387638092 0.5072176158428192
vt 0.0004882961511611938 0.5072176158428192
vt 0.0004882961511611938 0.8294320553541183
vt 0.3334757387638092 0.8294320553541183
vt 0.0004882961511611938 0.5072176158428192
vt 0.0004882961511611938 0.8294320553541183
vt 0.3334757387638092 0.8294320553541183
vt 0.3334757387638092 0.5072176158428192
vt 0.3334757387638092 0.5072176158428192
vt 0.0004882961511611938 0.5072176158428192
vt 0.0004882961511611938 0.8294320553541183
vt 0.3334757387638092 0.8294320553541183
vt 0.6664937138557434 0.5072176158428192
vt 0.3334757387638092 0.5072176158428192
vt 0.3334757387638092 0.8294320553541183
vt 0.6664937138557434 0.8294320553541183
vt 0.3334757387638092 0.5072176158428192
vt 0.0004882961511611938 0.5072176158428192
vt 0.0004882961511611938 0.8294320553541183
vt 0.3334757387638092 0.8294320553541183
vt 0.3334757387638092 0.5072176158428192
vt 0.0004882961511611938 0.5072176158428192
vt 0.0004882961511611938 0.8294320553541183
vt 0.0004882961511611938 0.8294320553541183
vt 0.3334757387638092 0.8294320553541183
vt 0.3334757387638092 0.5072176158428192
vt 0.0004882961511611938 0.5072176158428192
vt 0.0004882961511611938 0.8294320553541183
vt 0.3334757387638092 0.8294320553541183
vt 0.6664937138557434 0.5072176158428192
vt 0.3334757387638092 0.5072176158428192
vt 0.3334757387638092 0.8294320553541183
vt 0.6664937138557434 0.8294320553541183
vt 0.6664937138557434 0.5072176158428192
vt 0.3334757387638092 0.5072176158428192
vt 0.3334757387638092 0.8294320553541183
vt 0.6664937138557434 0.8294320553541183
vt 0.3334757387638092 0.5072176158428192
vt 0.0004882961511611938 0.5072176158428192
vt 0.0004882961511611938 0.8294320553541183
vt 0.3334757387638092 0.8294320553541183
vt 0.6664937138557434 0.5072176158428192
vt 0.3334757387638092 0.5072176158428192
vt 0.3334757387638092 0.8294320553541183
vt 0.6664937138557434 0.8294320553541183
vt 0.3334757387638092 0.5072176158428192
vt 0.0004882961511611938 0.5072176158428192
vt 0.0004882961511611938 0.8294320553541183
vt 0.3334757387638092 0.8294320553541183
vt 0.3334757387638092 0.5072176158428192
vt 0.0004882961511611938 0.5072176158428192
vt 0.0004882961511611938 0.8294320553541183
vt 0.0004882961511611938 0.8294320553541183
vt 0.3334757387638092 0.8294320553541183
vt 0.3334757387638092 0.5072176158428192
vt 0.0004882961511611938 0.5072176158428192
vt 0.0004882961511611938 0.8294320553541183
vt 0.3334757387638092 0.8294320553541183
vt 0.3334757387638092 0.5072176158428192
vt 0.3334757387638092 0.8294320553541183
vt 0.6664937138557434 0.8294320553541183
vt 0.6664937138557434 0.5072176158428192
vt 0.3334757387638092 0.5072176158428192
vt 0.0004882961511611938 0.5072176158428192
vt 0.0004882961511611938 0.8294320553541183
vt 0.3334757387638092 0.8294320553541183
vt 0.6664937138557434 0.5072176158428192
vt 0.3334757387638092 0.5072176158428192
vt 0.3334757387638092 0.8294320553541183
vt 0.6664937138557434 0.8294320553541183
vt 0.3334757387638092 0.5072176158428192
vt 0.0004882961511611938 0.5072176158428192
vt 0.0004882961511611938 0.8294320553541183
vt 0.3334757387638092 0.8294320553541183
vt 0.3334757387638092 0.5072176158428192
vt 0.3334757387638092 0.8294320553541183
vt 0.6664937138557434 0.8294320553541183
vt 0.6664937138557434 0.5072176158428192
vt 0.8734092116355896 0.3253883719444275
vt 0.86956387758255 0.3729667067527771
vt 0.8219855427742004 0.37717825174331665
vt 0.8312937021255493 0.2850428819656372
vt 0.9307840466499329 0.33857232332229614
vt 0.8734092116355896 0.3253883719444275
vt 0.9100619554519653 0.3886227011680603
vt 0.8011413812637329 0.3733329176902771
vt 0.7710196375846863 0.2952055335044861
vt 0.7807245254516602 0.38492995500564575
vt 0.790337860584259 0.43992429971694946
vt 0.8593401908874512 0.4299142360687256
vt 0.8207952976226807 0.4349803328514099
vt 0.7999817132949829 0.4949186444282532
vt 0.8195745944976807 0.4927823543548584
vt 0.8491470217704773 0.4868312478065491
vt 0.8634296655654907 0.4867702126502991
vt 0.886745810508728 0.4376964569091797
vt 0.8837854862213135 0.4948576092720032
vt 0.9237647652626038 0.4449598789215088
vt 0.9637745022773743 0.39506208896636963
vt 0.9307840466499329 0.33857232332229614
vt 0.982757031917572 0.3097628951072693
vt 0.3334757387638092 0.5072176158428192
vt 0.3334757387638092 0.8294320553541183
vt 0.6664937138557434 0.8294320553541183
vt 0.6664937138557434 0.5072176158428192
vt 0.6664937138557434 0.5072176158428192
vt 0.3334757387638092 0.5072176158428192
vt 0.3334757387638092 0.8294320553541183
vt 0.6664937138557434 0.8294320553541183
vt 0.3334757387638092 0.5072176158428192
vt 0.3334757387638092 0.8294320553541183
vt 0.6664937138557434 0.8294320553541183
vt 0.6664937138557434 0.5072176158428192
vt 0.6664937138557434 0.5072176158428192
vt 0.3334757387638092 0.5072176158428192
vt 0.3334757387638092 0.8294320553541183
vt 0.6664937138557434 0.8294320553541183
vt 0.0004882961511611938 0.5072176158428192
vt 0.0004882961511611938 0.8294320553541183
vt 0.3334757387638092 0.8294320553541183
vt 0.3334757387638092 0.5072176158428192
vt 0.3334757387638092 0.5072176158428192
vt 0.3334757387638092 0.8294320553541183
vt 0.6664937138557434 0.8294320553541183
vt 0.6664937138557434 0.5072176158428192
vt 0.6664937138557434 0.5072176158428192
vt 0.3334757387638092 0.5072176158428192
vt 0.3334757387638092 0.8294320553541183
vt 0.6664937138557434 0.8294320553541183
vt 0.5658131837844849 0.04086428880691528
vt 0.6233100295066833 0.026795268058776855
vt 0.6028016209602356 0.07300025224685669
vt 0.5551621913909912 0.06869715452194214
vt 0.6725058555603027 0.031708717346191406
vt 0.6328012943267822 0.08114874362945557
vt 0.6371349096298218 0.08774071931838989
vt 0.5944395065307617 0.09369182586669922
vt 0.6186407208442688 0.16168707609176636
vt 0.5541856288909912 0.08355969190597534
vt 0.5199133157730103 0.07199317216873169
vt 0.5658131837844849 0.04086428880691528
vt 0.5070040225982666 0.014984607696533203
vt 0.5894955396652222 0.1650746464729309
vt 0.600146472454071 0.23566395044326782
vt 0.5845209956169128 0.23645740747451782
vt 0.5590685606002808 0.15982544422149658
vt 0.5639210343360901 0.23609119653701782
vt 0.5485702157020569 0.23535877466201782
vt 0.4989776313304901 0.08877831697463989
vt 0.5237891674041748 0.16208380460739136
vt 0.5253456234931946 0.2385936975479126
vt 0.49705496430397034 0.16385388374328613
vt 0.47935423254966736 0.16489148139953613
vt 0.4687948226928711 0.08908355236053467
vt 0.43333232402801514 0.09121984243392944
vt 0.430738240480423 0.07348859310150146
vt 0.48854029178619385 0.07504498958587646
vt 0.4593645930290222 0.07406842708587646
vt 0.4769432544708252 0.012665152549743652
vt 0.44123661518096924 0.013702809810638428
vt 0.0004882961511611938 0.5072176158428192
vt 0.0004882961511611938 0.8294320553541183
vt 0.3334757387638092 0.8294320553541183
vt 0.3334757387638092 0.5072176158428192
vt 0.0004882961511611938 0.5072176158428192
vt 0.6664937138557434 0.5072176158428192
vt 0.3334757387638092 0.5072176158428192
vt 0.3334757387638092 0.8294320553541183
vt 0.6664937138557434 0.8294320553541183
vt 0.0004882961511611938 0.5072176158428192
vt 0.0004882961511611938 0.8294320553541183
vt 0.3334757387638092 0.8294320553541183
vt 0.3334757387638092 0.5072176158428192
vt 0.6664937138557434 0.5072176158428192
vt 0.3334757387638092 0.5072176158428192
vt 0.3334757387638092 0.8294320553541183
vt 0.3334757387638092 0.5072176158428192
vt 0.0004882961511611938 0.5072176158428192
vt 0.0004882961511611938 0.8294320553541183
vt 0.3334757387638092 0.8294320553541183
vt 0.8677632808685303 0.04596090316772461
vt 0.8997772336006165 0.1266518235206604
vt 0.8625446557998657 0.12436294555664062
vt 0.8152104020118713 0.03796499967575073
vt 0.8383739590644836 0.1271095871925354
vt 0.7393109202384949 0.028107523918151855
vt 0.8648030161857605 0.2618793249130249
vt 0.8842738270759583 0.25855278968811035
vt 0.9019135236740112 0.2597430348396301
vt 0.9203771948814392 0.2622455358505249
vt 0.9296853542327881 0.1194189190864563
vt 0.8677632808685303 0.04596090316772461
vt 0.9363994002342224 0.012421011924743652
vt 0.9782403111457825 0.011108756065368652
vt 0.9562975168228149 0.12372201681137085
vt 0.939512312412262 0.2615131139755249
vt 0.6664937138557434 0.5072176158428192
vt 0.3334757387638092 0.5072176158428192
vt 0.3334757387638092 0.8294320553541183
vt 0.6664937138557434 0.8294320553541183
vt 0.3334757387638092 0.5072176158428192
vt 0.3334757387638092 0.8294320553541183
vt 0.6664937138557434 0.8294320553541183
vt 0.6664937138557434 0.5072176158428192
vt 0.6664937138557434 0.5072176158428192
vt 0.3334757387638092 0.5072176158428192
vt 0.3334757387638092 0.8294320553541183
vt 0.6664937138557434 0.8294320553541183
vt 0.6664937138557434 0.5072176158428192
vt 0.3334757387638092 0.5072176158428192
vt 0.3334757387638092 0.8294320553541183
vt 0.6664937138557434 0.8294320553541183
vt 0.3334757387638092 0.5072176158428192
vt 0.3334757387638092 0.8294320553541183
vt 0.6664937138557434 0.8294320553541183
vt 0.6664937138557434 0.5072176158428192
vt 0.3334757387638092 0.5072176158428192
vt 0.3334757387638092 0.8294320553541183
vt 0.6664937138557434 0.8294320553541183
vt 0.6664937138557434 0.5072176158428192
vt 0.3334757387638092 0.5072176158428192
vt 0.0004882961511611938 0.5072176158428192
vt 0.0004882961511611938 0.8294320553541183
vt 0.3334757387638092 0.8294320553541183
vt 0.6664937138557434 0.5072176158428192
vt 0.3334757387638092 0.5072176158428192
vt 0.3334757387638092 0.8294320553541183
vt 0.6664937138557434 0.8294320553541183
vt 0.3334757387638092 0.5072176158428192
vt 0.0004882961511611938 0.5072176158428192
vt 0.0004882961511611938 0.8294320553541183
vt 0.3334757387638092 0.8294320553541183
vt 0.0004882961511611938 0.5072176158428192
vt 0.0004882961511611938 0.8294320553541183
vt 0.3334757387638092 0.8294320553541183
vt 0.3334757387638092 0.5072176158428192
vt 0.6664937138557434 0.5072176158428192
vt 0.3334757387638092 0.5072176158428192
vt 0.3334757387638092 0.8294320553541183
vt 0.6664937138557434 0.8294320553541183
vt 0.3334757387638092 0.5072176158428192
vt 0.0004882961511611938 0.5072176158428192
vt 0.0004882961511611938 0.8294320553541183
vt 0.3334757387638092 0.8294320553541183
vt 0.0004882961511611938 0.5072176158428192
vt 0.0004882961511611938 0.8294320553541183
vt 0.3334757387638092 0.8294320553541183
vt 0.3334757387638092 0.5072176158428192
vt 0.6664937138557434 0.5072176158428192
vt 0.3334757387638092 0.5072176158428192
vt 0.3334757387638092 0.8294320553541183
vt 0.6664937138557434 0.8294320553541183
vt 0.0004882961511611938 0.5072176158428192
vt 0.0004882961511611938 0.8294320553541183
vt 0.3334757387638092 0.8294320553541183
vt 0.3334757387638092 0.5072176158428192
vt 0.0004882961511611938 0.5072176158428192
vt 0.0004882961511611938 0.8294320553541183
vt 0.3334757387638092 0.8294320553541183
vt 0.3334757387638092 0.5072176158428192
vt 0.6664937138557434 0.5072176158428192
vt 0.3334757387638092 0.5072176158428192
vt 0.3334757387638092 0.8294320553541183
vt 0.6664937138557434 0.8294320553541183
vt 0.0004882961511611938 0.8294320553541183
vt 0.3334757387638092 0.8294320553541183
vt 0.3334757387638092 0.5072176158428192
vt 0.6664937138557434 0.5072176158428192
vt 0.3334757387638092 0.5072176158428192
vt 0.3334757387638092 0.8294320553541183
vt 0.3334757387638092 0.8294320553541183
vt 0.6664937138557434 0.8294320553541183
vt 0.0004882961511611938 0.5072176158428192
vt 0.0004882961511611938 0.8294320553541183
vt 0.3334757387638092 0.8294320553541183
vt 0.3334757387638092 0.5072176158428192
vt 0.3334757387638092 0.5072176158428192
vt 0.0004882961511611938 0.5072176158428192
vt 0.0004882961511611938 0.8294320553541183
vt 0.3334757387638092 0.8294320553541183
vt 0.6664937138557434 0.5072176158428192
vt 0.3334757387638092 0.5072176158428192
vt 0.3334757387638092 0.8294320553541183
vt 0.6664937138557434 0.8294320553541183
vt 0.6664937138557434 0.5072176158428192
vt 0.3334757387638092 0.5072176158428192
vt 0.3334757387638092 0.8294320553541183
vt 0.6664937138557434 0.8294320553541183
vt 0.6664937138557434 0.5072176158428192
vt 0.3334757387638092 0.5072176158428192
vt 0.3334757387638092 0.8294320553541183
vt 0.6664937138557434 0.8294320553541183
vt 0.3334757387638092 0.5072176158428192
vt 0.0004882961511611938 0.5072176158428192
vt 0.0004882961511611938 0.8294320553541183
vt 0.3334757387638092 0.8294320553541183
vt 0.3334757387638092 0.5072176158428192
vt 0.3334757387638092 0.8294320553541183
vt 0.6664937138557434 0.8294320553541183
vt 0.6664937138557434 0.5072176158428192
vt 0.5774712562561035 0.31324195861816406
vt 0.5653248429298401 0.383526086807251
vt 0.5364848971366882 0.37733083963394165
vt 0.5184789299964905 0.4868922829627991
vt 0.5448469519615173 0.4821619391441345
vt 0.5942869186401367 0.3867000341415405
vt 0.5638905167579651 0.4850916862487793
vt 0.5871761441230774 0.4919278621673584
vt 0.6271248459815979 0.3868221044540405
vt 0.49742117524147034 0.48912012577056885
vt 0.5104525685310364 0.3795281648635864
vt 0.45585498213768005 0.3001495599746704
vt 0.6431165337562561 0.3159581422805786
vt 0.7172459959983826 0.3186437487602234
vt 0.651448130607605 0.3017364740371704
vt 0.7625964879989624 0.28412729501724243
vt 0.5819879770278931 0.2949003577232361
vt 0.651448130607605 0.3017364740371704
vt 0.538254976272583 0.2922452688217163
vt 0.5819879770278931 0.2949003577232361
vt 0.539201021194458 0.2603228688240051
vt 0.4983672499656677 0.24018067121505737
vt 0.504745602607727 0.2932828664779663
vt 0.4353160262107849 0.2603533864021301
vt 0.3334757387638092 0.5072176158428192
vt 0.3334757387638092 0.8294320553541183
vt 0.6664937138557434 0.8294320553541183
vt 0.6664937138557434 0.5072176158428192
vt 0.3334757387638092 0.5072176158428192
vt 0.0004882961511611938 0.5072176158428192
vt 0.0004882961511611938 0.8294320553541183
vt 0.3334757387638092 0.5072176158428192
vt 0.0004882961511611938 0.5072176158428192
vt 0.0004882961511611938 0.8294320553541183
vt 0.0004882961511611938 0.8294320553541183
vt 0.3334757387638092 0.8294320553541183
vt 0.3334757387638092 0.5072176158428192
vt 0.0004882961511611938 0.5072176158428192
vt 0.0004882961511611938 0.8294320553541183
vt 0.3334757387638092 0.8294320553541183
vt 0.6664937138557434 0.5072176158428192
vt 0.3334757387638092 0.5072176158428192
vt 0.3334757387638092 0.8294320553541183
vt 0.6664937138557434 0.8294320553541183
vt 0.3334757387638092 0.5072176158428192
vt 0.0004882961511611938 0.5072176158428192
vt 0.0004882961511611938 0.8294320553541183
vt 0.3334757387638092 0.8294320553541183
vt 0.6664937138557434 0.5072176158428192
vt 0.3334757387638092 0.5072176158428192
vt 0.3334757387638092 0.8294320553541183
vt 0.3334757387638092 0.8294320553541183
vt 0.6664937138557434 0.8294320553541183
vt 0.3334757387638092 0.5072176158428192
vt 0.0004882961511611938 0.5072176158428192
vt 0.0004882961511611938 0.8294320553541183
vt 0.3334757387638092 0.8294320553541183
vt 0.0004882961511611938 0.5072176158428192
vt 0.0004882961511611938 0.8294320553541183
vt 0.3334757387638092 0.8294320553541183
vt 0.3334757387638092 0.8294320553541183
vt 0.3334757387638092 0.5072176158428192
vt 0.3334757387638092 0.8294320553541183
vt 0.6664937138557434 0.8294320553541183
vt 0.6664937138557434 0.5072176158428192
vt 0.3334757387638092 0.5072176158428192
vt 0.0004882961511611938 0.5072176158428192
vt 0.0004882961511611938 0.8294320553541183
vt 0.3334757387638092 0.8294320553541183
vt 0.3334757387638092 0.5072176158428192
vt 0.3334757387638092 0.8294320553541183
vt 0.6664937138557434 0.8294320553541183
vt 0.6664937138557434 0.5072176158428192
vt 0.6664937138557434 0.5072176158428192
vt 0.3334757387638092 0.5072176158428192
vt 0.3334757387638092 0.8294320553541183
vt 0.6664937138557434 0.8294320553541183
vt 0.3334757387638092 0.5072176158428192
vt 0.0004882961511611938 0.5072176158428192
vt 0.0004882961511611938 0.8294320553541183
vt 0.3334757387638092 0.8294320553541183
vt 0.3334757387638092 0.5072176158428192
vt 0.0004882961511611938 0.5072176158428192
vt 0.0004882961511611938 0.8294320553541183
vt 0.0004882961511611938 0.8294320553541183
vt 0.3334757387638092 0.8294320553541183
vt 0.3334757387638092 0.5072176158428192
vt 0.0004882961511611938 0.5072176158428192
vt 0.0004882961511611938 0.8294320553541183
vt 0.3334757387638092 0.8294320553541183
vt 0.3334757387638092 0.5072176158428192
vt 0.0004882961511611938 0.5072176158428192
vt 0.0004882961511611938 0.8294320553541183
vt 0.3334757387638092 0.8294320553541183
vt 0.3334757387638092 0.5072176158428192
vt 0.0004882961511611938 0.5072176158428192
vt 0.0004882961511611938 0.8294320553541183
vt 0.3334757387638092 0.8294320553541183
vt 0.3334757387638092 0.5072176158428192
vt 0.0004882961511611938 0.5072176158428192
vt 0.0004882961511611938 0.8294320553541183
vt 0.3334757387638092 0.8294320553541183
vt 0.3334757387638092 0.5072176158428192
vt 0.0004882961511611938 0.5072176158428192
vt 0.0004882961511611938 0.8294320553541183
vt 0.3334757387638092 0.8294320553541183
vt 0.0004882961511611938 0.5072176158428192
vt 0.0004882961511611938 0.8294320553541183
vt 0.3334757387638092 0.8294320553541183
vt 0.3334757387638092 0.5072176158428192
vt 0.6664937138557434 0.5072176158428192
vt 0.3334757387638092 0.5072176158428192
vt 0.3334757387638092 0.8294320553541183
vt 0.6664937138557434 0.8294320553541183
vt 0.3334757387638092 0.5072176158428192
vt 0.0004882961511611938 0.5072176158428192
vt 0.0004882961511611938 0.8294320553541183
vt 0.3334757387638092 0.8294320553541183
vt 0.6664937138557434 0.5072176158428192
vt 0.3334757387638092 0.5072176158428192
vt 0.3334757387638092 0.8294320553541183
vt 0.6664937138557434 0.8294320553541183
vt 0.3334757387638092 0.5072176158428192
vt 0.3334757387638092 0.8294320553541183
vt 0.6664937138557434 0.8294320553541183
vt 0.6664937138557434 0.5072176158428192
vt 0.6664937138557434 0.5072176158428192
vt 0.3334757387638092 0.5072176158428192
vt 0.3334757387638092 0.8294320553541183
vt 0.6664937138557434 0.8294320553541183
vt 0.0004882961511611938 0.5072176158428192
vt 0.0004882961511611938 0.8294320553541183
vt 0.3334757387638092 0.8294320553541183
vt 0.3334757387638092 0.5072176158428192
vt 0.3334757387638092 0.5072176158428192
vt 0.3334757387638092 0.8294320553541183
vt 0.6664937138557434 0.8294320553541183
vt 0.6664937138557434 0.5072176158428192
vt 0.0004882961511611938 0.5072176158428192
vt 0.0004882961511611938 0.8294320553541183
vt 0.3334757387638092 0.8294320553541183
vt 0.3334757387638092 0.5072176158428192
vt 0.0004882961511611938 0.8294320553541183
vt 0.3334757387638092 0.8294320553541183
vt 0.3334757387638092 0.5072176158428192
vt 0.3334757387638092 0.5072176158428192
vt 0.3334757387638092 0.8294320553541183
vt 0.6664937138557434 0.8294320553541183
vt 0.6664937138557434 0.5072176158428192
vt 0.3334757387638092 0.5072176158428192
vt 0.0004882961511611938 0.5072176158428192
vt 0.0004882961511611938 0.8294320553541183
vt 0.3334757387638092 0.8294320553541183
vt 0.6664937138557434 0.5072176158428192
vt 0.3334757387638092 0.5072176158428192
vt 0.3334757387638092 0.8294320553541183
vt 0.6664937138557434 0.8294320553541183
vt 0.3334757387638092 0.5072176158428192
vt 0.0004882961511611938 0.5072176158428192
vt 0.0004882961511611938 0.8294320553541183
vt 0.0004882961511611938 0.8294320553541183
vt 0.3334757387638092 0.8294320553541183
vt 0.3334757387638092 0.5072176158428192
vt 0.3334757387638092 0.8294320553541183
vt 0.6664937138557434 0.8294320553541183
vt 0.6664937138557434 0.5072176158428192
vt 0.3334757387638092 0.5072176158428192
vt 0.3334757387638092 0.5072176158428192
vt 0.0004882961511611938 0.5072176158428192
vt 0.0004882961511611938 0.8294320553541183
vt 0.0004882961511611938 0.8294320553541183
vt 0.3334757387638092 0.8294320553541183
vt 0.3334757387638092 0.5072176158428192
vt 0.0004882961511611938 0.5072176158428192
vt 0.0004882961511611938 0.8294320553541183
vt 0.3334757387638092 0.8294320553541183
vt 0.3334757387638092 0.5072176158428192
vt 0.3334757387638092 0.5072176158428192
vt 0.0004882961511611938 0.5072176158428192
vt 0.0004882961511611938 0.8294320553541183
vt 0.3334757387638092 0.8294320553541183
vt 0.6664937138557434 0.5072176158428192
vt 0.3334757387638092 0.5072176158428192
vt 0.3334757387638092 0.8294320553541183
vt 0.6664937138557434 0.8294320553541183
vt 0.3334757387638092 0.5072176158428192
vt 0.0004882961511611938 0.5072176158428192
vt 0.0004882961511611938 0.8294320553541183
vt 0.3334757387638092 0.8294320553541183
vt 0.6664937138557434 0.5072176158428192
vt 0.3334757387638092 0.5072176158428192
vt 0.3334757387638092 0.8294320553541183
vt 0.6664937138557434 0.8294320553541183
vt 0.3334757387638092 0.5072176158428192
vt 0.0004882961511611938 0.5072176158428192
vt 0.0004882961511611938 0.8294320553541183
vt 0.3334757387638092 0.8294320553541183
vt 0.3334757387638092 0.5072176158428192
vt 0.0004882961511611938 0.5072176158428192
vt 0.0004882961511611938 0.8294320553541183
vt 0.0004882961511611938 0.8294320553541183
vt 0.3334757387638092 0.8294320553541183
vt 0.6664937138557434 0.5072176158428192
vt 0.3334757387638092 0.5072176158428192
vt 0.3334757387638092 0.8294320553541183
vt 0.6664937138557434 0.8294320553541183
vt 0.3334757387638092 0.5072176158428192
vt 0.3334757387638092 0.8294320553541183
vt 0.6664937138557434 0.8294320553541183
vt 0.6664937138557434 0.5072176158428192
vt 0.3334757387638092 0.5072176158428192
vt 0.0004882961511611938 0.5072176158428192
vt 0.0004882961511611938 0.8294320553541183
vt 0.3334757387638092 0.8294320553541183
vt 0.3334757387638092 0.5072176158428192
vt 0.0004882961511611938 0.5072176158428192
vt 0.0004882961511611938 0.8294320553541183
vt 0.3334757387638092 0.8294320553541183
vt 0.3334757387638092 0.5072176158428192
vt 0.6664937138557434 0.5072176158428192
vt 0.3334757387638092 0.5072176158428192
vt 0.3334757387638092 0.8294320553541183
vt 0.6664937138557434 0.8294320553541183
vt 0.6664937138557434 0.5072176158428192
vt 0.3334757387638092 0.5072176158428192
vt 0.3334757387638092 0.8294320553541183
vt 0.6664937138557434 0.8294320553541183
vt 0.0004882961511611938 0.5072176158428192
vt 0.0004882961511611938 0.8294320553541183
vt 0.3334757387638092 0.8294320553541183
vt 0.3334757387638092 0.5072176158428192
vt 0.3334757387638092 0.5072176158428192
vt 0.0004882961511611938 0.5072176158428192
vt 0.0004882961511611938 0.8294320553541183
vt 0.3334757387638092 0.8294320553541183
vt 0.0004882961511611938 0.5072176158428192
vt 0.0004882961511611938 0.8294320553541183
vt 0.3334757387638092 0.8294320553541183
vt 0.3334757387638092 0.5072176158428192
vt 0.0004882961511611938 0.8294320553541183
vt 0.3334757387638092 0.8294320553541183
vt 0.3334757387638092 0.5072176158428192
vt 0.6664937138557434 0.5072176158428192
vt 0.3334757387638092 0.5072176158428192
vt 0.3334757387638092 0.8294320553541183
vt 0.6664937138557434 0.8294320553541183
vt 0.3334757387638092 0.5072176158428192
vt 0.0004882961511611938 0.5072176158428192
vt 0.0004882961511611938 0.8294320553541183
vt 0.3334757387638092 0.8294320553541183
vt 0.6664937138557434 0.5072176158428192
vt 0.3334757387638092 0.5072176158428192
vt 0.3334757387638092 0.8294320553541183
vt 0.6664937138557434 0.8294320553541183
vt 0.3334757387638092 0.5072176158428192
vt 0.0004882961511611938 0.5072176158428192
vt 0.0004882961511611938 0.8294320553541183
vt 0.3334757387638092 0.8294320553541183
vt 0.6664937138557434 0.5072176158428192
vt 0.3334757387638092 0.5072176158428192
vt 0.3334757387638092 0.8294320553541183
vt 0.6664937138557434 0.8294320553541183
vt 0.6664937138557434 0.5072176158428192
vt 0.3334757387638092 0.5072176158428192
vt 0.3334757387638092 0.8294320553541183
vt 0.6664937138557434 0.8294320553541183
vt 0.3334757387638092 0.5072176158428192
vt 0.3334757387638092 0.8294320553541183
vt 0.6664937138557434 0.8294320553541183
vt 0.6664937138557434 0.5072176158428192
vt 0.3334757387638092 0.5072176158428192
vt 0.0004882961511611938 0.5072176158428192
vt 0.0004882961511611938 0.8294320553541183
vt 0.3334757387638092 0.8294320553541183
vt 0.3334757387638092 0.5072176158428192
vt 0.0004882961511611938 0.5072176158428192
vt 0.0004882961511611938 0.8294320553541183
vt 0.3334757387638092 0.8294320553541183
vt 0.3334757387638092 0.5072176158428192
vt 0.0004882961511611938 0.5072176158428192
vt 0.0004882961511611938 0.8294320553541183
vt 0.3334757387638092 0.8294320553541183
vt 0.6664937138557434 0.5072176158428192
vt 0.3334757387638092 0.5072176158428192
vt 0.3334757387638092 0.8294320553541183
vt 0.6664937138557434 0.8294320553541183
vt 0.6664937138557434 0.5072176158428192
vt 0.3334757387638092 0.5072176158428192
vt 0.3334757387638092 0.8294320553541183
vt 0.6664937138557434 0.8294320553541183
vt 0.3334757387638092 0.5072176158428192
vt 0.3334757387638092 0.8294320553541183
vt 0.6664937138557434 0.8294320553541183
vt 0.6664937138557434 0.5072176158428192
vt 0.6664937138557434 0.5072176158428192
vt 0.3334757387638092 0.5072176158428192
vt 0.3334757387638092 0.8294320553541183
vt 0.6664937138557434 0.8294320553541183
vt 0.6664937138557434 0.5072176158428192
vt 0.3334757387638092 0.5072176158428192
vt 0.3334757387638092 0.8294320553541183
vt 0.6664937138557434 0.8294320553541183
vt 0.6664937138557434 0.5072176158428192
vt 0.3334757387638092 0.5072176158428192
vt 0.0004882961511611938 0.5072176158428192
vt 0.0004882961511611938 0.8294320553541183
vt 0.0004882961511611938 0.8294320553541183
vt 0.3334757387638092 0.8294320553541183
vt 0.3334757387638092 0.5072176158428192
vt 0.3334757387638092 0.8294320553541183
vt 0.6664937138557434 0.8294320553541183
vt 0.6664937138557434 0.5072176158428192
vt 0.3334757387638092 0.5072176158428192
vt 0.3334757387638092 0.8294320553541183
vt 0.6664937138557434 0.8294320553541183
vt 0.6664937138557434 0.5072176158428192
vt 0.3334757387638092 0.5072176158428192
vt 0.0004882961511611938 0.5072176158428192
vt 0.0004882961511611938 0.8294320553541183
vt 0.3334757387638092 0.8294320553541183
vt 0.3334757387638092 0.5072176158428192
vt 0.3334757387638092 0.8294320553541183
vt 0.6664937138557434 0.8294320553541183
vt 0.6664937138557434 0.5072176158428192
vt 0.3334757387638092 0.5072176158428192
vt 0.0004882961511611938 0.5072176158428192
vt 0.0004882961511611938 0.8294320553541183
vt 0.3334757387638092 0.8294320553541183
vt 0.3334757387638092 0.5072176158428192
vt 0.0004882961511611938 0.5072176158428192
vt 0.0004882961511611938 0.8294320553541183
vt 0.3334757387638092 0.8294320553541183
vt 0.3334757387638092 0.5072176158428192
vt 0.0004882961511611938 0.5072176158428192
vt 0.0004882961511611938 0.8294320553541183
vt 0.3334757387638092 0.8294320553541183
vt 0.6664937138557434 0.5072176158428192
vt 0.3334757387638092 0.5072176158428192
vt 0.3334757387638092 0.8294320553541183
vt 0.6664937138557434 0.8294320553541183
vt 0.3334757387638092 0.5072176158428192
vt 0.0004882961511611938 0.5072176158428192
vt 0.0004882961511611938 0.8294320553541183
vt 0.0004882961511611938 0.8294320553541183
vt 0.3334757387638092 0.8294320553541183
vt 0.6664937138557434 0.5072176158428192
vt 0.3334757387638092 0.5072176158428192
vt 0.3334757387638092 0.8294320553541183
vt 0.6664937138557434 0.8294320553541183
vt 0.0004882961511611938 0.5072176158428192
vt 0.0004882961511611938 0.8294320553541183
vt 0.3334757387638092 0.8294320553541183
vt 0.3334757387638092 0.5072176158428192
vt 0.0004882961511611938 0.5072176158428192
vt 0.6664937138557434 0.5072176158428192
vt 0.3334757387638092 0.5072176158428192
vt 0.3334757387638092 0.8294320553541183
vt 0.6664937138557434 0.8294320553541183
vt 0.6664937138557434 0.5072176158428192
vt 0.3334757387638092 0.5072176158428192
vt 0.3334757387638092 0.8294320553541183
vt 0.6664937138557434 0.8294320553541183
vt 0.3334757387638092 0.5072176158428192
vt 0.0004882961511611938 0.5072176158428192
vt 0.0004882961511611938 0.8294320553541183
vt 0.3334757387638092 0.8294320553541183
vt 0.3334757387638092 0.5072176158428192
vt 0.0004882961511611938 0.5072176158428192
vt 0.0004882961511611938 0.8294320553541183
vt 0.3334757387638092 0.8294320553541183
vt 0.6664937138557434 0.5072176158428192
vt 0.3334757387638092 0.5072176158428192
vt 0.3334757387638092 0.8294320553541183
vt 0.6664937138557434 0.8294320553541183
vt 0.3334757387638092 0.5072176158428192
vt 0.0004882961511611938 0.5072176158428192
vt 0.0004882961511611938 0.8294320553541183
vt 0.3334757387638092 0.8294320553541183
vt 0.6664937138557434 0.5072176158428192
vt 0.3334757387638092 0.5072176158428192
vt 0.3334757387638092 0.8294320553541183
vt 0.6664937138557434 0.8294320553541183
vt 0.3334757387638092 0.5072176158428192
vt 0.3334757387638092 0.8294320553541183
vt 0.6664937138557434 0.8294320553541183
vt 0.6664937138557434 0.5072176158428192
vt 0.3334757387638092 0.5072176158428192
vt 0.0004882961511611938 0.5072176158428192
vt 0.0004882961511611938 0.8294320553541183
vt 0.3334757387638092 0.8294320553541183
vt 0.6664937138557434 0.5072176158428192
vt 0.3334757387638092 0.5072176158428192
vt 0.3334757387638092 0.8294320553541183
vt 0.6664937138557434 0.8294320553541183
vt 0.3334757387638092 0.5072176158428192
vt 0.3334757387638092 0.8294320553541183
vt 0.6664937138557434 0.8294320553541183
vt 0.6664937138557434 0.5072176158428192
vt 0.3334757387638092 0.5072176158428192
vt 0.3334757387638092 0.8294320553541183
vt 0.6664937138557434 0.8294320553541183
vt 0.6664937138557434 0.5072176158428192
vt 0.6664937138557434 0.5072176158428192
vt 0.3334757387638092 0.5072176158428192
vt 0.3334757387638092 0.8294320553541183
vt 0.6664937138557434 0.8294320553541183
vt 0.3334757387638092 0.5072176158428192
vt 0.0004882961511611938 0.5072176158428192
vt 0.0004882961511611938 0.8294320553541183
vt 0.3334757387638092 0.8294320553541183
vt 0.3334757387638092 0.5072176158428192
vt 0.0004882961511611938 0.5072176158428192
vt 0.0004882961511611938 0.8294320553541183
vt 0.3334757387638092 0.8294320553541183
vt 0.3334757387638092 0.5072176158428192
vt 0.0004882961511611938 0.5072176158428192
vt 0.0004882961511611938 0.8294320553541183
vt 0.3334757387638092 0.8294320553541183
vt 0.3334757387638092 0.5072176158428192
vt 0.0004882961511611938 0.5072176158428192
vt 0.0004882961511611938 0.8294320553541183
vt 0.3334757387638092 0.8294320553541183
vt 0.6664937138557434 0.5072176158428192
vt 0.3334757387638092 0.5072176158428192
vt 0.3334757387638092 0.8294320553541183
vt 0.6664937138557434 0.8294320553541183
vt 0.3334757387638092 0.5072176158428192
vt 0.0004882961511611938 0.5072176158428192
vt 0.0004882961511611938 0.8294320553541183
vt 0.3334757387638092 0.8294320553541183
vt 0.0004882961511611938 0.5072176158428192
vt 0.0004882961511611938 0.8294320553541183
vt 0.3334757387638092 0.8294320553541183
vt 0.3334757387638092 0.5072176158428192
vt 0.3334757387638092 0.5072176158428192
vt 0.0004882961511611938 0.5072176158428192
vt 0.0004882961511611938 0.8294320553541183
vt 0.3334757387638092 0.8294320553541183
vt 0.6664937138557434 0.5072176158428192
vt 0.3334757387638092 0.5072176158428192
vt 0.3334757387638092 0.8294320553541183
vt 0.6664937138557434 0.8294320553541183
vt 0.6664937138557434 0.5072176158428192
vt 0.3334757387638092 0.5072176158428192
vt 0.3334757387638092 0.8294320553541183
vt 0.6664937138557434 0.8294320553541183
vt 0.6664937138557434 0.5072176158428192
vt 0.3334757387638092 0.5072176158428192
vt 0.3334757387638092 0.8294320553541183
vt 0.6664937138557434 0.8294320553541183
vt 0.3334757387638092 0.5072176158428192
vt 0.0004882961511611938 0.5072176158428192
vt 0.0004882961511611938 0.8294320553541183
vt 0.3334757387638092 0.8294320553541183
vt 0.3334757387638092 0.5072176158428192
vt 0.3334757387638092 0.5072176158428192
vt 0.0004882961511611938 0.5072176158428192
vt 0.0004882961511611938 0.8294320553541183
vt 0.3334757387638092 0.8294320553541183
vt 0.3334757387638092 0.5072176158428192
vt 0.0004882961511611938 0.5072176158428192
vt 0.0004882961511611938 0.8294320553541183
vt 0.3334757387638092 0.8294320553541183
vt 0.0004882961511611938 0.5072176158428192
vt 0.0004882961511611938 0.8294320553541183
vt 0.3334757387638092 0.8294320553541183
vt 0.3334757387638092 0.5072176158428192
vt 0.6664937138557434 0.5072176158428192
vt 0.3334757387638092 0.5072176158428192
vt 0.3334757387638092 0.8294320553541183
vt 0.6664937138557434 0.8294320553541183
vt 0.3334757387638092 0.5072176158428192
vt 0.0004882961511611938 0.5072176158428192
vt 0.0004882961511611938 0.8294320553541183
vt 0.3334757387638092 0.8294320553541183
vt 0.3334757387638092 0.5072176158428192
vt 0.3334757387638092 0.8294320553541183
vt 0.6664937138557434 0.8294320553541183
vt 0.6664937138557434 0.5072176158428192
vt 0.3334757387638092 0.5072176158428192
vt 0.0004882961511611938 0.5072176158428192
vt 0.0004882961511611938 0.8294320553541183
vt 0.3334757387638092 0.8294320553541183
vt 0.6664937138557434 0.5072176158428192
vt 0.3334757387638092 0.5072176158428192
vt 0.3334757387638092 0.8294320553541183
vt 0.6664937138557434 0.8294320553541183
vt 0.6664937138557434 0.5072176158428192
vt 0.3334757387638092 0.5072176158428192
vt 0.3334757387638092 0.8294320553541183
vt 0.6664937138557434 0.8294320553541183
vt 0.0004882961511611938 0.5072176158428192
vt 0.0004882961511611938 0.8294320553541183
vt 0.3334757387638092 0.8294320553541183
vt 0.3334757387638092 0.5072176158428192
vt 0.3334757387638092 0.5072176158428192
vt 0.3334757387638092 0.8294320553541183
vt 0.6664937138557434 0.8294320553541183
vt 0.6664937138557434 0.5072176158428192
vt 0.3334757387638092 0.5072176158428192
vt 0.0004882961511611938 0.5072176158428192
vt 0.0004882961511611938 0.8294320553541183
vt 0.3334757387638092 0.8294320553541183
vt 0.6664937138557434 0.5072176158428192
vt 0.3334757387638092 0.5072176158428192
vt 0.3334757387638092 0.8294320553541183
vt 0.6664937138557434 0.8294320553541183
vt 0.3334757387638092 0.5072176158428192
vt 0.0004882961511611938 0.5072176158428192
vt 0.0004882961511611938 0.8294320553541183
vt 0.3334757387638092 0.8294320553541183
vt 0.3334757387638092 0.5072176158428192
vt 0.0004882961511611938 0.5072176158428192
vt 0.0004882961511611938 0.8294320553541183
vt 0.6664937138557434 0.5072176158428192
vt 0.3334757387638092 0.5072176158428192
vt 0.3334757387638092 0.8294320553541183
vt 0.6664937138557434 0.8294320553541183
vt 0.0004882961511611938 0.5072176158428192
vt 0.0004882961511611938 0.8294320553541183
vt 0.3334757387638092 0.8294320553541183
vt 0.3334757387638092 0.5072176158428192
vt 0.6664937138557434 0.5072176158428192
vt 0.3334757387638092 0.5072176158428192
vt 0.3334757387638092 0.8294320553541183
vt 0.6664937138557434 0.8294320553541183
vt 0.6664937138557434 0.5072176158428192
vt 0.3334757387638092 0.5072176158428192
vt 0.3334757387638092 0.8294320553541183
vt 0.6664937138557434 0.8294320553541183
vt 0.3334757387638092 0.5072176158428192
vt 0.0004882961511611938 0.5072176158428192
vt 0.0004882961511611938 0.8294320553541183
vt 0.3334757387638092 0.8294320553541183
vt 0.0004882961511611938 0.5072176158428192
vt 0.0004882961511611938 0.8294320553541183
vt 0.3334757387638092 0.8294320553541183
vt 0.3334757387638092 0.5072176158428192
vt 0.6664937138557434 0.5072176158428192
vt 0.3334757387638092 0.5072176158428192
vt 0.3334757387638092 0.8294320553541183
vt 0.6664937138557434 0.8294320553541183
vt 0.6664937138557434 0.5072176158428192
vt 0.3334757387638092 0.5072176158428192
vt 0.3334757387638092 0.8294320553541183
vt 0.6664937138557434 0.8294320553541183
vt 0.0004882961511611938 0.5072176158428192
vt 0.0004882961511611938 0.8294320553541183
vt 0.3334757387638092 0.8294320553541183
vt 0.3334757387638092 0.5072176158428192
vt 0.3334757387638092 0.5072176158428192
vt 0.3334757387638092 0.8294320553541183
vt 0.6664937138557434 0.8294320553541183
vt 0.6664937138557434 0.8294320553541183
vt 0.6664937138557434 0.5072176158428192
vt 0.0004882961511611938 0.5072176158428192
vt 0.0004882961511611938 0.8294320553541183
vt 0.3334757387638092 0.8294320553541183
vt 0.3334757387638092 0.8294320553541183
vt 0.3334757387638092 0.5072176158428192
vt 0.6664937138557434 0.5072176158428192
vt 0.3334757387638092 0.5072176158428192
vt 0.3334757387638092 0.8294320553541183
vt 0.6664937138557434 0.8294320553541183
vt 0.3334757387638092 0.5072176158428192
vt 0.3334757387638092 0.8294320553541183
vt 0.6664937138557434 0.8294320553541183
vt 0.6664937138557434 0.5072176158428192
vt 0.6664937138557434 0.5072176158428192
vt 0.3334757387638092 0.5072176158428192
vt 0.3334757387638092 0.8294320553541183
vt 0.6664937138557434 0.8294320553541183
vt 0.3334757387638092 0.5072176158428192
vt 0.0004882961511611938 0.5072176158428192
vt 0.0004882961511611938 0.8294320553541183
vt 0.3334757387638092 0.8294320553541183
vt 0.3334757387638092 0.5072176158428192
vt 0.0004882961511611938 0.5072176158428192
vt 0.0004882961511611938 0.8294320553541183
vt 0.3334757387638092 0.8294320553541183
vt 0.3334757387638092 0.5072176158428192
vt 0.3334757387638092 0.8294320553541183
vt 0.6664937138557434 0.8294320553541183
vt 0.6664937138557434 0.5072176158428192
vt 0.3334757387638092 0.5072176158428192
vt 0.0004882961511611938 0.5072176158428192
vt 0.0004882961511611938 0.8294320553541183
vt 0.0004882961511611938 0.8294320553541183
vt 0.3334757387638092 0.8294320553541183
vt 0.3334757387638092 0.5072176158428192
vt 0.0004882961511611938 0.5072176158428192
vt 0.0004882961511611938 0.8294320553541183
vt 0.0004882961511611938 0.8294320553541183
vt 0.3334757387638092 0.8294320553541183
vt 0.2152470499277115 0.14374220371246338
vt 0.16873684525489807 0.14419996738433838
vt 0.16910305619239807 0.15317237377166748
vt 0.0872218981385231 0.13830989599227905
vt 0.6664937138557434 0.5072176158428192
vt 0.3334757387638092 0.5072176158428192
vt 0.3334757387638092 0.8294320553541183
vt 0.6664937138557434 0.8294320553541183
vt 0.6664937138557434 0.5072176158428192
vt 0.3334757387638092 0.5072176158428192
vt 0.0004882961511611938 0.5072176158428192
vt 0.0004882961511611938 0.8294320553541183
vt 0.3334757387638092 0.8294320553541183
vt 0.3334757387638092 0.5072176158428192
vt 0.6664937138557434 0.5072176158428192
vt 0.3334757387638092 0.5072176158428192
vt 0.3334757387638092 0.8294320553541183
vt 0.6664937138557434 0.8294320553541183
vt 0.3334757387638092 0.5072176158428192
vt 0.0004882961511611938 0.5072176158428192
vt 0.0004882961511611938 0.8294320553541183
vt 0.3334757387638092 0.8294320553541183
vt 0.3334757387638092 0.5072176158428192
vt 0.0004882961511611938 0.5072176158428192
vt 0.0004882961511611938 0.8294320553541183
vt 0.3334757387638092 0.8294320553541183
vt 0.3334757387638092 0.5072176158428192
vt 0.0004882961511611938 0.5072176158428192
vt 0.0004882961511611938 0.8294320553541183
vt 0.31388285756111145 0.17099523544311523
vt 0.29914242029190063 0.13840144872665405
vt 0.3742179572582245 0.12515640258789062
vt 0.36234626173973083 0.095889151096344
vt 0.42255929112434387 0.1104770302772522
vt 0.43256935477256775 0.13281655311584473
vt 0.40931424498558044 0.07052826881408691
vt 0.3870052099227905 0.1665394902229309
vt 0.45701467990875244 0.1827143430709839
vt 0.35160374641418457 0.08755761384963989
vt 0.4040345549583435 0.06836146116256714
vt 0.2844019830226898 0.10000914335250854
vt 0.3639637529850006 0.22717976570129395
vt 0.42387157678604126 0.24945831298828125
vt 0.3715323209762573 0.2593768239021301
vt 0.3396404981613159 0.23694568872451782
vt 0.347697377204895 0.28269296884536743
vt 0.42387157678604126 0.24945831298828125
vt 0.4138920307159424 0.30509352684020996
vt 0.34342479705810547 0.3154393434524536
vt 0.36091190576553345 0.48094117641448975
vt 0.31391337513923645 0.48118531703948975
vt 0.2620624303817749 0.4846339225769043
vt 0.2860499918460846 0.2797631621360779
vt 0.347697377204895 0.28269296884536743
vt 0.2841883599758148 0.2459181547164917
vt 0.2846766710281372 0.20276498794555664
vt 0.22357860207557678 0.24460583925247192
vt 0.22550126910209656 0.28299814462661743
vt 0.20969267189502716 0.48863184452056885
vt 0.22754600644111633 0.20587784051895142
vt 0.16232794523239136 0.2613605260848999
vt 0.16238899528980255 0.4899136424064636
vt 0.16348765790462494 0.22486037015914917
vt 0.20377208292484283 0.191045880317688
vt 0.2152470499277115 0.1498153805732727
vt 0.1894894242286682 0.1817377209663391
vt 0.16251106560230255 0.17572557926177979
vt 0.10098575055599213 0.2627033591270447
vt 0.10003967583179474 0.21878719329833984
vt 0.1273842602968216 0.19269388914108276
vt 0.10763878375291824 0.3007904291152954
vt 0.029053620994091034 0.2609332799911499
vt 0.11282692849636078 0.4894253611564636
vt 0.04437391459941864 0.31327247619628906
vt 0.0632648691534996 0.4902798533439636
vt 0.08487197756767273 0.1893978714942932
vt 0.008758812211453915 0.16498303413391113
vt 0.01892147585749626 0.20490127801895142
vt 0.08545182645320892 0.15439313650131226
vt 0.015503402799367905 0.14651936292648315
vt 0.16873684525489807 0.14419996738433838
vt 0.0872218981385231 0.13830989599227905
vt 0.2152470499277115 0.14374220371246338
vt 0.029786065220832825 0.11441391706466675
vt 0.09073153138160706 0.10721153020858765
vt 0.029633473604917526 0.10522782802581787
vt 0.08960234373807907 0.09762871265411377
vt 0.16910305619239807 0.15317237377166748
vt 0.1503646969795227 0.10019224882125854
vt 0.15652944147586823 0.10934782028198242
vt 0.2146366834640503 0.1037324070930481
vt 0.21115756034851074 0.1121554970741272
vt 0.286660373210907 0.1110263466835022
vt 0.3334757387638092 0.5072176158428192
vt 0.3334757387638092 0.8294320553541183
vt 0.6664937138557434 0.8294320553541183
vt 0.6664937138557434 0.5072176158428192
vt 0.3334757387638092 0.5072176158428192
vt 0.0004882961511611938 0.5072176158428192
vt 0.0004882961511611938 0.8294320553541183
vt 0.3334757387638092 0.8294320553541183
vn 0.669715404510498 -0.696694552898407 -0.2570946216583252
vn 0.5264284610748291 -0.7652711272239685 -0.3704497218132019
vn 0.57718825340271 -0.5181190967559814 -0.6311941146850586
vn 0.9426788091659546 -0.24741864204406738 -0.22392070293426514
vn 0.5717180967330933 0.20079106092453003 0.7955005168914795
vn 0.7878960967063904 0.17458197474479675 -0.5905424952507019
vn 0.9784327149391174 0.18091779947280884 -0.09968931972980499
vn 0.6261557936668396 0.20253443717956543 0.7529330253601074
vn -0.32285940647125244 0.20907628536224365 0.9230648279190063
vn 0.34454697370529175 0.185743510723114 0.9202098250389099
vn -0.07724378257989883 0.15329933166503906 0.9851560592651367
vn -0.6344603300094604 0.2302856147289276 0.7378540635108948
vn -0.4846091866493225 -0.8197449445724487 0.3052408695220947
vn -0.4471753239631653 -0.7890377640724182 0.42125216126441956
vn -0.5267651677131653 -0.3723122775554657 0.7641346454620361
vn -0.904882550239563 -0.16128037869930267 0.3939236104488373
vn 0.6152697801589966 0.2578122019767761 0.7449667453765869
vn 0.892762303352356 0.11423972249031067 -0.43580344319343567
vn 0.9720872640609741 0.23373252153396606 0.020376641303300858
vn 0.4160541296005249 0.13773810863494873 0.8988474607467651
vn 0.669715404510498 -0.696694552898407 -0.2570946216583252
vn 0.6955992579460144 -0.7169802784919739 0.04561297595500946
vn 0.5638639330863953 -0.1703653335571289 0.8081044554710388
vn 0.6261557936668396 0.20253443717956543 0.7529330253601074
vn 0.6473467350006104 -0.6456868648529053 -0.40500664710998535
vn -0.1167885959148407 -0.4600331485271454 -0.8801872730255127
vn 0.38402995467185974 0.24168676137924194 -0.8911274671554565
vn 0.8992170095443726 0.09006020426750183 -0.4281325936317444
vn 0.5067524909973145 0.16792672872543335 0.8455780744552612
vn 0.44343334436416626 0.1392008662223816 0.8854318261146545
vn 0.18514709174633026 0.37459996342658997 0.9085125923156738
vn 0.18514709174633026 0.37459996342658997 0.9085125923156738
vn 0.43225112557411194 0.6258462071418762 0.6492111682891846
vn -0.9111618399620056 0.136182963848114 -0.38889336585998535
vn -0.9784750938415527 -0.0011592954397201538 0.2063608169555664
vn -0.9341554641723633 0.3461318612098694 0.08686721324920654
vn -0.9622940421104431 0.25120121240615845 -0.10434514284133911
vn -0.12054276466369629 -0.5718429088592529 0.8114584684371948
vn 0.5109001398086548 -0.45947861671447754 0.7265399098396301
vn 0.2180478274822235 0.19396904110908508 0.9564679265022278
vn -0.17239776253700256 0.23921853303909302 0.9555382132530212
vn 0.5094149708747864 0.28057003021240234 0.8134964108467102
vn 0.9549188613891602 0.06263846158981323 -0.29018282890319824
vn 0.7672697305679321 0.25680679082870483 0.587662398815155
vn 0.44343334436416626 0.1392008662223816 0.8854318261146545
vn -0.9071407914161682 -0.28329789638519287 0.31118741631507874
vn -0.9460719227790833 0.15294146537780762 0.28558114171028137
vn -0.9510911703109741 0.12902921438217163 -0.2806715965270996
vn -0.9715622663497925 -0.22296106815338135 0.07971799373626709
vn -0.9648078083992004 0.12528300285339355 0.2311922013759613
vn -0.14848241209983826 0.2352065145969391 0.9605365991592407
vn -0.6780490875244141 0.2837226390838623 0.6780490875244141
vn -0.9266377091407776 0.3413929045200348 0.15745878219604492
vn -0.4511917531490326 -0.769968569278717 -0.4511916935443878
vn 5.960464477539063e-8 -0.05024437978863716 -0.9987367987632751
vn 0.6879982948303223 -0.23090356588363647 -0.6879981756210327
vn 0.5750004053115845 -0.7564947605133057 -0.3115924894809723
vn -0.4548852741718292 -0.48290368914604187 0.7482532262802124
vn 0.35766690969467163 -0.4062970280647278 0.8408309817314148
vn 0.20281222462654114 0.2662772834300995 0.9423179626464844
vn -0.19665566086769104 0.21538475155830383 0.9565226435661316
vn 0.4978208541870117 -0.14495354890823364 0.8550804853439331
vn 0.361324280500412 0.2661606967449188 0.8936457633972168
vn 0.06090517342090607 0.24237781763076782 0.9682682156562805
vn 0.2546605169773102 -0.1299554407596588 0.9582584500312805
vn -0.10434505343437195 0.25120115280151367 0.9622939825057983
vn -0.5595726370811462 0.25549107789993286 0.7884175181388855
vn 0.21447893977165222 0.1697412133216858 0.9618661403656006
vn 0.3100142478942871 0.2865059971809387 0.9065346717834473
vn -0.937349259853363 -0.34264445304870605 -0.06301504373550415
vn -0.9071407914161682 -0.28329789638519287 0.31118741631507874
vn -0.9890008568763733 0.11353021115064621 0.09480363130569458
vn -0.8854318857192993 0.13920074701309204 -0.44343340396881104
vn -0.7436482310295105 0.1725507229566574 -0.6459203362464905
vn -0.8552090525627136 0.14180392026901245 -0.49850642681121826
vn -0.7955004572868347 0.20079104602336884 -0.5717180967330933
vn -0.35024914145469666 0.21187907457351685 -0.9123773574829102
vn 0.28241926431655884 0.2824190855026245 0.9167761206626892
vn 0.5024324059486389 0.25198906660079956 0.8270809054374695
vn 0.21447893977165222 0.1697412133216858 0.9618661403656006
vn 0.0011249743402004242 0.16312170028686523 0.986605167388916
vn 0.8729407787322998 0.2163698673248291 0.43721646070480347
vn 0.9455623626708984 -0.1530781388282776 -0.28719091415405273
vn 0.8519842028617859 0.1931564211845398 0.48663443326950073
vn 0.42153024673461914 0.269353449344635 0.8658871650695801
vn -0.8078482747077942 0.17364966869354248 -0.5632288455963135
vn -0.48038673400878906 0.2782822847366333 -0.8317375183105469
vn -0.9565227031707764 0.21538487076759338 -0.19665566086769104
vn -0.9623461365699768 0.19088944792747498 -0.19352233409881592
vn -0.12259307503700256 -0.18138758838176727 -0.9757403135299683
vn 0.13700327277183533 0.12002937495708466 -0.9832714796066284
vn 0.4816715121269226 0.0918140858411789 -0.8715288043022156
vn 0.38724446296691895 -0.4110504388809204 -0.8252749443054199
vn -0.3898608386516571 0.2694404423236847 0.8805736899375916
vn -0.9737719893455505 0.20375452935695648 0.10125231742858887
vn -0.9431800842285156 0.2444259226322174 -0.2250927984714508
vn -0.03904704004526138 0.1905023455619812 0.9809097647666931
vn -0.6428006887435913 -0.6675238013267517 0.37579116225242615
vn -0.25502562522888184 -0.5871888995170593 0.7682257294654846
vn -0.6079959273338318 0.3439333438873291 0.7155768871307373
vn -0.9663304686546326 0.02066364884376526 0.256472647190094
vn 0.20011626183986664 -0.7742961645126343 0.6003488302230835
vn 0.669715404510498 -0.696694552898407 -0.2570946216583252
vn 0.7282218337059021 0.2864871025085449 0.6225895285606384
vn 0.42959240078926086 0.019827306270599365 0.902804970741272
vn -0.9832714796066284 0.12002936750650406 0.1370033323764801
vn -0.9642828702926636 -0.03832412511110306 0.2620871067047119
vn -0.9230648279190063 0.20907631516456604 0.32285940647125244
vn -0.9230648279190063 0.20907631516456604 0.32285940647125244
vn -0.9065346717834473 0.31001412868499756 0.28650617599487305
vn 0.8395099639892578 0.09327882528305054 0.535277247428894
vn 0.5991772413253784 0.2017795443534851 0.7747716307640076
vn 0.8956758975982666 0.31445515155792236 0.3144552707672119
vn 0.957658052444458 0.04141905903816223 -0.28491276502609253
vn -0.6561519503593445 0.31592506170272827 0.6853142380714417
vn -0.9299952387809753 0.32025402784347534 -0.18040502071380615
vn -0.7783534526824951 0.3116610050201416 -0.5450072884559631
vn -0.8936457633972168 0.36132436990737915 0.26616063714027405
vn 0.2601112425327301 0.15073096752166748 0.9537410736083984
vn 0.6964492797851562 0.1729641556739807 0.6964492797851562
vn 0.44397443532943726 0.24395889043807983 0.8621892333030701
vn 0.22159111499786377 0.2188723385334015 0.9502589106559753
vn 0.9251455664634705 0.01940864324569702 0.3791155219078064
vn 0.9997219443321228 -0.01716691255569458 0.016157086938619614
vn 0.7449667453765869 0.2578122019767761 0.6152697801589966
vn 0.5717180967330933 0.20079106092453003 0.7955005168914795
vn 0.9251455664634705 0.01940864324569702 0.3791155219078064
vn -0.314130961894989 -0.6849350333213806 -0.6574079990386963
vn -0.6863356232643127 -0.7120351791381836 0.14815175533294678
vn -0.8715288639068604 0.09181419759988785 -0.48167145252227783
vn -0.7347654700279236 0.14634959399700165 -0.6623451113700867
vn -0.019174396991729736 0.14549961686134338 -0.9891723394393921
vn -0.8127020597457886 0.06998671591281891 -0.5784609317779541
vn -0.34454697370529175 0.1857435405254364 -0.9202098846435547
vn 0.05722999572753906 0.15066693723201752 -0.9869264364242554
vn 0.07005539536476135 -0.05363607406616211 0.9960999488830566
vn -0.22159117460250854 0.21887224912643433 0.9502587914466858
vn -0.8455780744552612 0.16792672872543335 0.5067524909973145
vn -0.8455780744552612 0.16792672872543335 0.5067524909973145
vn -0.5401583313941956 -0.4618019759654999 0.7035393714904785
vn 0.35766690969467163 -0.4062970280647278 0.8408309817314148
vn 0.06090517342090607 0.24237781763076782 0.9682682156562805
vn -0.17239776253700256 0.23921853303909302 0.9555382132530212
vn -0.04269969463348389 -0.4123193025588989 0.9100380539894104
vn -0.9230648279190063 0.20907631516456604 0.32285940647125244
vn -0.9821364283561707 0.1871289312839508 0.01975896954536438
vn -0.9673932790756226 0.1903705894947052 -0.16705983877182007
vn -0.9230648279190063 0.20907631516456604 0.32285940647125244
vn -0.9230648279190063 0.20907631516456604 0.32285940647125244
vn 0.09812292456626892 0.15869256854057312 0.9824399352073669
vn -0.08105349540710449 0.22320887446403503 0.9713948369026184
vn -0.7878960967063904 0.17458198964595795 0.5905425548553467
vn -0.29593661427497864 0.20617392659187317 0.9326914548873901
vn -0.0996893048286438 0.18091782927513123 -0.9784325957298279
vn 0.251201331615448 0.10434507578611374 -0.9622939825057983
vn 0.5595726370811462 0.25549107789993286 -0.7884175181388855
vn 0.0011416077613830566 0.18380576372146606 -0.9829617142677307
vn 0.6964492797851562 0.1729641556739807 0.6964492797851562
vn 0.8304566740989685 0.11821979284286499 0.5443944334983826
vn 0.5311222076416016 0.2538795471191406 0.8083648681640625
vn 0.44397443532943726 0.24395889043807983 0.8621892333030701
vn -0.9326915144920349 0.29593679308891296 -0.20617392659187317
vn -0.7431752681732178 0.37077099084854126 -0.5569729804992676
vn -0.8398970365524292 0.359507292509079 -0.4066043794155121
vn -0.9402584433555603 0.29047518968582153 0.17758911848068237
vn -0.937476634979248 0.15510229766368866 0.3115771412849426
vn -0.8988475203514099 0.1377381682395935 0.4160541892051697
vn -0.9565228223800659 0.2153848558664322 0.19665566086769104
vn -0.9684087634086609 0.22718888521194458 0.10280624032020569
vn -0.8127020597457886 0.06998671591281891 -0.5784609317779541
vn -0.9180374145507812 -0.11165323853492737 -0.3804478943347931
vn -0.820410430431366 0.14390569925308228 -0.5533690452575684
vn -0.7571427822113037 0.14600957930088043 -0.6367225646972656
vn 0.955377459526062 0.105862557888031 0.275765597820282
vn 0.5991772413253784 0.2017795443534851 0.7747716307640076
vn 0.36573052406311035 0.16238999366760254 0.9164444208145142
vn 0.6630620956420898 0.22729086875915527 0.7132229804992676
vn 0.5067524909973145 0.16792672872543335 0.8455780744552612
vn 0.9433250427246094 0.32059839367866516 0.08575687557458878
vn 0.8826239109039307 0.2942078411579132 0.3666284382343292
vn 0.8826239109039307 0.2942078411579132 0.3666284382343292
vn 0.46357962489128113 0.5706881284713745 0.6777968406677246
vn 0.8701090812683105 -0.347737193107605 -0.34926915168762207
vn -0.12259307503700256 -0.18138758838176727 -0.9757403135299683
vn 0.15897274017333984 0.12200237065553665 -0.9797157049179077
vn 0.7382234334945679 0.09539668262004852 -0.6677766442298889
vn -0.956467866897583 0.1939689964056015 0.2180478572845459
vn -0.12145335972309113 0.1840580701828003 0.9753826856613159
vn -0.32285940647125244 0.20907628536224365 0.9230648279190063
vn -0.9123772978782654 0.21187901496887207 0.3502490818500519
vn -0.9622939825057983 0.10434501618146896 0.2512013018131256
vn -0.9111618399620056 0.136182963848114 -0.38889336585998535
vn -0.9005820155143738 0.21456333994865417 -0.37804004549980164
vn -0.9035435914993286 0.3558526635169983 0.23869946599006653
vn -0.9389436841011047 0.10880467295646667 -0.3264138400554657
vn -0.8121021389961243 0.11895181238651276 -0.5712617039680481
vn -0.5438920259475708 0.1995794028043747 -0.8150761127471924
vn -0.8215081095695496 0.22572284936904907 -0.5236154198646545
vn 0.9869265556335449 0.05722999572753906 0.15066690742969513
vn 0.588218629360199 0.09440560638904572 -0.8031725287437439
vn 0.9224062561988831 0.3620270788669586 0.13454657793045044
vn 0.7449667453765869 0.2578122019767761 0.6152697801589966
vn -0.7796034812927246 0.14871050417423248 -0.6083610653877258
vn 0.19975712895393372 0.24052396416664124 -0.9498658180236816
vn 0.09968942403793335 0.18091771006584167 -0.9784326553344727
vn -0.35024914145469666 0.21187907457351685 -0.9123773574829102
vn 0.0011249184608459473 0.16312164068222046 -0.9866051077842712
vn -0.7114549875259399 0.14652056992053986 -0.6872866749763489
vn -0.27391019463539124 0.228960782289505 -0.9341038465499878
vn -0.27391019463539124 0.228960782289505 -0.9341038465499878
vn -0.333154559135437 0.26270759105682373 -0.9055343866348267
vn -0.9786787033081055 0.05913103371858597 0.1967010498046875
vn -0.8927622437477112 0.1142396405339241 -0.43580344319343567
vn -0.834883451461792 0.1947559267282486 -0.5148196220397949
vn -0.9266377091407776 0.3413929045200348 0.15745878219604492
vn -0.9230648279190063 0.20907631516456604 0.32285940647125244
vn -0.9665119051933289 0.210898756980896 -0.14620602130889893
vn -0.8825921416282654 0.1894414722919464 -0.4302821159362793
vn -0.8455780148506165 0.16792674362659454 -0.5067523121833801
vn 0.251201331615448 0.10434507578611374 -0.9622939825057983
vn 0.9382692575454712 0.06430095434188843 -0.3398764729499817
vn 0.9433250427246094 0.32059839367866516 0.08575687557458878
vn 0.9433250427246094 0.3205984830856323 -0.08575679361820221
vn 0.7051195502281189 0.19991302490234375 0.6803240180015564
vn 0.9417327046394348 0.04251319169998169 0.3336644470691681
vn 0.6422754526138306 0.2584959864616394 0.7215688228607178
vn 0.44397443532943726 0.24395889043807983 0.8621892333030701
vn -0.8552090525627136 0.14180392026901245 -0.49850642681121826
vn -0.7436482310295105 0.1725507229566574 -0.6459203362464905
vn -0.35024914145469666 0.21187907457351685 -0.9123773574829102
vn -0.8215081095695496 0.22572284936904907 -0.5236154198646545
vn -0.8455780148506165 0.16792674362659454 -0.5067523121833801
vn -0.8825921416282654 0.1894414722919464 -0.4302821159362793
vn -0.41529878973960876 0.2413831353187561 -0.8770751953125
vn -0.7571427822113037 0.14600957930088043 -0.6367225646972656
vn 0.9055343866348267 0.33315443992614746 -0.26270774006843567
vn -0.16649752855300903 0.4788641929626465 -0.8619555234909058
vn 0.9465069770812988 -0.06353271007537842 -0.31636667251586914
vn 0.9583171606063843 -0.27362126111984253 0.08221495151519775
vn -0.09019996970891953 0.0545654296875 0.9944275617599487
vn 0.9055343866348267 0.33315443992614746 -0.26270774006843567
vn -0.8455780744552612 0.16792672872543335 0.5067524909973145
vn 0.8392791748046875 -0.4306004047393799 0.33195382356643677
vn 0.5754102468490601 -0.31342166662216187 0.7554268836975098
vn 0.36309802532196045 -0.2663710117340088 0.8928639888763428
vn 0.24528343975543976 -0.08218246698379517 0.9659615159034729
vn -0.19665572047233582 0.21538488566875458 -0.9565227031707764
vn 0.9757275581359863 0.03970286250114441 -0.21535786986351013
vn 0.09294657409191132 -0.07367709279060364 0.9929412603378296
vn 0.996908962726593 0.07005307078361511 -0.03556544706225395
vn 0.020050525665283203 0.20876187086105347 -0.9777607917785645
vn -0.9960208535194397 0.08721913397312164 0.01830524206161499
vn -0.9648078083992004 0.12528300285339355 0.2311922013759613
vn 0.09294657409191132 -0.07367709279060364 0.9929412603378296
vn 0.24528343975543976 -0.08218246698379517 0.9659615159034729
vn 0.36309802532196045 -0.2663710117340088 0.8928639888763428
vn -0.09019996970891953 0.0545654296875 0.9944275617599487
vn 0.5754102468490601 -0.31342166662216187 0.7554268836975098
vn 0.11685831099748611 -0.8792874813079834 -0.4617328643798828
vn 0.5530642867088318 -0.34121784567832947 -0.760059118270874
vn 0.9264852404594421 -0.2779456377029419 -0.253714382648468
vn 0.669715404510498 -0.696694552898407 -0.2570946216583252
vn 0.7280664443969727 -0.6552596092224121 -0.20138004422187805
vn 0.4340397119522095 -0.6226800680160522 -0.651059627532959
vn 0.8619555234909058 0.16649726033210754 -0.4788641631603241
vn 0.957658052444458 0.04141905903816223 -0.28491276502609253
vn -0.4874599575996399 -0.5158396363258362 -0.7044798135757446
vn 0.039702773094177246 0.21535788476467133 -0.9757276773452759
vn 0.2689875364303589 0.20001628994941711 -0.9421458840370178
vn 0.4340397119522095 -0.6226800680160522 -0.651059627532959
vn 0.44690799713134766 -0.4193810522556305 0.7901852130889893
vn 0.7455979585647583 -0.6432308554649353 0.17417654395103455
vn 0.6174331903457642 0.175320565700531 0.7668368816375732
vn 0.20281222462654114 0.2662772834300995 0.9423179626464844
vn -0.6574080586433411 -0.6849350333213806 -0.3141309320926666
vn -0.8127020597457886 0.06998671591281891 -0.5784609317779541
vn -0.8715288639068604 0.09181419759988785 -0.48167145252227783
vn -0.6165014505386353 -0.7445441484451294 0.25608521699905396
vn -0.7840259671211243 -0.5189351439476013 -0.3406013548374176
vn -0.5632287859916687 0.17364966869354248 -0.8078482151031494
vn 0.19975712895393372 0.24052396416664124 -0.9498658180236816
vn 0.31291258335113525 -0.6048566102981567 -0.7322800159454346
vn 0.9164444208145142 0.16239002346992493 -0.36573055386543274
vn 0.11759904026985168 0.1394214779138565 -0.9832252264022827
vn 0.4803866744041443 0.27828240394592285 -0.8317375183105469
vn 0.9423179030418396 0.26627734303474426 0.20281225442886353
vn -0.573635458946228 0.7568130493164062 0.31333041191101074
vn -0.8769745230674744 -0.16808676719665527 0.45018020272254944
vn -0.9063469171524048 -0.11294485628604889 -0.40715891122817993
vn 0.1460096836090088 0.6367223858833313 -0.7571429014205933
vn -0.6046321392059326 -0.5184973478317261 0.6046321392059326
vn -0.6047184467315674 -0.6030292510986328 0.5202605724334717
vn -0.6311941146850586 -0.5181190967559814 0.57718825340271
vn -0.8154025077819824 -0.19624429941177368 -0.5446159839630127
vn -0.7671481370925903 -0.1719995141029358 0.6179803609848022
vn 0.2257227897644043 0.5236154794692993 -0.8215081691741943
vn 0.7378539443016052 0.6344602704048157 -0.23028558492660522
vn -0.573635458946228 0.7568130493164062 0.31333041191101074
vn 0.7361922264099121 -0.14633333683013916 0.6607625484466553
vn -0.8920459747314453 -0.16310875117778778 -0.42148447036743164
vn -0.49850642681121826 0.1418038308620453 0.8552091121673584
vn -0.7285771369934082 -0.2030714750289917 -0.6541690826416016
vn 0.42321455478668213 0.16321930289268494 -0.8912062048912048
vn 0.4652199447154999 -0.04216906428337097 -0.8841898441314697
vn 0.9402583241462708 0.29047518968582153 0.17758914828300476
vn 0.767737627029419 0.5036748647689819 0.39609384536743164
vn 0.7878782749176025 0.39313021302223206 0.47402113676071167
vn -0.49850642681121826 0.1418038308620453 0.8552091121673584
vn -0.09019996970891953 0.0545654296875 0.9944275617599487
vn -0.7671481370925903 -0.1719995141029358 0.6179803609848022
vn 0.037892285734415054 -0.19301414489746094 0.980463981628418
vn -0.6311941146850586 -0.5181190967559814 0.57718825340271
vn -0.6047184467315674 -0.6030292510986328 0.5202605724334717
vn 0.7912788391113281 0.12275922298431396 0.5990054607391357
vn 0.02190539985895157 -0.532576322555542 0.8460982441902161
vn 0.28074827790260315 -0.5378381013870239 0.7949278950691223
vn -0.6046321392059326 -0.5184973478317261 0.6046321392059326
vn -0.46194130182266235 -0.8210533857345581 -0.33538198471069336
vn -0.7687325477600098 -0.45306143164634705 -0.45142585039138794
vn -0.8414456248283386 -0.020556434988975525 -0.5399503707885742
vn 0.5750004053115845 -0.7564947605133057 -0.3115924894809723
vn -0.46194130182266235 -0.8210533857345581 -0.33538198471069336
vn 0.361324280500412 0.2661606967449188 0.8936457633972168
vn 0.6152697801589966 0.2578122019767761 0.7449667453765869
vn 0.5991772413253784 0.2017795443534851 0.7747716307640076
vn 0.0011249743402004242 0.16312170028686523 0.986605167388916
vn 0.22159111499786377 0.2188723385334015 0.9502589106559753
vn -0.07724378257989883 0.15329933166503906 0.9851560592651367
vn 0.057230010628700256 0.15066686272621155 0.9869264960289001
vn 0.40231239795684814 0.18735849857330322 0.8961255550384521
vn -0.03904712200164795 0.1905023455619812 -0.9809097051620483
vn -0.12145340442657471 0.1840580403804779 -0.9753826856613159
vn 0.0011416077613830566 0.18380576372146606 -0.9829617142677307
vn 0.5094149708747864 0.28057003021240234 0.8134964108467102
vn 0.7668367624282837 0.175320565700531 0.6174331903457642
vn 0.5991772413253784 0.2017795443534851 0.7747716307640076
vn 0.44343334436416626 0.1392008662223816 0.8854318261146545
vn 0.7884175777435303 0.559572696685791 0.25549107789993286
vn 0.20732012391090393 0.12337464094161987 0.9704620838165283
vn -0.9704620242118835 0.20732013881206512 -0.12337467074394226
vn -0.756813108921051 0.31333035230636597 -0.5736353993415833
vn 0.05254057049751282 -0.07114860415458679 -0.9960808753967285
vn 0.17032787203788757 -0.03849871829152107 -0.984635055065155
vn 0.0010587573051452637 0.08576139062643051 -0.9963149428367615
vn -0.9909290671348572 0.11163775622844696 -0.07480877637863159
vn 0.1927986592054367 0.03666740655899048 0.9805528521537781
vn 0.972424328327179 -0.020358532667160034 -0.23232798278331757
vn 0.9670995473861694 -0.19056785106658936 -0.16852939128875732
vn 0.7884175777435303 0.559572696685791 0.25549107789993286
vn 0.9122046232223511 -0.08902904391288757 -0.39994552731513977
vn 0.17032787203788757 -0.03849871829152107 -0.984635055065155
vn 0.05254057049751282 -0.07114860415458679 -0.9960808753967285
vn 0.0010587573051452637 0.08576139062643051 -0.9963149428367615
vn -0.5729237794876099 -0.7950466871261597 0.19914472103118896
vn -0.4471753239631653 -0.7890377640724182 0.42125216126441956
vn -0.8969330191612244 -0.18722394108772278 0.4005720317363739
vn -0.9756669998168945 -0.12133302539587021 0.18262481689453125
vn 0.21447893977165222 0.1697412133216858 0.9618661403656006
vn -0.23556801676750183 0.3280608654022217 0.9148132801055908
vn -0.9326915144920349 0.29593679308891296 -0.20617392659187317
vn -0.5595726370811462 0.25549107789993286 0.7884175181388855
vn -0.8121021389961243 0.11895181238651276 -0.5712617039680481
vn -0.9114729166030884 0.08909132331609726 -0.40159639716148376
vn -0.7878960967063904 0.17458200454711914 -0.5905424952507019
vn -0.6964492797851562 0.17296433448791504 -0.6964492201805115
vn -0.8121021389961243 0.11895181238651276 -0.5712617039680481
vn -0.9233211278915405 0.08516732603311539 -0.3744654953479767
vn -0.7998921871185303 0.14801746606826782 -0.5816037654876709
vn -0.05812501907348633 0.17200249433517456 -0.9833800792694092
vn -0.8575395345687866 0.21852938830852509 -0.46569374203681946
vn -0.4928969740867615 0.3365735411643982 -0.8023532629013062
vn 0.6225895285606384 0.28648728132247925 -0.7282217144966125
vn 0.0011416077613830566 0.18380576372146606 -0.9829617142677307
vn 0.0011416077613830566 0.18380576372146606 -0.9829617142677307
vn 0.5094150304794312 0.28056997060775757 -0.813496470451355
vn 0.9065346717834473 0.2865060567855835 0.3100142478942871
vn 0.9324806928634644 0.35864636301994324 0.0430375412106514
vn -0.6344603300094604 0.2302856147289276 0.7378540635108948
vn 0.3387770652770996 0.16032660007476807 0.9271059036254883
vn 0.31166115403175354 0.5450072288513184 0.7783535718917847
vn -0.906534731388092 0.3100142478942871 -0.28650611639022827
vn 0.8218741416931152 0.09388726949691772 0.5618788003921509
vn 0.9642826914787292 -0.038324058055877686 -0.26208704710006714
vn 0.8658871650695801 0.269353449344635 0.42153024673461914
vn 0.5717180967330933 0.20079106092453003 0.7955005168914795
vn -0.9869264364242554 0.057229988276958466 0.15066683292388916
vn -0.8715288639068604 0.09181419759988785 -0.48167145252227783
vn -0.7998921871185303 0.14801746606826782 -0.5816037654876709
vn -0.9833800792694092 0.17200258374214172 0.058124929666519165
vn -0.6964492797851562 0.17296433448791504 -0.6964492201805115
vn -0.361324280500412 0.26616066694259644 -0.8936457633972168
vn -0.4928969740867615 0.3365735411643982 -0.8023532629013062
vn -0.9402583837509155 0.2904752194881439 -0.17758914828300476
vn -0.937476634979248 0.15510229766368866 0.3115771412849426
vn -0.17239776253700256 0.23921853303909302 0.9555382132530212
vn -0.6909670233726501 0.34466665983200073 0.635428249835968
vn -0.9665118455886841 0.21089878678321838 0.14620602130889893
vn -0.7687325477600098 -0.45306143164634705 -0.45142585039138794
vn -0.9100379943847656 -0.4123194217681885 0.04269963502883911
vn -0.9389436841011047 0.10880467295646667 -0.3264138400554657
vn -0.7796034812927246 0.14871050417423248 -0.6083610653877258
vn -0.8854318857192993 0.13920074701309204 -0.44343340396881104
vn -0.8455780148506165 0.16792674362659454 -0.5067523121833801
vn -0.333154559135437 0.26270759105682373 -0.9055343866348267
vn -0.7571427822113037 0.14600957930088043 -0.6367225646972656
vn 0.9433250427246094 0.32059839367866516 0.08575687557458878
vn -0.35024914145469666 0.21187907457351685 -0.9123773574829102
vn -0.361324280500412 0.26616066694259644 -0.8936457633972168
vn 0.9035437107086182 0.2386995553970337 0.3558526039123535
vn -0.05812501907348633 0.17200249433517456 -0.9833800792694092
vn 0.040281593799591064 0.23802821338176727 -0.9704224467277527
vn -0.3954925835132599 0.29776471853256226 -0.8688621520996094
vn -0.7955004572868347 0.20079104602336884 -0.5717180967330933
vn 0.35024914145469666 0.21187907457351685 0.9123774170875549
vn -0.44397446513175964 0.24395868182182312 0.8621892929077148
vn 0.6261557936668396 0.20253443717956543 0.7529330253601074
vn 0.43028193712234497 0.18944162130355835 0.8825922012329102
vn -0.07724378257989883 0.15329933166503906 0.9851560592651367
vn 0.4788641929626465 0.16649723052978516 0.8619555234909058
vn 0.4826689064502716 0.45301690697669983 0.7495372295379639
vn -0.5668386220932007 0.284213125705719 0.7732505202293396
vn 0.4230743944644928 0.478613018989563 0.769374668598175
vn 0.43225112557411194 0.6258462071418762 0.6492111682891846
vn 0.5067524909973145 0.16792672872543335 0.8455780744552612
vn -0.8121021389961243 0.11895181238651276 -0.5712617039680481
vn -0.7114549875259399 0.14652056992053986 -0.6872866749763489
vn -0.34454697370529175 0.1857435405254364 -0.9202098846435547
vn -0.34454697370529175 0.1857435405254364 -0.9202098846435547
vn -0.7796034812927246 0.14871050417423248 -0.6083610653877258
vn -0.03846215456724167 0.16900035738945007 0.984865128993988
vn -0.5949854254722595 0.28552907705307007 0.7513088583946228
vn -0.8836544156074524 0.3187198042869568 -0.34288808703422546
vn -0.9673932790756226 0.1903705894947052 -0.16705983877182007
vn 0.44397443532943726 0.24395889043807983 0.8621892333030701
vn 0.6422754526138306 0.2584959864616394 0.7215688228607178
vn 0.6630620956420898 0.22729086875915527 0.7132229804992676
vn 0.7132229804992676 0.22729086875915527 0.6630620956420898
vn -0.8552090525627136 0.14180392026901245 -0.49850642681121826
vn -0.9944275617599487 0.054565366357564926 0.09020009636878967
vn -0.9035436511039734 0.2386995255947113 -0.3558526039123535
vn -0.8911274671554565 0.24168674647808075 -0.3840298652648926
vn -0.916776180267334 0.2824190855026245 0.28241920471191406
vn -0.03904704004526138 0.1905023455619812 0.9809097647666931
vn -0.6344603300094604 0.2302856147289276 0.7378540635108948
vn -0.9502589702606201 0.21887215971946716 -0.22159117460250854
vn -0.9944275617599487 0.054565366357564926 0.09020009636878967
vn -0.921484649181366 0.04086694121360779 -0.38625892996788025
vn -0.8455780148506165 0.16792674362659454 -0.5067523121833801
vn -0.9753826856613159 0.1840580403804779 -0.12145334482192993
vn 0.28241926431655884 0.2824191153049469 -0.916776180267334
vn 0.3144552409648895 0.3144550323486328 -0.8956758975982666
vn 0.7114550471305847 0.14652037620544434 -0.6872866153717041
vn 0.7878960967063904 0.17458197474479675 -0.5905424952507019
vn 0.6261557936668396 0.20253443717956543 0.7529330253601074
vn -0.8936457633972168 0.26616066694259644 -0.361324280500412
vn 0.4442462623119354 0.3897179365158081 0.8067000508308411
vn 0.6261557936668396 0.20253443717956543 0.7529330253601074
vn 0.06998658180236816 0.5784610509872437 0.8127018809318542
vn 0.02201678603887558 0.37687623500823975 0.926001787185669
vn -0.9717340469360352 -0.08097786456346512 0.22175469994544983
vn -0.9972054362297058 0.05282500013709068 0.05282488465309143
vn 0.09968947619199753 0.1809176504611969 0.9784326553344727
vn 0.9035435914993286 0.23869946599006653 -0.3558526039123535
vn 0.9446021318435669 0.021496891975402832 -0.32751262187957764
vn -0.2917086184024811 -0.06269165873527527 -0.9544503688812256
vn -0.4005720317363739 -0.187223881483078 -0.8969330787658691
vn -0.2917086184024811 -0.06269165873527527 -0.9544503688812256
vn -0.4005720317363739 -0.187223881483078 -0.8969330787658691
vn -0.31621885299682617 -0.31472739577293396 -0.8949592113494873
vn 0.7496023178100586 0.4794158935546875 -0.4563511610031128
vn -0.31621885299682617 -0.31472739577293396 -0.8949592113494873
vn -0.03904712200164795 0.1905023455619812 -0.9809097051620483
vn -0.645612895488739 -0.04692787677049637 -0.7622213363647461
vn -0.7939926981925964 0.2825539708137512 0.5382735133171082
vn -0.03904712200164795 0.1905023455619812 -0.9809097051620483
vn -0.7290223240852356 0.023879319429397583 0.6840729713439941
vn -0.7939926981925964 0.2825539708137512 0.5382735133171082
vn -0.7397012710571289 0.047032952308654785 0.6712896823883057
vn -0.9332234263420105 -0.13273119926452637 0.33388063311576843
vn -0.9583171010017395 -0.27362126111984253 0.08221495151519775
vn -0.645612895488739 -0.04692787677049637 -0.7622213363647461
vn -0.7955004572868347 0.20079104602336884 -0.5717180967330933
vn -0.338108092546463 0.29044508934020996 -0.8951671123504639
vn 0.5876624584197998 0.2568068504333496 -0.7672697305679321
vn 0.038462162017822266 0.16900059580802917 -0.9848650693893433
vn 0.9418154358863831 -0.2030012011528015 -0.2679064869880676
vn 0.9418154358863831 -0.2030012011528015 -0.2679064869880676
vn 0.9537411332130432 0.15073105692863464 -0.26011115312576294
vn 0.916776180267334 0.2824190855026245 0.28241920471191406
vn -0.3100142180919647 0.28650611639022827 -0.9065346717834473
vn -0.23869961500167847 0.35585257411003113 -0.9035437107086182
vn -0.23869961500167847 0.35585257411003113 -0.9035437107086182
vn 0.49289676547050476 0.3365737199783325 0.8023532032966614
vn 0.25910714268684387 0.3054281175136566 -0.9162843227386475
vn 0.9535632133483887 -0.15358507633209229 -0.25909140706062317
vn 0.8854318857192993 0.13920068740844727 -0.44343334436416626
vn 0.1840580403804779 0.12145330011844635 -0.9753826856613159
vn -0.9497535824775696 0.1970161497592926 -0.2432129681110382
vn -0.3954925835132599 0.29776471853256226 -0.8688621520996094
vn -0.45753389596939087 0.3045019805431366 -0.8354285955429077
vn 0.4442462623119354 0.3897179365158081 0.8067000508308411
vn -0.39112555980682373 -0.440817654132843 0.807898759841919
vn 0.2805192172527313 -0.018455207347869873 0.9596707820892334
vn 0.22159111499786377 0.2188723385334015 0.9502589106559753
vn -0.22159117460250854 0.21887224912643433 0.9502587914466858
vn 0.9713947772979736 0.22320878505706787 0.08105351775884628
vn -0.3954925835132599 0.29776471853256226 -0.8688621520996094
vn -0.8460652232170105 0.2463228851556778 -0.47275614738464355
vn -0.8460652232170105 0.2463228851556778 -0.47275614738464355
vn 0.49853017926216125 0.36623427271842957 0.7857096195220947
vn -0.9162843227386475 0.25910714268684387 0.3054281771183014
vn -0.9753826856613159 0.1840580403804779 -0.12145334482192993
vn -0.9345759749412537 0.25156259536743164 -0.2515624761581421
vn -0.9565227031707764 0.21538487076759338 -0.19665566086769104
vn -0.21804793179035187 0.19396886229515076 0.9564679265022278
vn -0.6344603300094604 0.2302856147289276 0.7378540635108948
vn -0.6344603300094604 0.2302856147289276 0.7378540635108948
vn -0.6344603300094604 0.2302856147289276 0.7378540635108948
vn 0.34454697370529175 0.185743510723114 0.9202098250389099
vn 0.0011416077613830566 0.18380576372146606 -0.9829617142677307
vn 0.0011416077613830566 0.18380576372146606 -0.9829617142677307
vn -0.03904712200164795 0.1905023455619812 -0.9809097051620483
vn -0.6344603300094604 0.2302856147289276 0.7378540635108948
vn 0.6261557936668396 0.20253443717956543 0.7529330253601074
vn 0.45753371715545654 0.30450212955474854 0.8354285955429077
vn -0.9259464144706726 0.27821189165115356 -0.25538426637649536
vn -0.0772438645362854 0.15329933166503906 -0.9851560592651367
vn -0.30542802810668945 0.25910723209381104 -0.9162843227386475
vn 0.4803866744041443 0.27828240394592285 -0.8317375183105469
vn 0.11759904026985168 0.1394214779138565 -0.9832252264022827
vn 0.5905652642250061 0.40198126435279846 -0.6997453570365906
vn 0.20617389678955078 0.2959367334842682 -0.9326915740966797
vn 0.1840580403804779 0.12145330011844635 -0.9753826856613159
vn 0.8854318857192993 0.13920068740844727 -0.44343334436416626
vn 0.9167929887771606 -0.2559499144554138 -0.30656182765960693
vn 0.4514259099960327 -0.45306137204170227 -0.7687325477600098
vn 0.6327545642852783 0.07062645256519318 -0.7711246013641357
vn 0.9293323755264282 0.11021369695663452 -0.35241156816482544
vn 0.6261557936668396 0.20253443717956543 0.7529330253601074
vn 0.6261557936668396 0.20253443717956543 0.7529330253601074
vn 0.40231239795684814 0.18735849857330322 0.8961255550384521
vn 0.40231239795684814 0.18735849857330322 0.8961255550384521
vn 0.40231239795684814 0.18735849857330322 0.8961255550384521
vn 0.19975712895393372 0.24052396416664124 -0.9498658180236816
vn -0.13930270075798035 0.14176806807518005 -0.9800491333007812
vn 0.09636235237121582 0.13443125784397125 -0.9862263202667236
vn 0.09636235237121582 0.13443125784397125 -0.9862263202667236
vn 0.6261557936668396 0.20253443717956543 0.7529330253601074
vn 0.5595726370811462 0.25549107789993286 -0.7884175181388855
vn 0.6678158640861511 0.37760454416275024 -0.6414329409599304
vn 0.4442462623119354 0.3897179365158081 0.8067000508308411
vn -0.5605822801589966 -0.7238105535507202 0.40230023860931396
vn -0.7590661644935608 -0.6340611577033997 -0.14759626984596252
vn -0.9114729166030884 0.08909132331609726 -0.40159639716148376
vn -0.9944275617599487 0.054565366357564926 0.09020009636878967
vn -0.9622939825057983 0.10434501618146896 0.2512013018131256
vn -0.820410430431366 0.14390569925308228 -0.5533690452575684
vn -0.8215081095695496 0.22572284936904907 -0.5236154198646545
vn -0.8951669931411743 0.3381078541278839 0.2904452681541443
vn 0.2144789695739746 0.16974107921123505 -0.9618661403656006
vn 0.6817850470542908 0.07092875242233276 -0.7281058430671692
vn 0.9423179626464844 0.2662772834300995 -0.20281213521957397
vn 0.1439114511013031 0.18721218407154083 -0.9717203974723816
vn -0.8407647013664246 -0.35607022047042847 -0.40783363580703735
vn -0.7205076217651367 0.1728607416152954 -0.6715559959411621
vn 0.019758939743041992 0.1871289610862732 -0.9821364879608154
vn -0.31621885299682617 -0.31472739577293396 -0.8949592113494873
vn -0.6344603300094604 0.2302856147289276 0.7378540635108948
vn 0.21447893977165222 0.1697412133216858 0.9618661403656006
vn 0.4826689064502716 0.45301690697669983 0.7495372295379639
vn -0.9501116275787354 0.30907246470451355 0.04197275638580322
vn 0.32285934686660767 0.20907634496688843 0.9230647683143616
vn -0.07602367550134659 0.1321641504764557 0.9883080124855042
vn -0.3558526635169983 0.23869946599006653 0.9035435318946838
vn -0.12337465584278107 0.2073201835155487 0.9704621434211731
vn 0.0011249743402004242 0.16312170028686523 0.986605167388916
vn 0.33223915100097656 0.13262230157852173 0.9338245391845703
vn 0.22159111499786377 0.2188723385334015 0.9502589106559753
vn -0.21804793179035187 0.19396886229515076 0.9564679265022278
vn 0.49101972579956055 -0.5734170079231262 -0.6558141708374023
vn 0.7998921275138855 0.14801743626594543 -0.5816038250923157
vn 0.892762303352356 0.11423972249031067 -0.43580344319343567
vn 0.8561102747917175 -0.37687456607818604 -0.3536108136177063
vn -0.14620596170425415 0.210898756980896 0.9665118455886841
vn 0.40231239795684814 0.18735849857330322 0.8961255550384521
vn 0.3387770652770996 0.16032660007476807 0.9271059036254883
vn -0.6344603300094604 0.2302856147289276 0.7378540635108948
vn 0.8701090812683105 -0.347737193107605 -0.34926915168762207
vn 0.9382692575454712 0.06430095434188843 -0.3398764729499817
vn 0.9762647151947021 0.14412128925323486 0.1616663932800293
vn 0.9817492365837097 0.017427444458007812 -0.18937891721725464
vn -0.8407647013664246 -0.35607022047042847 -0.40783363580703735
vn -0.7436482310295105 0.1725507229566574 -0.6459203362464905
vn -0.3888933062553406 0.136182963848114 -0.9111618399620056
vn -0.6637096405029297 -0.3449329435825348 -0.6637096405029297
vn -0.214478999376297 0.16974103450775146 -0.9618660807609558
vn -0.05812501907348633 0.17200249433517456 -0.9833800792694092
vn -0.7571427822113037 0.14600957930088043 -0.6367225646972656
vn -0.8715288639068604 0.09181419759988785 -0.48167145252227783
vn 0.10125231742858887 0.20375454425811768 -0.9737720489501953
vn -0.30542802810668945 0.25910723209381104 -0.9162843227386475
vn 0.09636235237121582 0.13443125784397125 -0.9862263202667236
vn -0.20584815740585327 -0.12325482815504074 -0.9707905650138855
vn 0.09636235237121582 0.13443125784397125 -0.9862263202667236
vn 0.1840580403804779 0.12145330011844635 -0.9753826856613159
vn 0.9713947772979736 0.08105343580245972 -0.22320884466171265
vn 0.1809176504611969 0.09968942403793335 0.9784326553344727
vn 0.7051195502281189 0.19991302490234375 0.6803240180015564
vn 0.40231239795684814 0.18735849857330322 0.8961255550384521
vn -0.06002143397927284 0.21926206350326538 0.973817765712738
vn 0.7614030241966248 -0.6069380044937134 0.22779671847820282
vn 0.7538362741470337 -0.6256222724914551 -0.2008170187473297
vn 0.8218741416931152 0.09388726949691772 0.5618788003921509
vn 0.6174331903457642 0.175320565700531 0.7668368816375732
vn 0.9575159549713135 -0.03885206580162048 -0.2857508659362793
vn 0.947610080242157 0.10735154151916504 -0.3008496165275574
vn 0.8854318857192993 0.13920068740844727 -0.44343334436416626
vn 0.8854318857192993 0.13920068740844727 -0.44343334436416626
vn 0.9164444208145142 0.16239002346992493 -0.36573055386543274
vn 0.9845602512359619 0.03611984848976135 -0.17127849161624908
vn 0.813496470451355 0.28056997060775757 0.5094149112701416
vn 0.5067524909973145 0.16792672872543335 0.8455780744552612
vn 0.6964492797851562 0.1729641556739807 0.6964492797851562
vn 0.9845602512359619 0.03611984848976135 -0.17127849161624908
vn 0.11759904026985168 0.1394214779138565 -0.9832252264022827
vn 0.1840580403804779 0.12145330011844635 -0.9753826856613159
vn 0.5382734537124634 0.2825539708137512 -0.7939926981925964
vn 0.5382734537124634 0.2825539708137512 -0.7939926981925964
vn 0.10125231742858887 0.20375454425811768 -0.9737720489501953
vn 0.9849404096603394 -0.07732024788856506 -0.1546403169631958
vn 0.9826698303222656 -0.09802490472793579 -0.15732404589653015
vn 0.9162843227386475 0.2591070830821991 0.30542823672294617
vn 0.6885758638381958 0.2274341583251953 0.6885758638381958
vn 0.9849404096603394 -0.07732024788856506 -0.1546403169631958
vn -0.6002951860427856 -0.6522760391235352 0.4627973139286041
vn -0.7143779397010803 -0.6083630323410034 0.34577199816703796
vn -0.9923608303070068 0.0010916590690612793 0.12336274981498718
vn -0.9786787033081055 0.05913103371858597 0.1967010498046875
vn 0.09636235237121582 0.13443125784397125 -0.9862263202667236
vn -0.7878960967063904 0.17458200454711914 -0.5905424952507019
vn -0.6885758638381958 0.2274339497089386 -0.6885758638381958
vn -0.019758939743041992 0.1871289610862732 -0.9821364879608154
vn -0.1167885959148407 -0.4600331485271454 -0.8801872730255127
vn 0.4340397119522095 -0.6226800680160522 -0.651059627532959
vn 0.5905652642250061 0.40198126435279846 -0.6997453570365906
vn 0.2689875364303589 0.20001628994941711 -0.9421458840370178
vn 0.7672697305679321 0.25680679082870483 0.587662398815155
vn -0.3954925835132599 0.29776471853256226 -0.8688621520996094
vn -0.9259464144706726 0.25538426637649536 -0.27821189165115356
vn 0.45753371715545654 0.30450212955474854 0.8354285955429077
vn 0.6261557936668396 0.20253443717956543 0.7529330253601074
vn 0.9341037273406982 0.27391019463539124 0.22896066308021545
vn 0.5382734537124634 0.28255391120910645 0.7939927577972412
vn -0.7825223207473755 0.33903923630714417 0.5222171545028687
vn 0.05722999572753906 0.15066693723201752 -0.9869264364242554
vn 0.9483540058135986 0.17501825094223022 -0.26456230878829956
vn 0.9259464144706726 0.2782120406627655 0.25538426637649536
vn 0.9259464144706726 0.2782120406627655 0.25538426637649536
vn -0.3100142180919647 0.28650611639022827 -0.9065346717834473
vn -0.14620596170425415 0.210898756980896 0.9665118455886841
vn 0.1840580701828003 0.12145334482192993 0.9753826856613159
vn -0.19665566086769104 0.21538475155830383 0.9565226435661316
vn -0.42752864956855774 0.2978811264038086 0.8535138368606567
vn -0.5738129019737244 -0.6328817009925842 0.5198069214820862
vn -0.9786787033081055 0.05913103371858597 0.1967010498046875
vn -0.9389436841011047 0.10880467295646667 -0.3264138400554657
vn -0.8471518754959106 -0.5178650617599487 -0.11894935369491577
vn -0.4846091866493225 -0.8197449445724487 0.3052408695220947
vn -0.502131462097168 -0.7678701877593994 0.39779260754585266
vn -0.9060482382774353 -0.259499192237854 0.33427026867866516
vn -0.9825783371925354 0.1005597785115242 0.15629178285598755
vn 0.42153024673461914 0.269353449344635 0.8658871650695801
vn 0.42153024673461914 0.269353449344635 0.8658871650695801
vn 0.285581111907959 0.15294158458709717 0.9460718631744385
vn 0.4160541296005249 0.13773810863494873 0.8988474607467651
vn 0.42153024673461914 0.269353449344635 0.8658871650695801
vn 0.3387770652770996 0.16032660007476807 0.9271059036254883
vn -0.9565227031707764 0.21538487076759338 -0.19665566086769104
vn -0.8460652232170105 0.2463228851556778 -0.47275614738464355
vn 0.5160297155380249 0.30961769819259644 0.798655092716217
vn 0.9253993034362793 -0.2292141616344452 -0.3018226623535156
vn 0.9418154358863831 -0.2030012011528015 -0.2679064869880676
vn 0.9233211278915405 0.08516737818717957 -0.3744654953479767
vn 0.9978485107421875 0.06555211544036865 0.0010405126959085464
vn 0.7607535123825073 -0.6422513723373413 -0.09363135695457458
vn 0.9882517457008362 0.03787726163864136 0.14806558191776276
vn 0.9980348944664001 0.05197003483772278 0.035000160336494446
vn 0.6640539169311523 -0.6624184250831604 -0.3467474579811096
vn 0.07983923703432083 0.20021191239356995 0.9764940142631531
vn 0.8826239109039307 0.2942078411579132 0.3666284382343292
vn 0.49289676547050476 0.3365737199783325 0.8023532032966614
vn -0.9249828457832336 0.30072641372680664 0.23231461644172668
vn -0.5055198669433594 -0.8460022211074829 0.16949784755706787
vn -0.9561042189598083 -0.21827030181884766 0.19550582766532898
vn -0.9944275617599487 0.054565366357564926 0.09020009636878967
vn 0.5750004053115845 -0.7564947605133057 -0.3115924894809723
vn 0.9537411332130432 0.15073105692863464 -0.26011115312576294
vn 0.9537411332130432 0.15073105692863464 -0.26011115312576294
vn 0.9418154358863831 -0.2030012011528015 -0.2679064869880676
vn -0.9821364879608154 0.18712902069091797 -0.01975896954536438
vn -0.30072635412216187 0.23231473565101624 0.9249828457832336
vn -0.9673932194709778 0.16705985367298126 0.19037050008773804
vn -0.9565227031707764 0.21538487076759338 -0.19665566086769104
vn -0.9756669998168945 -0.12133302539587021 0.18262481689453125
vn -0.7012626528739929 -0.4303957521915436 0.568321943283081
vn -0.9229817390441895 0.13740628957748413 0.35947707295417786
vn -0.9800490736961365 0.14176812767982483 0.13930252194404602
vn -0.8871341943740845 0.21403402090072632 -0.40887877345085144
vn -0.9565227031707764 0.21538487076759338 -0.19665566086769104
vn -0.8936457633972168 0.26616066694259644 -0.361324280500412
vn -0.509414792060852 0.2805701494216919 -0.813496470451355
vn -0.48038673400878906 0.2782822847366333 -0.8317375183105469
vn -0.9565227031707764 0.21538487076759338 -0.19665566086769104
vn -0.8936457633972168 0.26616066694259644 -0.361324280500412
vn -0.34288814663887024 0.3187198042869568 -0.8836543560028076
vn -0.10125225782394409 0.20375460386276245 0.973771870136261
vn 0.6261557936668396 0.20253443717956543 0.7529330253601074
vn -0.8911274671554565 0.24168674647808075 -0.3840298652648926
vn -0.8242591023445129 0.3891010880470276 0.4113355278968811
vn 0.7297031879425049 -0.6833951473236084 -0.02245238423347473
vn 0.5264284610748291 -0.7652711272239685 -0.3704497218132019
vn 0.949842631816864 -0.22181135416030884 -0.22045058012008667
vn 0.9883080124855042 0.07602360844612122 -0.13216428458690643
vn -0.9060482382774353 -0.259499192237854 0.33427026867866516
vn -0.9202099442481995 0.185743510723114 0.3445470929145813
vn -0.9851560592651367 0.07724383473396301 0.1532992422580719
vn -0.9071407914161682 -0.28329789638519287 0.31118741631507874
vn -0.12336274981498718 0.0010917671024799347 -0.9923608303070068
vn 0.07240572571754456 0.07240557670593262 -0.9947433471679688
vn 0.2073202133178711 0.12337465584278107 -0.9704620838165283
vn 0.09636235237121582 0.13443125784397125 -0.9862263202667236
vn 0.251201331615448 0.10434507578611374 -0.9622939825057983
vn 0.91733717918396 0.11173588037490845 -0.38210880756378174
vn 0.9433250427246094 0.32059839367866516 0.08575687557458878
vn 0.45050954818725586 0.2721509337425232 -0.8502790927886963
vn 0.5109001398086548 -0.45947861671447754 0.7265399098396301
vn 0.33519095182418823 -0.4600968658924103 0.8221662640571594
vn 0.0011249743402004242 0.16312170028686523 0.986605167388916
vn 0.20281222462654114 0.2662772834300995 0.9423179626464844
vn 0.5991772413253784 0.2017795443534851 0.7747716307640076
vn 0.8395099639892578 0.09327882528305054 0.535277247428894
vn 0.5991772413253784 0.2017795443534851 0.7747716307640076
vn 0.44343334436416626 0.1392008662223816 0.8854318261146545
vn 0.1840580403804779 0.12145330011844635 -0.9753826856613159
vn 0.1439114511013031 0.18721218407154083 -0.9717203974723816
vn 0.09968942403793335 0.18091771006584167 -0.9784326553344727
vn 0.1439114511013031 0.18721218407154083 -0.9717203974723816
vn 0.9324806928634644 0.35864636301994324 0.0430375412106514
vn 0.9326914548873901 0.20617395639419556 0.2959367036819458
vn 0.36331072449684143 0.4689427614212036 0.8050451874732971
vn 0.5991772413253784 0.2017795443534851 0.7747716307640076
vn 0.06090517342090607 0.24237781763076782 0.9682682156562805
vn 0.20281222462654114 0.2662772834300995 0.9423179626464844
vn -0.05723002180457115 0.15066680312156677 0.9869264960289001
vn -0.13930262625217438 0.1417681872844696 0.9800491333007812
vn 0.06090517342090607 0.24237781763076782 0.9682682156562805
vn 0.6640539169311523 -0.6624184250831604 -0.3467474579811096
vn 0.9767899513244629 -0.07976314425468445 -0.19879388809204102
vn 0.8395099639892578 0.09327882528305054 0.535277247428894
vn 0.7607135772705078 -0.6490873098373413 2.9802322387695312e-8
vn 0.5750004053115845 -0.7564947605133057 -0.3115924894809723
vn 0.021756678819656372 -0.8607497215270996 -0.5085630416870117
vn 0.12671184539794922 -0.2314428687095642 -0.9645609855651855
vn 0.12671184539794922 -0.2314428687095642 -0.9645609855651855
vn 0.28650617599487305 0.31001412868499756 -0.9065346717834473
vn -0.5811201333999634 -0.7815601229667664 -0.2268543839454651
vn -0.3185833692550659 -0.1802510917186737 -0.9305987358093262
vn 0.07005536556243896 -0.05363614484667778 -0.9961000680923462
vn 0.4003029465675354 -0.746466338634491 -0.5315498113632202
vn 0.09968942403793335 0.18091771006584167 -0.9784326553344727
vn 0.5798977613449097 0.34274065494537354 -0.73908531665802
vn 0.8826239109039307 0.2942078411579132 0.3666284382343292
vn 0.9433250427246094 0.32059839367866516 0.08575687557458878
vn 0.6422754526138306 0.2584959864616394 0.7215688228607178
vn 0.9537411332130432 0.15073105692863464 -0.26011115312576294
vn 0.9259463548660278 0.255384236574173 0.2782119810581207
vn 0.7132229804992676 0.22729086875915527 0.6630620956420898
vn -0.6306279897689819 -0.7098608016967773 0.3136969804763794
vn -0.9923608303070068 0.0010916590690612793 0.12336274981498718
vn -0.8927622437477112 0.1142396405339241 -0.43580344319343567
vn -0.6945175528526306 -0.613874614238739 -0.37523704767227173
vn -0.916776180267334 0.28241920471191406 -0.28241920471191406
vn -0.834883451461792 0.1947559267282486 -0.5148196220397949
vn -0.4439745247364044 0.24395863711833954 -0.8621894121170044
vn -0.7262132167816162 0.42844927310943604 -0.5376293063163757
vn 0.0011416077613830566 0.18380576372146606 -0.9829617142677307
vn 0.8911274671554565 0.2416868507862091 -0.38402992486953735
vn 0.9326914548873901 0.20617395639419556 0.2959367036819458
vn -0.4928969740867615 0.3365735411643982 -0.8023532629013062
vn -0.9402584433555603 0.29047518968582153 0.17758911848068237
vn -0.9148132801055908 0.328061044216156 0.2355680763721466
vn -0.9502589702606201 0.21887215971946716 -0.22159117460250854
vn -0.8836544156074524 0.3428882360458374 -0.3187198042869568
vn 0.9741413593292236 -0.05996611714363098 -0.21783554553985596
vn 0.2515624761581421 0.2515626549720764 -0.9345760345458984
vn 0.6083611249923706 0.14871056377887726 -0.7796034812927246
vn 0.877160906791687 0.16492363810539246 -0.45098620653152466
vn -0.9249829053878784 0.3007262945175171 -0.23231469094753265
vn 0.09968942403793335 0.18091771006584167 -0.9784326553344727
vn 0.6225895285606384 0.28648728132247925 -0.7282217144966125
vn 0.6225895285606384 0.28648728132247925 -0.7282217144966125
vn -0.4928969740867615 0.3365735411643982 -0.8023532629013062
vn 0.44343334436416626 0.1392008662223816 0.8854318261146545
vn 0.9433250427246094 0.32059839367866516 0.08575687557458878
vn 0.8704222440719604 0.32277533411979675 0.37172695994377136
vn -0.13262219727039337 0.3322391211986542 0.9338244199752808
vn -0.2500936686992645 -0.8290145993232727 -0.5001875162124634
vn -0.1924009919166565 -0.19371891021728516 -0.9620054364204407
vn -0.03671330213546753 0.10791449248790741 -0.9934818744659424
vn 0.5750004053115845 -0.7564947605133057 -0.3115924894809723
vn -0.2500936686992645 -0.8290145993232727 -0.5001875162124634
vn 0.9642826914787292 -0.038324058055877686 -0.26208704710006714
vn 0.5279182195663452 0.36873045563697815 -0.7650752663612366
vn 0.8552090525627136 0.1418038308620453 -0.49850645661354065
vn 0.9713947772979736 0.22320887446403503 -0.0810534805059433
vn 0.36573052406311035 0.16238999366760254 0.9164444208145142
vn 0.6630620956420898 0.22729086875915527 0.7132229804992676
vn 0.6627606153488159 0.3485631048679352 0.6627607345581055
vn -0.6344603300094604 0.2302856147289276 0.7378540635108948
vn 0.6536352634429932 -0.7295314073562622 -0.20135679841041565
vn 0.4511917531490326 -0.7699686288833618 0.4511917233467102
vn 0.3397218585014343 -0.15733027458190918 0.9272734522819519
vn 0.2556522488594055 0.12717056274414062 0.9583680033683777
vn 0.2601112425327301 0.15073096752166748 0.9537410736083984
vn 0.7695426940917969 0.12010210752487183 0.6271994113922119
vn 0.45842093229293823 0.19137972593307495 0.8678845763206482
vn 0.35024914145469666 0.21187907457351685 0.9123774170875549
vn -0.5750004053115845 -0.75649493932724 -0.3115924000740051
vn -0.4471753239631653 -0.7890377640724182 0.42125216126441956
vn -0.9616047739982605 -0.172561913728714 0.21339720487594604
vn -0.9552823305130005 -0.17526887357234955 -0.23815160989761353
vn -0.3457720875740051 -0.6083628535270691 0.7143780589103699
vn -0.5481386184692383 -0.6039673089981079 0.5785907506942749
vn -0.9259463548660278 0.2553841471672058 0.27821192145347595
vn -0.8708909153938293 0.14055967330932617 0.47094783186912537
vn 0.08105354756116867 0.2232087254524231 0.9713947176933289
vn 0.4788641929626465 0.16649723052978516 0.8619555234909058
vn 0.17239785194396973 0.23921847343444824 0.9555381536483765
vn -0.6344603300094604 0.2302856147289276 0.7378540635108948
vn -0.7482859492301941 -0.4565533995628357 -0.48127633333206177
vn -0.0996893048286438 0.18091782927513123 -0.9784325957298279
vn 0.19975712895393372 0.24052396416664124 -0.9498658180236816
vn -0.23700383305549622 -0.35550591349601746 -0.9041262865066528
vn 0.6002951860427856 -0.6522760391235352 -0.46279728412628174
vn 0.6640539169311523 -0.6624184250831604 -0.3467474579811096
vn 0.9575159549713135 -0.03885206580162048 -0.2857508659362793
vn 0.8992170095443726 0.09006020426750183 -0.4281325936317444
vn 0.6422754526138306 0.2584959864616394 0.7215688228607178
vn 0.8854318857192993 0.13920068740844727 -0.44343334436416626
vn 0.9809210300445557 0.1777995228767395 -0.07861882448196411
vn 0.7132229804992676 0.22729086875915527 0.6630620956420898
vn 0.09636235237121582 0.13443125784397125 -0.9862263202667236
vn 0.10125231742858887 0.20375454425811768 -0.9737720489501953
vn 0.9809210300445557 0.1777995228767395 -0.07861882448196411
vn 0.7998921275138855 0.14801743626594543 -0.5816038250923157
vn 0.30072641372680664 0.23231461644172668 0.9249827861785889
vn -0.6074423789978027 0.2295476496219635 0.7604741454124451
vn -0.7513088583946228 0.28552931547164917 0.5949855446815491
vn -0.22159117460250854 0.21887224912643433 0.9502587914466858
vn -0.5498299598693848 -0.7616761922836304 0.34283509850502014
vn -0.14461000263690948 -0.8366716504096985 0.5282689332962036
vn 0.12551620602607727 0.01888298988342285 0.9919116497039795
vn -0.8617371320724487 -0.24729448556900024 0.44300565123558044
vn 0.30072641372680664 0.23231461644172668 0.9249827861785889
vn -0.9549188613891602 0.06263845413923264 0.29018285870552063
vn -0.9162842631340027 0.305428147315979 0.25910714268684387
vn -0.6017858386039734 0.3146064281463623 0.7340819835662842
vn -0.9524310827255249 -0.018699534237384796 -0.3041796088218689
vn -0.8127020597457886 0.06998671591281891 -0.5784609317779541
vn -0.7571427822113037 0.14600957930088043 -0.6367225646972656
vn -0.820410430431366 0.14390569925308228 -0.5533690452575684
vn -0.9039676189422607 -0.23549963533878326 0.35690629482269287
vn 0.09607458114624023 -0.11364901065826416 0.9888646602630615
vn -0.22159117460250854 0.21887224912643433 0.9502587914466858
vn -0.9202099442481995 0.185743510723114 0.3445470929145813
vn 0.7571429014205933 0.14600974321365356 0.6367224454879761
vn 0.9278531074523926 0.062387943267822266 -0.36768996715545654
vn 0.914813220500946 0.3280610144138336 0.23556801676750183
vn 0.7378538846969604 0.23028558492660522 0.6344602108001709
vn 0.44397443532943726 0.24395889043807983 0.8621892333030701
vn 0.9162843227386475 0.2591070830821991 0.30542823672294617
vn 0.7819887399673462 0.22853338718414307 0.5798842310905457
vn 0.4788641929626465 0.16649723052978516 0.8619555234909058
vn -0.6558141708374023 -0.573417067527771 -0.4910197854042053
vn 2.9802322387695312e-8 -0.5229716300964355 -0.8523497581481934
vn 0.25910714268684387 0.3054281175136566 -0.9162843227386475
vn 0.19975712895393372 0.24052396416664124 -0.9498658180236816
vn -0.6344603300094604 0.2302856147289276 0.7378540635108948
vn -0.9285995364189148 0.365328848361969 -0.06509500741958618
vn -0.7857096195220947 0.3662341833114624 -0.49853038787841797
vn -0.9665119051933289 0.210898756980896 -0.14620602130889893
vn -0.9114729166030884 0.08909132331609726 -0.40159639716148376
vn -0.8306883573532104 0.06957908719778061 -0.5523722767829895
vn -0.5632287859916687 0.17364966869354248 -0.8078482151031494
vn -0.8078482747077942 0.17364966869354248 -0.5632288455963135
vn -0.5968415141105652 -0.6751977801322937 0.4334603250026703
vn 0.12116015702486038 -0.5984126925468445 0.7919734716415405
vn -0.07602367550134659 0.1321641504764557 0.9883080124855042
vn -0.8150761723518372 0.19957947731018066 0.5438919067382812
vn 0.9912651777267456 0.09325483441352844 -0.09325485676527023
vn 0.9687656164169312 -0.10270953178405762 -0.2257070392370224
vn 0.7051195502281189 0.19991302490234375 0.6803240180015564
vn 0.6547240018844604 0.19966763257980347 0.7290191054344177
vn 0.4910581111907959 -0.3364068269729614 0.8035498261451721
vn 0.9123773574829102 0.21187907457351685 0.3502490520477295
vn 0.42153024673461914 0.269353449344635 0.8658871650695801
vn 0.3381080627441406 0.29044511914253235 0.8951671719551086
vn -0.6344603300094604 0.2302856147289276 0.7378540635108948
vn -0.3898608088493347 0.2694404721260071 -0.8805737495422363
vn -0.42752861976623535 0.2978810667991638 -0.8535138368606567
vn -0.9123772382736206 0.3502490818500519 0.2118789553642273
vn -0.6344603300094604 0.2302856147289276 0.7378540635108948
vn -0.9753826856613159 0.1840580403804779 -0.12145334482192993
vn -0.7571427822113037 0.14600957930088043 -0.6367225646972656
vn -0.30542802810668945 0.25910723209381104 -0.9162843227386475
vn -0.9326915740966797 0.20617395639419556 -0.295936644077301
vn 0.43411242961883545 -0.11416605114936829 0.8935952186584473
vn 0.7667005658149719 -0.3996630311012268 0.5024334192276001
vn 0.6074423789978027 0.22954773902893066 0.7604742050170898
vn 0.361324280500412 0.2661606967449188 0.8936457633972168
vn 0.7607535123825073 -0.6422514915466309 0.09363135695457458
vn 0.6964492797851562 0.1729641556739807 0.6964492797851562
vn 0.6964492797851562 0.1729641556739807 0.6964492797851562
vn 0.7280664443969727 -0.6552596092224121 -0.20138004422187805
vn 0.45842093229293823 0.19137972593307495 0.8678845763206482
vn 0.8218741416931152 0.09388726949691772 0.5618788003921509
vn 0.4788641929626465 0.16649723052978516 0.8619555234909058
vn 0.35024914145469666 0.21187907457351685 0.9123774170875549
vn 0.7509969472885132 -0.6599246859550476 -0.02241779863834381
vn 0.5141929984092712 -0.4891514182090759 0.7045112252235413
vn 0.2601112425327301 0.15073096752166748 0.9537410736083984
vn 0.3898608088493347 0.2694404125213623 0.8805736899375916
vn -0.834883451461792 0.1947559267282486 -0.5148196220397949
vn -0.5024323463439941 0.25198912620544434 -0.8270809054374695
vn -0.8956760168075562 0.31445521116256714 -0.3144552707672119
vn -0.9402584433555603 0.29047518968582153 0.17758911848068237
vn -0.08105349540710449 0.22320887446403503 0.9713948369026184
vn -0.9869264364242554 0.057229988276958466 0.15066683292388916
vn -0.9564679861068726 0.19396904110908508 -0.2180478870868683
vn -0.914813220500946 0.23556804656982422 0.3280610144138336
vn -0.9648078083992004 0.12528300285339355 0.2311922013759613
vn 0.0010917671024799347 0.12336274981498718 0.9923608303070068
vn -0.30072635412216187 0.23231473565101624 0.9249828457832336
vn -0.9123772978782654 0.21187901496887207 0.3502490818500519
vn 0.9831390976905823 -0.05818098783493042 -0.17335538566112518
vn 0.9345813989639282 -0.2736387252807617 -0.22733058035373688
vn 0.8854318857192993 0.13920068740844727 -0.44343334436416626
vn 0.8911274671554565 0.24168676137924194 0.3840298652648926
vn -0.545543372631073 -0.6583563685417175 -0.5186029076576233
vn -0.13930270075798035 0.14176806807518005 -0.9800491333007812
vn -0.6715559959411621 0.1728607416152954 -0.7205076217651367
vn -0.7431119680404663 -0.6182057857513428 -0.2561362683773041
vn -0.8306883573532104 0.06957908719778061 -0.5523722767829895
vn -0.7796034812927246 0.14871050417423248 -0.6083610653877258
vn 0.0011249184608459473 0.16312164068222046 -0.9866051077842712
vn -0.09480369091033936 0.11353026330471039 -0.9890009164810181
vn -0.9549188613891602 0.06263845413923264 0.29018285870552063
vn -0.9389436841011047 0.10880467295646667 -0.3264138400554657
vn -0.916776180267334 0.28241920471191406 -0.28241920471191406
vn -0.9665118455886841 0.21089878678321838 0.14620602130889893
vn 0.2467724084854126 0.08225733041763306 0.9655759334564209
vn 0.7051195502281189 0.19991302490234375 0.6803240180015564
vn 0.40231239795684814 0.18735849857330322 0.8961255550384521
vn 0.04028163105249405 0.23802825808525085 0.9704224467277527
vn -0.19975712895393372 0.2405240535736084 0.9498656988143921
vn -0.14620596170425415 0.210898756980896 0.9665118455886841
vn -0.543891966342926 0.19957944750785828 0.8150761127471924
vn -0.9665118455886841 0.21089878678321838 0.14620602130889893
vn 0.09636235237121582 0.13443125784397125 -0.9862263202667236
vn 0.09636235237121582 0.13443125784397125 -0.9862263202667236
vn 0.10125231742858887 0.20375454425811768 -0.9737720489501953
vn 0.15073105692863464 0.26011112332344055 -0.9537409543991089
vn -0.6715559959411621 0.1728607416152954 -0.7205076217651367
vn 0.0011249184608459473 0.16312164068222046 -0.9866051077842712
vn 0.11759904026985168 0.1394214779138565 -0.9832252264022827
vn -0.6201025247573853 -0.4029008746147156 -0.6731594204902649
vn -0.12145340442657471 0.1840580403804779 -0.9753826856613159
vn 0.2144789695739746 0.16974107921123505 -0.9618661403656006
vn 0.2807483375072479 -0.5378381013870239 -0.7949278354644775
vn 0.5523723363876343 0.06957907974720001 -0.8306884765625
vn 0.251201331615448 0.10434507578611374 -0.9622939825057983
vn 0.7604742646217346 0.2295476496219635 -0.6074423789978027
vn 0.9546316862106323 0.29778626561164856 0.0012254491448402405
vn 0.9598581790924072 0.020946860313415527 0.27970194816589355
vn 0.9659615755081177 -0.08218252658843994 -0.24528348445892334
vn 0.9537411332130432 0.15073105692863464 -0.26011115312576294
vn 0.6422754526138306 0.2584959864616394 0.7215688228607178
vn -0.9648078083992004 0.12528300285339355 0.2311922013759613
vn -0.6909670233726501 0.34466665983200073 0.635428249835968
vn -0.9123772978782654 0.21187901496887207 0.3502490818500519
vn -0.914813220500946 0.23556804656982422 0.3280610144138336
vn -0.2645622789859772 0.17501822113990784 0.9483540058135986
vn -0.6344603300094604 0.2302856147289276 0.7378540635108948
vn 0.37077105045318604 0.5569729804992676 0.7431753873825073
vn 0.21447893977165222 0.1697412133216858 0.9618661403656006
vn 0.9470285177230835 0.06348064541816711 -0.31481245160102844
vn 0.8477057218551636 0.11737453937530518 -0.5173177719116211
vn 0.9417327046394348 0.3336643874645233 -0.04251321777701378
vn 0.8023458123207092 0.2272539734840393 0.5519025921821594
vn 0.07005539536476135 -0.05363607406616211 0.9960999488830566
vn 0.1429726481437683 0.0011083483695983887 0.9897257685661316
vn 0.04028163105249405 0.23802825808525085 0.9704224467277527
vn -0.1935223489999771 0.1908893883228302 0.9623460173606873
vn 0.28241926431655884 0.2824190855026245 0.9167761206626892
vn 0.0011249743402004242 0.16312170028686523 0.986605167388916
vn 0.44343334436416626 0.1392008662223816 0.8854318261146545
vn 0.6715558767318726 0.1728607416152954 0.7205076813697815
vn -0.6344603300094604 0.2302856147289276 0.7378540635108948
vn -0.8836544156074524 0.3187198042869568 -0.34288808703422546
vn -0.8704223036766052 0.3227751851081848 -0.371726930141449
vn -0.8704223036766052 0.3227751851081848 -0.371726930141449
vn -0.9673932790756226 0.1903705894947052 -0.16705983877182007
vn 0.1840580701828003 0.12145334482192993 0.9753826856613159
vn 0.04028163105249405 0.23802825808525085 0.9704224467277527
vn 0.001193322241306305 0.25179019570350647 0.9677809476852417
vn 0.001193322241306305 0.25179019570350647 0.9677809476852417
vn 0.2601112425327301 0.15073096752166748 0.9537410736083984
vn 0.6619453430175781 -0.7137089967727661 0.2290143072605133
vn 0.6306279897689819 -0.7098606824874878 -0.31369712948799133
vn 0.9817492365837097 0.017427444458007812 -0.18937891721725464
vn 0.7282218337059021 0.2864871025085449 0.6225895285606384
vn -0.921234667301178 -0.38670751452445984 -0.04223430156707764
vn -0.9111618399620056 0.136182963848114 -0.38889336585998535
vn -0.8477057814598083 0.11737470328807831 -0.5173178911209106
vn -0.876409649848938 -0.4156944155693054 -0.24311357736587524
vn 0.9470285177230835 0.06348064541816711 -0.31481245160102844
vn 0.6061769723892212 0.06735314428806305 -0.7924724817276001
vn 0.8911274671554565 0.2416868507862091 -0.38402992486953735
vn 0.9433250427246094 0.32059839367866516 0.08575687557458878
vn 0.2101317048072815 -0.020068824291229248 0.9774670004844666
vn 0.4910581111907959 -0.3364068269729614 0.8035498261451721
vn 0.28241926431655884 0.2824190855026245 0.9167761206626892
vn -0.10125225782394409 0.20375460386276245 0.973771870136261
vn 0.4210178852081299 -0.4453073740005493 0.7902183532714844
vn -0.49177682399749756 -0.6281944513320923 0.6029319763183594
vn -0.06348071247339249 0.3148123323917389 0.9470284581184387
vn -0.07983912527561188 0.2002120018005371 0.9764940738677979
vn -0.5055198669433594 -0.8460022211074829 0.16949784755706787
vn -0.8407647013664246 -0.35607022047042847 -0.40783363580703735
vn -0.5677270293235779 -0.2806917726993561 -0.7738850116729736
vn 0.374265193939209 -0.717341423034668 -0.5876619815826416
vn 0.0011416077613830566 0.18380576372146606 -0.9829617142677307
vn 0.09968942403793335 0.18091771006584167 -0.9784326553344727
vn 0.6853142380714417 0.31592512130737305 -0.6561520099639893
vn 0.6853142380714417 0.31592512130737305 -0.6561520099639893
vn -0.4928969740867615 0.3365735411643982 -0.8023532629013062
vn 0.892762303352356 0.11423972249031067 -0.43580344319343567
vn 0.9618662595748901 0.16974115371704102 0.2144789695739746
vn 0.7215688228607178 0.2584959864616394 0.6422754526138306
vn 0.7215688228607178 0.2584959864616394 0.6422754526138306
vn 0.7132229804992676 0.22729086875915527 0.6630620956420898
vn 0.7825223207473755 0.3390393555164337 0.5222171545028687
vn -0.2101317048072815 -0.020068824291229248 0.977466881275177
vn -0.023843228816986084 0.6605980396270752 0.7503607273101807
vn -0.7040581703186035 0.6495298147201538 0.28707602620124817
vn 0.9821364879608154 0.18712890148162842 -0.019758936017751694
vn -0.9341038465499878 0.22896084189414978 -0.27391013503074646
vn -0.8460652232170105 0.2463228851556778 -0.47275614738464355
vn 0.6079959869384766 0.34393346309661865 0.7155769467353821
vn 0.9821364879608154 0.18712890148162842 -0.019758936017751694
vn 0.8552090525627136 0.1418038308620453 -0.49850645661354065
vn 0.8552090525627136 0.1418038308620453 -0.49850645661354065
vn 0.9809210300445557 0.1777995228767395 -0.07861882448196411
vn 0.9809210300445557 0.1777995228767395 -0.07861882448196411
vn 0.8552090525627136 0.1418038308620453 -0.49850645661354065
vn -0.4471753239631653 -0.7890377640724182 0.42125216126441956
vn 0.7297031879425049 -0.6833951473236084 -0.02245238423347473
vn 0.42959240078926086 0.019827306270599365 0.902804970741272
vn 0.08869931101799011 0.036136746406555176 0.9954025745391846
vn 0.669715404510498 -0.696694552898407 -0.2570946216583252
vn 0.6796414852142334 -0.7302529811859131 -0.06941011548042297
vn 0.9922046661376953 -0.112132728099823 -0.05436738207936287
vn 0.9171733260154724 0.06311458349227905 0.39345782995224
vn 0.669715404510498 -0.696694552898407 -0.2570946216583252
vn 0.5962848663330078 -0.7509362697601318 -0.28379324078559875
vn 0.9330209493637085 -0.20313525199890137 -0.29699763655662537
vn 0.9826698303222656 -0.09802490472793579 -0.15732404589653015
vn 0.5067524909973145 0.16792672872543335 0.8455780744552612
vn 0.6630620956420898 0.22729086875915527 0.7132229804992676
vn 0.4230743944644928 0.478613018989563 0.769374668598175
vn 0.8928638696670532 -0.26637113094329834 -0.36309802532196045
vn 0.9009195566177368 -0.211380735039711 -0.37902766466140747
vn 0.04011771082878113 -0.2845851480960846 -0.9578108787536621
vn 0.001374959945678711 0.6228482723236084 -0.7823413610458374
vn -0.7695426940917969 0.12010201811790466 -0.6271995902061462
vn -0.7503607869148254 0.023843243718147278 -0.66059809923172
vn -0.43807175755500793 0.871658205986023 -0.21978352963924408
vn 0.13119950890541077 -0.05639270320534706 -0.9897506833076477
vn -0.645612895488739 -0.04692787677049637 -0.7622213363647461
vn -0.02037668228149414 0.9720872640609741 -0.2337324321269989
vn -0.14806559681892395 0.9882518649101257 -0.037877269089221954
vn 0.1613292098045349 0.9767299890518188 -0.1413193941116333
vn 0.17032787203788757 -0.03849871829152107 -0.984635055065155
vn -0.03904712200164795 0.1905023455619812 -0.9809097051620483
vn -0.756813108921051 0.31333035230636597 -0.5736353993415833
vn 0.9122046232223511 -0.08902904391288757 -0.39994552731513977
vn 0.7884175777435303 0.559572696685791 0.25549107789993286
vn -0.03904712200164795 0.1905023455619812 -0.9809097051620483
vn -0.36095526814460754 0.04039575159549713 -0.9317076802253723
vn 0.7205076217651367 0.17286057770252228 -0.6715559363365173
vn 0.291084885597229 0.18072092533111572 -0.9394727945327759
vn 0.9883080720901489 0.13216421008110046 -0.07602369040250778
vn 0.6211559176445007 0.043862998485565186 0.7824583053588867
vn 0.9618662595748901 0.16974115371704102 0.2144789695739746
vn 0.7884175777435303 0.559572696685791 0.25549107789993286
vn 0.9055343866348267 0.33315443992614746 -0.26270774006843567
vn 0.9583171606063843 -0.27362126111984253 0.08221495151519775
vn -0.09019996970891953 0.0545654296875 0.9944275617599487
vn 0.46465742588043213 0.04496675729751587 0.8843479156494141
vn -0.3602196276187897 -0.043069809675216675 0.931872546672821
vn 0.5754102468490601 -0.31342166662216187 0.7554268836975098
vn -0.5855302214622498 -0.023587733507156372 0.8103072643280029
vn -0.983139157295227 -0.0581810437142849 0.17335543036460876
vn -0.573635458946228 0.7568130493164062 0.31333041191101074
vn 0.7361922264099121 -0.14633333683013916 0.6607625484466553
vn 0.7201265692710876 -0.17620116472244263 0.6710965633392334
vn 0.28074827790260315 -0.5378381013870239 0.7949278950691223
vn -0.6046321392059326 -0.5184973478317261 0.6046321392059326
vn -0.7939926981925964 0.2825539708137512 0.5382735133171082
vn -0.7397012710571289 0.047032952308654785 0.6712896823883057
vn -0.8769745230674744 -0.16808676719665527 0.45018020272254944
vn -0.9496128559112549 -0.042006928473711014 -0.31059715151786804
vn -0.03904712200164795 0.1905023455619812 -0.9809097051620483
vn -0.6605980396270752 0.023843243718147278 -0.7503608465194702
vn -0.36095526814460754 0.04039575159549713 -0.9317076802253723
vn 0.291084885597229 0.18072092533111572 -0.9394727945327759
vn -0.9332234263420105 -0.13273119926452637 0.33388063311576843
vn -0.7503607869148254 0.023843243718147278 -0.66059809923172
vn -0.645612895488739 -0.04692787677049637 -0.7622213363647461
vn -0.9230648279190063 0.20907631516456604 0.32285940647125244
vn -0.7695426940917969 0.12010201811790466 -0.6271995902061462
vn -0.2101317048072815 -0.020068824291229248 0.977466881275177
vn -0.7040581703186035 0.6495298147201538 0.28707602620124817
vn 0.7825223207473755 0.3390393555164337 0.5222171545028687
vn -0.43807175755500793 0.871658205986023 -0.21978352963924408
vn -0.2855810225009918 0.9460718631744385 0.1529415100812912
vn -0.14806559681892395 0.9882518649101257 -0.037877269089221954
vn -0.15066686272621155 0.9869264960289001 0.057230010628700256
vn -0.023843228816986084 0.6605980396270752 0.7503607273101807
vn -0.03556540608406067 0.9969090223312378 0.07005314528942108
vn -0.020946800708770752 0.9598582983016968 0.27970194816589355
vn 0.17165732383728027 0.984402596950531 0.03853530436754227
vn 0.3558526635169983 0.9035436511039734 0.23869949579238892
vn 0.6074424982070923 0.7604742646217346 -0.2295476496219635
vn -0.9402584433555603 0.29047518968582153 0.17758911848068237
vn -0.9326915144920349 0.29593679308891296 -0.20617392659187317
vn -0.40088313817977905 0.3265882134437561 -0.8559396266937256
vn -0.8575395345687866 0.21852938830852509 -0.46569374203681946
vn -0.9341038465499878 0.22896084189414978 -0.27391013503074646
vn -0.3100142180919647 0.28650611639022827 -0.9065346717834473
vn 0.5160297155380249 0.30961769819259644 0.798655092716217
vn -0.9259464144706726 0.27821189165115356 -0.25538426637649536
f 1/1/1 2/2/2 3/3/3
f 1/1/1 3/3/3 2/2/2
f 1/1/1 3/3/3 4/4/4
f 1/1/1 4/4/4 3/3/3
f 5/5/5 6/6/6 7/7/7
f 5/5/5 7/7/7 6/6/6
f 5/5/5 7/7/7 8/8/8
f 5/5/5 8/8/8 7/7/7
f 9/9/9 10/10/10 11/11/11
f 9/9/9 11/11/11 10/10/10
f 9/9/9 11/11/11 12/12/12
f 9/9/9 12/12/12 11/11/11
f 13/13/13 14/14/14 15/15/15
f 13/13/13 15/15/15 14/14/14
f 13/13/13 15/15/15 16/16/16
f 13/13/13 16/16/16 15/15/15
f 17/17/17 18/18/18 19/19/19
f 17/17/17 19/19/19 18/18/18
f 17/17/17 19/19/19 20/20/20
f 17/17/17 20/20/20 19/19/19
f 21/21/21 22/22/22 23/23/23
f 21/21/21 23/23/23 22/22/22
f 21/21/21 23/23/23 24/24/24
f 21/21/21 24/24/24 23/23/23
f 25/25/25 26/26/26 27/27/27
f 25/25/25 27/27/27 26/26/26
f 25/25/25 27/27/27 28/28/28
f 25/25/25 28/28/28 27/27/27
f 29/29/29 30/30/30 31/31/31
f 29/29/29 31/31/31 30/30/30
f 32/32/32 33/33/33 29/29/29
f 32/32/32 29/29/29 33/33/33
f 34/34/34 35/35/35 36/36/36
f 34/34/34 36/36/36 35/35/35
f 34/34/34 36/36/36 37/37/37
f 34/34/34 37/37/37 36/36/36
f 38/38/38 39/39/39 40/40/40
f 38/38/38 40/40/40 39/39/39
f 38/38/38 40/40/40 41/41/41
f 38/38/38 41/41/41 40/40/40
f 42/42/42 43/43/43 44/44/44
f 42/42/42 44/44/44 43/43/43
f 42/42/42 44/44/44 45/45/45
f 42/42/42 45/45/45 44/44/44
f 46/46/46 47/47/47 48/48/48
f 46/46/46 48/48/48 47/47/47
f 46/46/46 48/48/48 49/49/49
f 46/46/46 49/49/49 48/48/48
f 50/50/50 51/51/51 52/52/52
f 50/50/50 52/52/52 51/51/51
f 50/50/50 52/52/52 53/53/53
f 50/50/50 53/53/53 52/52/52
f 54/54/54 55/55/55 56/56/56
f 54/54/54 56/56/56 55/55/55
f 54/54/54 56/56/56 57/57/57
f 54/54/54 57/57/57 56/56/56
f 58/58/58 59/59/59 60/60/60
f 58/58/58 60/60/60 59/59/59
f 58/58/58 60/60/60 61/61/61
f 58/58/58 61/61/61 60/60/60
f 62/62/62 63/63/63 64/64/64
f 62/62/62 64/64/64 63/63/63
f 62/62/62 64/64/64 65/65/65
f 62/62/62 65/65/65 64/64/64
f 66/66/66 67/67/67 68/68/68
f 66/66/66 68/68/68 67/67/67
f 66/66/66 68/68/68 69/69/69
f 66/66/66 69/69/69 68/68/68
f 70/70/70 71/71/71 72/72/72
f 70/70/70 72/72/72 71/71/71
f 70/70/70 72/72/72 73/73/73
f 70/70/70 73/73/73 72/72/72
f 74/74/74 75/75/75 76/76/76
f 74/74/74 76/76/76 75/75/75
f 74/74/74 76/76/76 77/77/77
f 74/74/74 77/77/77 76/76/76
f 78/78/78 79/79/79 80/80/80
f 78/78/78 80/80/80 79/79/79
f 78/78/78 80/80/80 81/81/81
f 78/78/78 81/81/81 80/80/80
f 82/82/82 83/83/83 84/84/84
f 82/82/82 84/84/84 83/83/83
f 82/82/82 84/84/84 85/85/85
f 82/82/82 85/85/85 84/84/84
f 86/86/86 87/87/87 88/88/88
f 86/86/86 88/88/88 87/87/87
f 86/86/86 88/88/88 89/89/89
f 86/86/86 89/89/89 88/88/88
f 90/90/90 91/91/91 92/92/92
f 90/90/90 92/92/92 91/91/91
f 90/90/90 92/92/92 93/93/93
f 90/90/90 93/93/93 92/92/92
f 94/94/94 95/95/95 96/96/96
f 94/94/94 96/96/96 95/95/95
f 94/94/94 96/96/96 97/97/97
f 94/94/94 97/97/97 96/96/96
f 98/98/98 99/99/99 100/100/100
f 98/98/98 100/100/100 99/99/99
f 98/98/98 100/100/100 101/101/101
f 98/98/98 101/101/101 100/100/100
f 102/102/102 103/103/103 104/104/104
f 102/102/102 104/104/104 103/103/103
f 102/102/102 104/104/104 105/105/105
f 102/102/102 105/105/105 104/104/104
f 106/106/106 107/107/107 108/108/108
f 106/106/106 108/108/108 107/107/107
f 109/109/109 110/110/110 106/106/106
f 109/109/109 106/106/106 110/110/110
f 111/111/111 112/112/112 113/113/113
f 111/111/111 113/113/113 112/112/112
f 111/111/111 113/113/113 114/114/114
f 111/111/111 114/114/114 113/113/113
f 115/115/115 116/116/116 117/117/117
f 115/115/115 117/117/117 116/116/116
f 115/115/115 117/117/117 118/118/118
f 115/115/115 118/118/118 117/117/117
f 119/119/119 120/120/120 121/121/121
f 119/119/119 121/121/121 120/120/120
f 119/119/119 121/121/121 122/122/122
f 119/119/119 122/122/122 121/121/121
f 123/123/123 124/124/124 125/125/125
f 123/123/123 125/125/125 124/124/124
f 126/126/126 127/127/127 125/125/125
f 126/126/126 125/125/125 127/127/127
f 128/128/128 129/129/129 130/130/130
f 128/128/128 130/130/130 129/129/129
f 128/128/128 130/130/130 131/131/131
f 128/128/128 131/131/131 130/130/130
f 132/132/132 133/133/133 134/134/134
f 132/132/132 134/134/134 133/133/133
f 132/132/132 134/134/134 135/135/135
f 132/132/132 135/135/135 134/134/134
f 136/136/136 137/137/137 138/138/138
f 136/136/136 138/138/138 137/137/137
f 139/139/139 140/140/140 136/136/136
f 139/139/139 136/136/136 140/140/140
f 141/141/141 142/142/142 143/143/143
f 141/141/141 143/143/143 142/142/142
f 141/141/141 143/143/143 144/144/144
f 141/141/141 144/144/144 143/143/143
f 145/145/145 146/146/146 147/147/147
f 145/145/145 147/147/147 146/146/146
f 148/148/148 149/149/149 147/147/147
f 148/148/148 147/147/147 149/149/149
f 150/150/150 151/151/151 152/152/152
f 150/150/150 152/152/152 151/151/151
f 150/150/150 152/152/152 153/153/153
f 150/150/150 153/153/153 152/152/152
f 154/154/154 155/155/155 156/156/156
f 154/154/154 156/156/156 155/155/155
f 154/154/154 156/156/156 157/157/157
f 154/154/154 157/157/157 156/156/156
f 158/158/158 159/159/159 160/160/160
f 158/158/158 160/160/160 159/159/159
f 158/158/158 160/160/160 161/161/161
f 158/158/158 161/161/161 160/160/160
f 162/162/162 163/163/163 164/164/164
f 162/162/162 164/164/164 163/163/163
f 162/162/162 164/164/164 165/165/165
f 162/162/162 165/165/165 164/164/164
f 166/166/166 167/167/167 168/168/168
f 166/166/166 168/168/168 167/167/167
f 166/166/166 168/168/168 169/169/169
f 166/166/166 169/169/169 168/168/168
f 170/170/170 171/171/171 172/172/172
f 170/170/170 172/172/172 171/171/171
f 170/170/170 172/172/172 173/173/173
f 170/170/170 173/173/173 172/172/172
f 174/174/174 175/175/175 176/176/176
f 174/174/174 176/176/176 175/175/175
f 174/174/174 176/176/176 177/177/177
f 174/174/174 177/177/177 176/176/176
f 178/178/178 179/179/179 180/180/180
f 178/178/178 180/180/180 179/179/179
f 181/181/181 182/182/182 178/178/178
f 181/181/181 178/178/178 182/182/182
f 183/183/183 184/184/184 185/185/185
f 183/183/183 185/185/185 184/184/184
f 183/183/183 185/185/185 186/186/186
f 183/183/183 186/186/186 185/185/185
f 187/187/187 188/188/188 189/189/189
f 187/187/187 189/189/189 188/188/188
f 187/187/187 189/189/189 190/190/190
f 187/187/187 190/190/190 189/189/189
f 191/191/191 192/192/192 193/193/193
f 191/191/191 193/193/193 192/192/192
f 191/191/191 193/193/193 194/194/194
f 191/191/191 194/194/194 193/193/193
f 195/195/195 196/196/196 197/197/197
f 195/195/195 197/197/197 196/196/196
f 195/195/195 197/197/197 198/198/198
f 195/195/195 198/198/198 197/197/197
f 199/199/199 200/200/200 201/201/201
f 199/199/199 201/201/201 200/200/200
f 199/199/199 201/201/201 202/202/202
f 199/199/199 202/202/202 201/201/201
f 203/203/203 204/204/204 205/205/205
f 203/203/203 205/205/205 204/204/204
f 203/203/203 205/205/205 206/206/206
f 203/203/203 206/206/206 205/205/205
f 207/207/207 208/208/208 209/209/209
f 207/207/207 209/209/209 208/208/208
f 210/210/210 211/211/211 207/207/207
f 210/210/210 207/207/207 211/211/211
f 212/212/212 213/213/213 214/214/214
f 212/212/212 214/214/214 213/213/213
f 212/212/212 214/214/214 215/215/215
f 212/212/212 215/215/215 214/214/214
f 216/216/216 217/217/217 218/218/218
f 216/216/216 218/218/218 217/217/217
f 216/216/216 218/218/218 219/219/219
f 216/216/216 219/219/219 218/218/218
f 220/220/220 221/221/221 222/222/222
f 220/220/220 222/222/222 221/221/221
f 220/220/220 222/222/222 223/223/223
f 220/220/220 223/223/223 222/222/222
f 224/224/224 225/225/225 226/226/226
f 224/224/224 226/226/226 225/225/225
f 224/224/224 226/226/226 227/227/227
f 224/224/224 227/227/227 226/226/226
f 228/228/228 229/229/229 230/230/230
f 228/228/228 230/230/230 229/229/229
f 228/228/228 230/230/230 231/231/231
f 228/228/228 231/231/231 230/230/230
f 232/232/232 233/233/233 234/234/234
f 232/232/232 234/234/234 233/233/233
f 232/232/232 234/234/234 235/235/235
f 232/232/232 235/235/235 234/234/234
f 236/236/236 237/237/237 238/238/238
f 236/236/236 238/238/238 239/239/239
f 240/240/240 237/237/237 241/241/241
f 237/237/237 240/240/240 242/242/242
f 239/239/239 238/238/238 243/243/243
f 239/239/239 243/243/243 244/244/244
f 244/244/244 243/243/243 245/245/245
f 245/245/245 243/243/243 238/238/238
f 245/245/245 238/238/238 246/246/246
f 247/247/247 238/238/238 237/237/237
f 247/247/247 237/237/237 242/242/242
f 246/246/246 238/238/238 248/248/248
f 248/248/248 238/238/238 247/247/247
f 246/246/246 248/248/248 249/249/249
f 249/249/249 248/248/248 250/250/250
f 250/250/250 248/248/248 251/251/251
f 251/251/251 248/248/248 247/247/247
f 251/251/251 247/247/247 252/252/252
f 252/252/252 247/247/247 253/253/253
f 253/253/253 247/247/247 242/242/242
f 252/252/252 253/253/253 254/254/254
f 254/254/254 253/253/253 255/255/255
f 255/255/255 253/253/253 242/242/242
f 255/255/255 242/242/242 256/256/256
f 256/256/256 242/242/242 257/257/257
f 256/256/256 257/257/257 258/258/258
f 259/259/259 260/260/260 261/261/261
f 259/259/259 261/261/261 260/260/260
f 259/259/259 261/261/261 262/262/262
f 259/259/259 262/262/262 261/261/261
f 263/263/263 264/264/264 265/265/265
f 263/263/263 265/265/265 264/264/264
f 263/263/263 265/265/265 266/266/266
f 263/263/263 266/266/266 265/265/265
f 267/267/267 268/268/268 269/269/269
f 267/267/267 269/269/269 268/268/268
f 267/267/267 269/269/269 270/270/270
f 267/267/267 270/270/270 269/269/269
f 271/271/271 272/272/272 273/273/273
f 271/271/271 273/273/273 272/272/272
f 271/271/271 273/273/273 274/274/274
f 271/271/271 274/274/274 273/273/273
f 275/275/275 276/276/276 277/277/277
f 275/275/275 277/277/277 276/276/276
f 275/275/275 277/277/277 278/278/278
f 275/275/275 278/278/278 277/277/277
f 279/279/279 280/280/280 281/281/281
f 279/279/279 281/281/281 280/280/280
f 279/279/279 281/281/281 282/282/282
f 279/279/279 282/282/282 281/281/281
f 283/283/283 284/284/284 285/285/285
f 283/283/283 285/285/285 284/284/284
f 283/283/283 285/285/285 286/286/286
f 283/283/283 286/286/286 285/285/285
f 287/287/287 288/288/288 289/289/289
f 287/287/287 289/289/289 290/290/290
f 291/291/291 292/292/292 288/288/288
f 288/288/288 292/292/292 289/289/289
f 289/289/289 292/292/292 293/293/293
f 289/289/289 293/293/293 294/294/294
f 294/294/294 293/293/293 295/295/295
f 290/290/290 289/289/289 296/296/296
f 296/296/296 289/289/289 294/294/294
f 290/290/290 296/296/296 297/297/297
f 290/290/290 297/297/297 298/298/298
f 298/298/298 297/297/297 299/299/299
f 294/294/294 295/295/295 300/300/300
f 300/300/300 295/295/295 301/301/301
f 300/300/300 301/301/301 302/302/302
f 294/294/294 300/300/300 303/303/303
f 303/303/303 300/300/300 302/302/302
f 294/294/294 303/303/303 296/296/296
f 303/303/303 302/302/302 304/304/304
f 303/303/303 304/304/304 305/305/305
f 296/296/296 303/303/303 306/306/306
f 296/296/296 306/306/306 297/297/297
f 303/303/303 305/305/305 307/307/307
f 303/303/303 307/307/307 306/306/306
f 307/307/307 305/305/305 308/308/308
f 307/307/307 308/308/308 309/309/309
f 307/307/307 309/309/309 306/306/306
f 309/309/309 308/308/308 310/310/310
f 309/309/309 310/310/310 311/311/311
f 309/309/309 311/311/311 306/306/306
f 311/311/311 310/310/310 312/312/312
f 311/311/311 312/312/312 313/313/313
f 306/306/306 311/311/311 314/314/314
f 306/306/306 314/314/314 297/297/297
f 297/297/297 314/314/314 299/299/299
f 314/314/314 311/311/311 315/315/315
f 314/314/314 315/315/315 299/299/299
f 315/315/315 311/311/311 313/313/313
f 299/299/299 315/315/315 316/316/316
f 316/316/316 315/315/315 313/313/313
f 316/316/316 313/313/313 317/317/317
f 318/318/318 319/319/319 320/320/320
f 318/318/318 320/320/320 319/319/319
f 321/321/321 322/322/322 320/320/320
f 321/321/321 320/320/320 322/322/322
f 323/323/323 324/324/324 325/325/325
f 323/323/323 325/325/325 324/324/324
f 323/323/323 325/325/325 326/326/326
f 323/323/323 326/326/326 325/325/325
f 327/327/327 328/328/328 329/329/329
f 327/327/327 329/329/329 328/328/328
f 327/327/327 329/329/329 330/330/330
f 327/327/327 330/330/330 329/329/329
f 331/331/331 332/332/332 333/333/333
f 331/331/331 333/333/333 332/332/332
f 334/334/334 335/335/335 336/336/336
f 334/334/334 336/336/336 335/335/335
f 334/334/334 336/336/336 337/337/337
f 334/334/334 337/337/337 336/336/336
f 338/338/338 339/339/339 340/340/340
f 338/338/338 340/340/340 341/341/341
f 341/341/341 340/340/340 342/342/342
f 341/341/341 342/342/342 343/343/343
f 342/342/342 340/340/340 344/344/344
f 344/344/344 340/340/340 345/345/345
f 345/345/345 340/340/340 339/339/339
f 345/345/345 339/339/339 346/346/346
f 346/346/346 339/339/339 347/347/347
f 347/347/347 339/339/339 348/348/348
f 348/348/348 339/339/339 349/349/349
f 348/348/348 349/349/349 350/350/350
f 348/348/348 350/350/350 351/351/351
f 348/348/348 351/351/351 352/352/352
f 348/348/348 352/352/352 347/347/347
f 347/347/347 352/352/352 353/353/353
f 354/354/354 355/355/355 356/356/356
f 354/354/354 356/356/356 355/355/355
f 354/354/354 356/356/356 357/357/357
f 354/354/354 357/357/357 356/356/356
f 358/358/358 359/359/359 360/360/360
f 358/358/358 360/360/360 359/359/359
f 358/358/358 360/360/360 361/361/361
f 358/358/358 361/361/361 360/360/360
f 362/362/362 363/363/363 364/364/364
f 362/362/362 364/364/364 363/363/363
f 362/362/362 364/364/364 365/365/365
f 362/362/362 365/365/365 364/364/364
f 366/366/366 367/367/367 368/368/368
f 366/366/366 368/368/368 367/367/367
f 366/366/366 368/368/368 369/369/369
f 366/366/366 369/369/369 368/368/368
f 370/370/370 371/371/371 372/372/372
f 370/370/370 372/372/372 371/371/371
f 370/370/370 372/372/372 373/373/373
f 370/370/370 373/373/373 372/372/372
f 374/374/374 375/375/375 376/376/376
f 374/374/374 376/376/376 375/375/375
f 374/374/374 376/376/376 377/377/377
f 374/374/374 377/377/377 376/376/376
f 378/378/378 379/379/379 380/380/380
f 378/378/378 380/380/380 379/379/379
f 378/378/378 380/380/380 381/381/381
f 378/378/378 381/381/381 380/380/380
f 382/382/382 383/383/383 384/384/384
f 382/382/382 384/384/384 383/383/383
f 382/382/382 384/384/384 385/385/385
f 382/382/382 385/385/385 384/384/384
f 386/386/386 387/387/387 388/388/388
f 386/386/386 388/388/388 387/387/387
f 386/386/386 388/388/388 389/389/389
f 386/386/386 389/389/389 388/388/388
f 390/390/390 391/391/391 392/392/392
f 390/390/390 392/392/392 391/391/391
f 390/390/390 392/392/392 393/393/393
f 390/390/390 393/393/393 392/392/392
f 394/394/394 395/395/395 396/396/396
f 394/394/394 396/396/396 395/395/395
f 394/394/394 396/396/396 397/397/397
f 394/394/394 397/397/397 396/396/396
f 398/398/398 399/399/399 400/400/400
f 398/398/398 400/400/400 399/399/399
f 398/398/398 400/400/400 401/401/401
f 398/398/398 401/401/401 400/400/400
f 402/402/402 403/403/403 404/404/404
f 402/402/402 404/404/404 403/403/403
f 402/402/402 404/404/404 405/405/405
f 402/402/402 405/405/405 404/404/404
f 406/406/406 407/407/407 408/408/408
f 406/406/406 408/408/408 407/407/407
f 406/406/406 408/408/408 409/409/409
f 406/406/406 409/409/409 408/408/408
f 410/410/410 411/411/411 412/412/412
f 410/410/410 412/412/412 411/411/411
f 410/410/410 412/412/412 413/413/413
f 410/410/410 413/413/413 412/412/412
f 414/414/414 415/415/415 416/416/416
f 414/414/414 416/416/416 415/415/415
f 414/414/414 416/416/416 417/417/417
f 414/414/414 417/417/417 416/416/416
f 418/418/418 419/419/419 420/420/420
f 418/418/418 420/420/420 419/419/419
f 418/418/418 420/420/420 421/421/421
f 418/418/418 421/421/421 420/420/420
f 422/422/422 423/423/423 424/424/424
f 422/422/422 424/424/424 423/423/423
f 425/425/425 426/426/426 427/427/427
f 425/425/425 427/427/427 426/426/426
f 428/428/428 429/429/429 425/425/425
f 428/428/428 425/425/425 429/429/429
f 430/430/430 431/431/431 432/432/432
f 430/430/430 432/432/432 431/431/431
f 430/430/430 432/432/432 433/433/433
f 430/430/430 433/433/433 432/432/432
f 434/434/434 435/435/435 436/436/436
f 434/434/434 436/436/436 435/435/435
f 434/434/434 436/436/436 437/437/437
f 434/434/434 437/437/437 436/436/436
f 438/438/438 439/439/439 440/440/440
f 438/438/438 440/440/440 439/439/439
f 438/438/438 440/440/440 441/441/441
f 438/438/438 441/441/441 440/440/440
f 442/442/442 443/443/443 444/444/444
f 442/442/442 444/444/444 443/443/443
f 442/442/442 444/444/444 445/445/445
f 442/442/442 445/445/445 444/444/444
f 446/446/446 447/447/447 448/448/448
f 446/446/446 448/448/448 447/447/447
f 446/446/446 448/448/448 449/449/449
f 446/446/446 449/449/449 448/448/448
f 450/450/450 451/451/451 452/452/452
f 450/450/450 452/452/452 451/451/451
f 450/450/450 452/452/452 453/453/453
f 450/450/450 453/453/453 452/452/452
f 454/454/454 455/455/455 456/456/456
f 454/454/454 456/456/456 455/455/455
f 454/454/454 456/456/456 457/457/457
f 454/454/454 457/457/457 456/456/456
f 458/458/458 459/459/459 460/460/460
f 460/460/460 459/459/459 461/461/461
f 461/461/461 459/459/459 462/462/462
f 462/462/462 459/459/459 463/463/463
f 463/463/463 459/459/459 458/458/458
f 462/462/462 463/463/463 464/464/464
f 464/464/464 463/463/463 465/465/465
f 465/465/465 463/463/463 466/466/466
f 467/467/467 468/468/468 461/461/461
f 461/461/461 468/468/468 460/460/460
f 460/460/460 468/468/468 469/469/469
f 466/466/466 463/463/463 470/470/470
f 470/470/470 463/463/463 458/458/458
f 466/466/466 470/470/470 471/471/471
f 471/471/471 470/470/470 472/472/472
f 471/471/471 472/472/472 473/473/473
f 470/470/470 458/458/458 474/474/474
f 470/470/470 474/474/474 475/475/475
f 476/476/476 458/458/458 460/460/460
f 458/458/458 476/476/476 477/477/477
f 477/477/477 476/476/476 478/478/478
f 478/478/478 476/476/476 479/479/479
f 476/476/476 460/460/460 480/480/480
f 476/476/476 480/480/480 479/479/479
f 480/480/480 460/460/460 469/469/469
f 479/479/479 480/480/480 481/481/481
f 481/481/481 480/480/480 469/469/469
f 482/482/482 483/483/483 484/484/484
f 482/482/482 484/484/484 483/483/483
f 482/482/482 484/484/484 485/485/485
f 482/482/482 485/485/485 484/484/484
f 486/486/486 487/487/487 488/488/488
f 486/486/486 488/488/488 487/487/487
f 489/489/489 490/490/490 491/491/491
f 489/489/489 491/491/491 490/490/490
f 492/492/492 493/493/493 489/489/489
f 492/492/492 489/489/489 493/493/493
f 494/494/494 495/495/495 496/496/496
f 494/494/494 496/496/496 495/495/495
f 494/494/494 496/496/496 497/497/497
f 494/494/494 497/497/497 496/496/496
f 498/498/498 499/499/499 500/500/500
f 498/498/498 500/500/500 499/499/499
f 498/498/498 500/500/500 501/501/501
f 498/498/498 501/501/501 500/500/500
f 502/502/502 503/503/503 504/504/504
f 502/502/502 504/504/504 503/503/503
f 502/502/502 504/504/504 505/505/505
f 502/502/502 505/505/505 504/504/504
f 506/506/506 507/507/507 508/508/508
f 506/506/506 508/508/508 507/507/507
f 509/509/509 510/510/510 506/506/506
f 509/509/509 506/506/506 510/510/510
f 511/511/511 512/512/512 513/513/513
f 511/511/511 513/513/513 512/512/512
f 511/511/511 513/513/513 514/514/514
f 511/511/511 514/514/514 513/513/513
f 515/515/515 516/516/516 517/517/517
f 515/515/515 517/517/517 516/516/516
f 518/518/518 519/519/519 515/515/515
f 518/518/518 515/515/515 519/519/519
f 520/520/520 521/521/521 522/522/522
f 520/520/520 522/522/522 521/521/521
f 523/523/523 524/524/524 525/525/525
f 523/523/523 525/525/525 524/524/524
f 523/523/523 525/525/525 526/526/526
f 523/523/523 526/526/526 525/525/525
f 527/527/527 528/528/528 529/529/529
f 527/527/527 529/529/529 528/528/528
f 527/527/527 529/529/529 530/530/530
f 527/527/527 530/530/530 529/529/529
f 531/531/531 532/532/532 533/533/533
f 531/531/531 533/533/533 532/532/532
f 531/531/531 533/533/533 534/534/534
f 531/531/531 534/534/534 533/533/533
f 535/535/535 536/536/536 537/537/537
f 535/535/535 537/537/537 536/536/536
f 535/535/535 537/537/537 538/538/538
f 535/535/535 538/538/538 537/537/537
f 539/539/539 540/540/540 541/541/541
f 539/539/539 541/541/541 540/540/540
f 542/542/542 543/543/543 539/539/539
f 542/542/542 539/539/539 543/543/543
f 544/544/544 545/545/545 546/546/546
f 544/544/544 546/546/546 545/545/545
f 544/544/544 546/546/546 547/547/547
f 544/544/544 547/547/547 546/546/546
f 548/548/548 549/549/549 550/550/550
f 548/548/548 550/550/550 549/549/549
f 548/548/548 550/550/550 551/551/551
f 548/548/548 551/551/551 550/550/550
f 552/552/552 553/553/553 554/554/554
f 552/552/552 554/554/554 553/553/553
f 552/552/552 554/554/554 555/555/555
f 552/552/552 555/555/555 554/554/554
f 556/556/556 557/557/557 558/558/558
f 556/556/556 558/558/558 557/557/557
f 556/556/556 558/558/558 559/559/559
f 556/556/556 559/559/559 558/558/558
f 560/560/560 561/561/561 562/562/562
f 560/560/560 562/562/562 561/561/561
f 560/560/560 562/562/562 563/563/563
f 560/560/560 563/563/563 562/562/562
f 564/564/564 565/565/565 566/566/566
f 564/564/564 566/566/566 565/565/565
f 564/564/564 566/566/566 567/567/567
f 564/564/564 567/567/567 566/566/566
f 568/568/568 569/569/569 570/570/570
f 568/568/568 570/570/570 569/569/569
f 568/568/568 570/570/570 571/571/571
f 568/568/568 571/571/571 570/570/570
f 572/572/572 573/573/573 574/574/574
f 572/572/572 574/574/574 573/573/573
f 572/572/572 574/574/574 575/575/575
f 572/572/572 575/575/575 574/574/574
f 576/576/576 577/577/577 578/578/578
f 576/576/576 578/578/578 577/577/577
f 576/576/576 578/578/578 579/579/579
f 576/576/576 579/579/579 578/578/578
f 580/580/580 581/581/581 582/582/582
f 580/580/580 582/582/582 581/581/581
f 580/580/580 582/582/582 583/583/583
f 580/580/580 583/583/583 582/582/582
f 584/584/584 585/585/585 586/586/586
f 584/584/584 586/586/586 585/585/585
f 584/584/584 586/586/586 587/587/587
f 584/584/584 587/587/587 586/586/586
f 588/588/588 589/589/589 590/590/590
f 588/588/588 590/590/590 589/589/589
f 588/588/588 590/590/590 591/591/591
f 588/588/588 591/591/591 590/590/590
f 592/592/592 593/593/593 594/594/594
f 592/592/592 594/594/594 593/593/593
f 592/592/592 594/594/594 595/595/595
f 592/592/592 595/595/595 594/594/594
f 596/596/596 597/597/597 598/598/598
f 596/596/596 598/598/598 597/597/597
f 596/596/596 598/598/598 599/599/599
f 596/596/596 599/599/599 598/598/598
f 600/600/600 601/601/601 602/602/602
f 600/600/600 602/602/602 601/601/601
f 603/603/603 604/604/604 605/605/605
f 603/603/603 605/605/605 604/604/604
f 603/603/603 605/605/605 606/606/606
f 603/603/603 606/606/606 605/605/605
f 607/607/607 608/608/608 609/609/609
f 607/607/607 609/609/609 608/608/608
f 607/607/607 609/609/609 610/610/610
f 607/607/607 610/610/610 609/609/609
f 611/611/611 612/612/612 613/613/613
f 611/611/611 613/613/613 612/612/612
f 611/611/611 613/613/613 614/614/614
f 611/611/611 614/614/614 613/613/613
f 615/615/615 616/616/616 617/617/617
f 615/615/615 617/617/617 616/616/616
f 618/618/618 619/619/619 615/615/615
f 618/618/618 615/615/615 619/619/619
f 620/620/620 621/621/621 622/622/622
f 620/620/620 622/622/622 621/621/621
f 623/623/623 624/624/624 622/622/622
f 623/623/623 622/622/622 624/624/624
f 625/625/625 626/626/626 627/627/627
f 625/625/625 627/627/627 626/626/626
f 628/628/628 629/629/629 625/625/625
f 628/628/628 625/625/625 629/629/629
f 630/630/630 631/631/631 632/632/632
f 630/630/630 632/632/632 631/631/631
f 633/633/633 634/634/634 632/632/632
f 633/633/633 632/632/632 634/634/634
f 635/635/635 636/636/636 637/637/637
f 635/635/635 637/637/637 636/636/636
f 635/635/635 637/637/637 638/638/638
f 635/635/635 638/638/638 637/637/637
f 639/639/639 640/640/640 641/641/641
f 639/639/639 641/641/641 640/640/640
f 639/639/639 641/641/641 642/642/642
f 639/639/639 642/642/642 641/641/641
f 643/643/643 644/644/644 645/645/645
f 643/643/643 645/645/645 644/644/644
f 643/643/643 645/645/645 646/646/646
f 643/643/643 646/646/646 645/645/645
f 647/647/647 648/648/648 649/649/649
f 647/647/647 649/649/649 648/648/648
f 647/647/647 649/649/649 650/650/650
f 647/647/647 650/650/650 649/649/649
f 651/651/651 652/652/652 653/653/653
f 651/651/651 653/653/653 652/652/652
f 651/651/651 653/653/653 654/654/654
f 651/651/651 654/654/654 653/653/653
f 655/655/655 656/656/656 657/657/657
f 655/655/655 657/657/657 656/656/656
f 658/658/658 659/659/659 655/655/655
f 658/658/658 655/655/655 659/659/659
f 660/660/660 661/661/661 662/662/662
f 660/660/660 662/662/662 661/661/661
f 660/660/660 662/662/662 663/663/663
f 660/660/660 663/663/663 662/662/662
f 664/664/664 665/665/665 666/666/666
f 664/664/664 666/666/666 665/665/665
f 664/664/664 666/666/666 667/667/667
f 664/664/664 667/667/667 666/666/666
f 668/668/668 669/669/669 670/670/670
f 668/668/668 670/670/670 669/669/669
f 668/668/668 670/670/670 671/671/671
f 668/668/668 671/671/671 670/670/670
f 672/672/672 673/673/673 674/674/674
f 672/672/672 674/674/674 673/673/673
f 675/675/675 676/676/676 674/674/674
f 675/675/675 674/674/674 676/676/676
f 677/677/677 678/678/678 679/679/679
f 677/677/677 679/679/679 678/678/678
f 677/677/677 679/679/679 680/680/680
f 677/677/677 680/680/680 679/679/679
f 681/681/681 682/682/682 683/683/683
f 681/681/681 683/683/683 682/682/682
f 681/681/681 683/683/683 684/684/684
f 681/681/681 684/684/684 683/683/683
f 685/685/685 686/686/686 687/687/687
f 685/685/685 687/687/687 686/686/686
f 685/685/685 687/687/687 688/688/688
f 685/685/685 688/688/688 687/687/687
f 689/689/689 690/690/690 691/691/691
f 689/689/689 691/691/691 690/690/690
f 689/689/689 691/691/691 692/692/692
f 689/689/689 692/692/692 691/691/691
f 693/693/693 694/694/694 695/695/695
f 693/693/693 695/695/695 694/694/694
f 693/693/693 695/695/695 696/696/696
f 693/693/693 696/696/696 695/695/695
f 697/697/697 698/698/698 699/699/699
f 697/697/697 699/699/699 698/698/698
f 700/700/700 701/701/701 702/702/702
f 700/700/700 702/702/702 701/701/701
f 700/700/700 702/702/702 703/703/703
f 700/700/700 703/703/703 702/702/702
f 704/704/704 705/705/705 706/706/706
f 704/704/704 706/706/706 705/705/705
f 704/704/704 706/706/706 707/707/707
f 704/704/704 707/707/707 706/706/706
f 708/708/708 709/709/709 710/710/710
f 708/708/708 710/710/710 709/709/709
f 708/708/708 710/710/710 711/711/711
f 708/708/708 711/711/711 710/710/710
f 712/712/712 713/713/713 714/714/714
f 712/712/712 714/714/714 713/713/713
f 712/712/712 714/714/714 715/715/715
f 712/712/712 715/715/715 714/714/714
f 716/716/716 717/717/717 718/718/718
f 716/716/716 718/718/718 717/717/717
f 716/716/716 718/718/718 719/719/719
f 716/716/716 719/719/719 718/718/718
f 720/720/720 721/721/721 722/722/722
f 720/720/720 722/722/722 721/721/721
f 720/720/720 722/722/722 723/723/723
f 720/720/720 723/723/723 722/722/722
f 724/724/724 725/725/725 726/726/726
f 724/724/724 726/726/726 725/725/725
f 724/724/724 726/726/726 727/727/727
f 724/724/724 727/727/727 726/726/726
f 728/728/728 729/729/729 730/730/730
f 728/728/728 730/730/730 729/729/729
f 728/728/728 730/730/730 731/731/731
f 728/728/728 731/731/731 730/730/730
f 732/732/732 733/733/733 734/734/734
f 732/732/732 734/734/734 733/733/733
f 732/732/732 734/734/734 735/735/735
f 732/732/732 735/735/735 734/734/734
f 736/736/736 737/737/737 738/738/738
f 736/736/736 738/738/738 737/737/737
f 736/736/736 738/738/738 739/739/739
f 736/736/736 739/739/739 738/738/738
f 740/740/740 741/741/741 742/742/742
f 740/740/740 742/742/742 741/741/741
f 740/740/740 742/742/742 743/743/743
f 740/740/740 743/743/743 742/742/742
f 744/744/744 745/745/745 746/746/746
f 744/744/744 746/746/746 745/745/745
f 744/744/744 746/746/746 747/747/747
f 744/744/744 747/747/747 746/746/746
f 748/748/748 749/749/749 750/750/750
f 748/748/748 750/750/750 749/749/749
f 748/748/748 750/750/750 751/751/751
f 748/748/748 751/751/751 750/750/750
f 752/752/752 753/753/753 754/754/754
f 752/752/752 754/754/754 753/753/753
f 755/755/755 756/756/756 754/754/754
f 755/755/755 754/754/754 756/756/756
f 757/757/757 758/758/758 759/759/759
f 757/757/757 759/759/759 758/758/758
f 757/757/757 759/759/759 760/760/760
f 757/757/757 760/760/760 759/759/759
f 761/761/761 762/762/762 763/763/763
f 761/761/761 763/763/763 762/762/762
f 764/764/764 765/765/765 761/761/761
f 764/764/764 761/761/761 765/765/765
f 766/766/766 767/767/767 768/768/768
f 766/766/766 768/768/768 767/767/767
f 766/766/766 768/768/768 769/769/769
f 766/766/766 769/769/769 768/768/768
f 770/770/770 771/771/771 772/772/772
f 770/770/770 772/772/772 771/771/771
f 770/770/770 772/772/772 773/773/773
f 770/770/770 773/773/773 772/772/772
f 774/774/774 775/775/775 776/776/776
f 774/774/774 776/776/776 775/775/775
f 774/774/774 776/776/776 777/777/777
f 774/774/774 777/777/777 776/776/776
f 778/778/778 779/779/779 780/780/780
f 778/778/778 780/780/780 779/779/779
f 778/778/778 780/780/780 781/781/781
f 778/778/778 781/781/781 780/780/780
f 782/782/782 783/783/783 784/784/784
f 782/782/782 784/784/784 783/783/783
f 782/782/782 784/784/784 785/785/785
f 782/782/782 785/785/785 784/784/784
f 786/786/786 787/787/787 788/788/788
f 786/786/786 788/788/788 787/787/787
f 786/786/786 788/788/788 789/789/789
f 786/786/786 789/789/789 788/788/788
f 790/790/790 791/791/791 792/792/792
f 790/790/790 792/792/792 791/791/791
f 790/790/790 792/792/792 793/793/793
f 790/790/790 793/793/793 792/792/792
f 794/794/794 795/795/795 796/796/796
f 794/794/794 796/796/796 795/795/795
f 794/794/794 796/796/796 797/797/797
f 794/794/794 797/797/797 796/796/796
f 798/798/798 799/799/799 800/800/800
f 798/798/798 800/800/800 799/799/799
f 801/801/801 802/802/802 798/798/798
f 801/801/801 798/798/798 802/802/802
f 803/803/803 804/804/804 805/805/805
f 803/803/803 805/805/805 804/804/804
f 803/803/803 805/805/805 806/806/806
f 803/803/803 806/806/806 805/805/805
f 807/807/807 808/808/808 809/809/809
f 807/807/807 809/809/809 808/808/808
f 810/810/810 811/811/811 809/809/809
f 810/810/810 809/809/809 811/811/811
f 812/812/812 813/813/813 814/814/814
f 812/812/812 814/814/814 813/813/813
f 812/812/812 814/814/814 815/815/815
f 812/812/812 815/815/815 814/814/814
f 816/816/816 817/817/817 818/818/818
f 816/816/816 818/818/818 817/817/817
f 816/816/816 818/818/818 819/819/819
f 816/816/816 819/819/819 818/818/818
f 820/820/820 821/821/821 822/822/822
f 820/820/820 822/822/822 821/821/821
f 820/820/820 822/822/822 823/823/823
f 820/820/820 823/823/823 822/822/822
f 824/824/824 825/825/825 826/826/826
f 824/824/824 826/826/826 825/825/825
f 824/824/824 826/826/826 827/827/827
f 824/824/824 827/827/827 826/826/826
f 828/828/828 829/829/829 830/830/830
f 828/828/828 830/830/830 829/829/829
f 828/828/828 830/830/830 831/831/831
f 828/828/828 831/831/831 830/830/830
f 832/832/832 833/833/833 834/834/834
f 832/832/832 834/834/834 833/833/833
f 832/832/832 834/834/834 835/835/835
f 832/832/832 835/835/835 834/834/834
f 836/836/836 837/837/837 838/838/838
f 836/836/836 838/838/838 837/837/837
f 836/836/836 838/838/838 839/839/839
f 836/836/836 839/839/839 838/838/838
f 840/840/840 841/841/841 842/842/842
f 840/840/840 842/842/842 841/841/841
f 840/840/840 842/842/842 843/843/843
f 840/840/840 843/843/843 842/842/842
f 844/844/844 845/845/845 846/846/846
f 844/844/844 846/846/846 845/845/845
f 844/844/844 846/846/846 847/847/847
f 844/844/844 847/847/847 846/846/846
f 848/848/848 849/849/849 850/850/850
f 848/848/848 850/850/850 849/849/849
f 848/848/848 850/850/850 851/851/851
f 848/848/848 851/851/851 850/850/850
f 852/852/852 853/853/853 854/854/854
f 852/852/852 854/854/854 853/853/853
f 852/852/852 854/854/854 855/855/855
f 852/852/852 855/855/855 854/854/854
f 856/856/856 857/857/857 858/858/858
f 856/856/856 858/858/858 857/857/857
f 856/856/856 858/858/858 859/859/859
f 856/856/856 859/859/859 858/858/858
f 860/860/860 861/861/861 862/862/862
f 860/860/860 862/862/862 861/861/861
f 860/860/860 862/862/862 863/863/863
f 860/860/860 863/863/863 862/862/862
f 864/864/864 865/865/865 866/866/866
f 864/864/864 866/866/866 865/865/865
f 864/864/864 866/866/866 867/867/867
f 864/864/864 867/867/867 866/866/866
f 868/868/868 869/869/869 870/870/870
f 868/868/868 870/870/870 869/869/869
f 868/868/868 870/870/870 871/871/871
f 868/868/868 871/871/871 870/870/870
f 872/872/872 873/873/873 874/874/874
f 872/872/872 874/874/874 873/873/873
f 872/872/872 874/874/874 875/875/875
f 872/872/872 875/875/875 874/874/874
f 876/876/876 877/877/877 878/878/878
f 876/876/876 878/878/878 877/877/877
f 876/876/876 878/878/878 879/879/879
f 876/876/876 879/879/879 878/878/878
f 880/880/880 881/881/881 882/882/882
f 880/880/880 882/882/882 881/881/881
f 880/880/880 882/882/882 883/883/883
f 880/880/880 883/883/883 882/882/882
f 884/884/884 885/885/885 886/886/886
f 884/884/884 886/886/886 885/885/885
f 884/884/884 886/886/886 887/887/887
f 884/884/884 887/887/887 886/886/886
f 888/888/888 889/889/889 890/890/890
f 888/888/888 890/890/890 889/889/889
f 888/888/888 890/890/890 891/891/891
f 888/888/888 891/891/891 890/890/890
f 892/892/892 893/893/893 894/894/894
f 892/892/892 894/894/894 893/893/893
f 892/892/892 894/894/894 895/895/895
f 892/892/892 895/895/895 894/894/894
f 896/896/896 897/897/897 898/898/898
f 896/896/896 898/898/898 897/897/897
f 896/896/896 898/898/898 899/899/899
f 896/896/896 899/899/899 898/898/898
f 900/900/900 901/901/901 902/902/902
f 900/900/900 902/902/902 901/901/901
f 900/900/900 902/902/902 903/903/903
f 900/900/900 903/903/903 902/902/902
f 904/904/904 905/905/905 906/906/906
f 904/904/904 906/906/906 905/905/905
f 904/904/904 906/906/906 907/907/907
f 904/904/904 907/907/907 906/906/906
f 908/908/908 909/909/909 910/910/910
f 908/908/908 910/910/910 909/909/909
f 911/911/911 912/912/912 910/910/910
f 911/911/911 910/910/910 912/912/912
f 913/913/913 914/914/914 915/915/915
f 913/913/913 915/915/915 914/914/914
f 913/913/913 915/915/915 916/916/916
f 913/913/913 916/916/916 915/915/915
f 917/917/917 918/918/918 919/919/919
f 917/917/917 919/919/919 918/918/918
f 917/917/917 919/919/919 920/920/920
f 917/917/917 920/920/920 919/919/919
f 921/921/921 922/922/922 923/923/923
f 921/921/921 923/923/923 922/922/922
f 921/921/921 923/923/923 924/924/924
f 921/921/921 924/924/924 923/923/923
f 925/925/925 926/926/926 927/927/927
f 925/925/925 927/927/927 926/926/926
f 925/925/925 927/927/927 928/928/928
f 925/925/925 928/928/928 927/927/927
f 929/929/929 930/930/930 931/931/931
f 929/929/929 931/931/931 930/930/930
f 929/929/929 931/931/931 932/932/932
f 929/929/929 932/932/932 931/931/931
f 933/933/933 934/934/934 935/935/935
f 933/933/933 935/935/935 934/934/934
f 933/933/933 935/935/935 936/936/936
f 933/933/933 936/936/936 935/935/935
f 937/937/937 938/938/938 939/939/939
f 937/937/937 939/939/939 938/938/938
f 937/937/937 939/939/939 940/940/940
f 937/937/937 940/940/940 939/939/939
f 941/941/941 942/942/942 943/943/943
f 941/941/941 943/943/943 942/942/942
f 941/941/941 943/943/943 944/944/944
f 941/941/941 944/944/944 943/943/943
f 945/945/945 946/946/946 947/947/947
f 945/945/945 947/947/947 946/946/946
f 945/945/945 947/947/947 948/948/948
f 945/945/945 948/948/948 947/947/947
f 949/949/949 950/950/950 951/951/951
f 949/949/949 951/951/951 950/950/950
f 949/949/949 951/951/951 952/952/952
f 949/949/949 952/952/952 951/951/951
f 953/953/953 954/954/954 955/955/955
f 953/953/953 955/955/955 954/954/954
f 953/953/953 955/955/955 956/956/956
f 953/953/953 956/956/956 955/955/955
f 957/957/957 958/958/958 959/959/959
f 957/957/957 959/959/959 958/958/958
f 957/957/957 959/959/959 960/960/960
f 957/957/957 960/960/960 959/959/959
f 961/961/961 962/962/962 963/963/963
f 961/961/961 963/963/963 962/962/962
f 961/961/961 963/963/963 964/964/964
f 961/961/961 964/964/964 963/963/963
f 965/965/965 966/966/966 967/967/967
f 965/965/965 967/967/967 966/966/966
f 965/965/965 967/967/967 968/968/968
f 965/965/965 968/968/968 967/967/967
f 969/969/969 970/970/970 971/971/971
f 969/969/969 971/971/971 970/970/970
f 972/972/972 973/973/973 974/974/974
f 972/972/972 974/974/974 973/973/973
f 972/972/972 974/974/974 975/975/975
f 972/972/972 975/975/975 974/974/974
f 976/976/976 977/977/977 978/978/978
f 976/976/976 978/978/978 977/977/977
f 976/976/976 978/978/978 979/979/979
f 976/976/976 979/979/979 978/978/978
f 980/980/980 981/981/981 982/982/982
f 980/980/980 982/982/982 981/981/981
f 980/980/980 982/982/982 983/983/983
f 980/980/980 983/983/983 982/982/982
f 984/984/984 985/985/985 986/986/986
f 984/984/984 986/986/986 985/985/985
f 984/984/984 986/986/986 987/987/987
f 984/984/984 987/987/987 986/986/986
f 988/988/988 989/989/989 990/990/990
f 988/988/988 990/990/990 989/989/989
f 988/988/988 990/990/990 991/991/991
f 988/988/988 991/991/991 990/990/990
f 992/992/992 993/993/993 994/994/994
f 992/992/992 994/994/994 993/993/993
f 992/992/992 994/994/994 995/995/995
f 992/992/992 995/995/995 994/994/994
f 996/996/996 997/997/997 998/998/998
f 996/996/996 998/998/998 997/997/997
f 996/996/996 998/998/998 999/999/999
f 996/996/996 999/999/999 998/998/998
f 1000/1000/1000 1001/1001/1001 1002/1002/1002
f 1000/1000/1000 1002/1002/1002 1001/1001/1001
f 1000/1000/1000 1002/1002/1002 1003/1003/1003
f 1000/1000/1000 1003/1003/1003 1002/1002/1002
f 1004/1004/1004 1005/1005/1005 1006/1006/1006
f 1004/1004/1004 1006/1006/1006 1005/1005/1005
f 1004/1004/1004 1006/1006/1006 1007/1007/1007
f 1004/1004/1004 1007/1007/1007 1006/1006/1006
f 1008/1008/1008 1009/1009/1009 1010/1010/1010
f 1008/1008/1008 1010/1010/1010 1009/1009/1009
f 1011/1011/1011 1012/1012/1012 1008/1008/1008
f 1011/1011/1011 1008/1008/1008 1012/1012/1012
f 1013/1013/1013 1014/1014/1014 1015/1015/1015
f 1013/1013/1013 1015/1015/1015 1014/1014/1014
f 1016/1016/1016 1017/1017/1017 1013/1013/1013
f 1016/1016/1016 1013/1013/1013 1017/1017/1017
f 1018/1018/1018 1019/1019/1019 1020/1020/1020
f 1018/1018/1018 1020/1020/1020 1019/1019/1019
f 1018/1018/1018 1020/1020/1020 1021/1021/1021
f 1018/1018/1018 1021/1021/1021 1020/1020/1020
f 1022/1022/1022 1023/1023/1023 1024/1024/1024
f 1022/1022/1022 1024/1024/1024 1023/1023/1023
f 1022/1022/1022 1024/1024/1024 1025/1025/1025
f 1022/1022/1022 1025/1025/1025 1024/1024/1024
f 1026/1026/1026 1027/1027/1027 1028/1028/1028
f 1026/1026/1026 1028/1028/1028 1027/1027/1027
f 1026/1026/1026 1028/1028/1028 1029/1029/1029
f 1026/1026/1026 1029/1029/1029 1028/1028/1028
f 1030/1030/1030 1031/1031/1031 1032/1032/1032
f 1030/1030/1030 1032/1032/1032 1031/1031/1031
f 1030/1030/1030 1032/1032/1032 1033/1033/1033
f 1030/1030/1030 1033/1033/1033 1032/1032/1032
f 1034/1034/1034 1035/1035/1035 1036/1036/1036
f 1034/1034/1034 1036/1036/1036 1035/1035/1035
f 1034/1034/1034 1036/1036/1036 1037/1037/1037
f 1034/1034/1034 1037/1037/1037 1036/1036/1036
f 1038/1038/1038 1039/1039/1039 1040/1040/1040
f 1038/1038/1038 1040/1040/1040 1039/1039/1039
f 1038/1038/1038 1040/1040/1040 1041/1041/1041
f 1038/1038/1038 1041/1041/1041 1040/1040/1040
f 1042/1042/1042 1043/1043/1043 1044/1044/1044
f 1042/1042/1042 1044/1044/1044 1043/1043/1043
f 1045/1045/1045 1046/1046/1046 1042/1042/1042
f 1045/1045/1045 1042/1042/1042 1046/1046/1046
f 1047/1047/1047 1048/1048/1048 1049/1049/1049
f 1047/1047/1047 1049/1049/1049 1048/1048/1048
f 1050/1050/1050 1051/1051/1051 1047/1047/1047
f 1050/1050/1050 1047/1047/1047 1051/1051/1051
f 1052/1052/1052 1053/1053/1053 1054/1054/1054
f 1054/1054/1054 1053/1053/1053 1055/1055/1055
f 1056/1056/1056 1057/1057/1057 1058/1058/1058
f 1056/1056/1056 1058/1058/1058 1057/1057/1057
f 1059/1059/1059 1060/1060/1060 1058/1058/1058
f 1059/1059/1059 1058/1058/1058 1060/1060/1060
f 1061/1061/1061 1062/1062/1062 1063/1063/1063
f 1061/1061/1061 1063/1063/1063 1062/1062/1062
f 1064/1064/1064 1065/1065/1065 1063/1063/1063
f 1064/1064/1064 1063/1063/1063 1065/1065/1065
f 1066/1066/1066 1067/1067/1067 1068/1068/1068
f 1066/1066/1066 1068/1068/1068 1067/1067/1067
f 1066/1066/1066 1068/1068/1068 1069/1069/1069
f 1066/1066/1066 1069/1069/1069 1068/1068/1068
f 1070/1070/1070 1071/1071/1071 1072/1072/1072
f 1070/1070/1070 1072/1072/1072 1071/1071/1071
f 1070/1070/1070 1072/1072/1072 1073/1073/1073
f 1070/1070/1070 1073/1073/1073 1072/1072/1072
f 1074/1074/1074 1075/1075/1075 1076/1076/1076
f 1074/1074/1074 1076/1076/1076 1075/1075/1075
f 1074/1074/1074 1076/1076/1076 1077/1077/1077
f 1074/1074/1074 1077/1077/1077 1076/1076/1076
f 1078/1078/1078 1079/1079/1079 1080/1080/1080
f 1078/1078/1078 1080/1080/1080 1079/1079/1079
f 1081/1081/1081 1082/1082/1082 1083/1083/1083
f 1083/1083/1083 1082/1082/1082 1084/1084/1084
f 1083/1083/1083 1084/1084/1084 1085/1085/1085
f 1083/1083/1083 1085/1085/1085 1086/1086/1086
f 1085/1085/1085 1084/1084/1084 1087/1087/1087
f 1083/1083/1083 1086/1086/1086 1088/1088/1088
f 1083/1083/1083 1088/1088/1088 1081/1081/1081
f 1088/1088/1088 1086/1086/1086 1089/1089/1089
f 1087/1087/1087 1084/1084/1084 1090/1090/1090
f 1087/1087/1087 1090/1090/1090 1091/1091/1091
f 1090/1090/1090 1084/1084/1084 1092/1092/1092
f 1088/1088/1088 1089/1089/1089 1093/1093/1093
f 1093/1093/1093 1089/1089/1089 1094/1094/1094
f 1093/1093/1093 1094/1094/1094 1095/1095/1095
f 1088/1088/1088 1093/1093/1093 1096/1096/1096
f 1088/1088/1088 1096/1096/1096 1081/1081/1081
f 1097/1097/1097 1095/1095/1095 1098/1098/1098
f 1099/1099/1099 1097/1097/1097 1094/1094/1094
f 1097/1097/1097 1099/1099/1099 1100/1100/1100
f 1100/1100/1100 1099/1099/1099 1101/1101/1101
f 1100/1100/1100 1101/1101/1101 1102/1102/1102
f 1100/1100/1100 1102/1102/1102 1103/1103/1103
f 1100/1100/1100 1103/1103/1103 1104/1104/1104
f 1100/1100/1100 1104/1104/1104 1105/1105/1105
f 1105/1105/1105 1104/1104/1104 1106/1106/1106
f 1105/1105/1105 1106/1106/1106 1096/1096/1096
f 1096/1096/1096 1106/1106/1106 1107/1107/1107
f 1096/1096/1096 1107/1107/1107 1081/1081/1081
f 1106/1106/1106 1104/1104/1104 1108/1108/1108
f 1104/1104/1104 1103/1103/1103 1109/1109/1109
f 1104/1104/1104 1109/1109/1109 1108/1108/1108
f 1109/1109/1109 1103/1103/1103 1110/1110/1110
f 1081/1081/1081 1107/1107/1107 1111/1111/1111
f 1109/1109/1109 1110/1110/1110 1112/1112/1112
f 1109/1109/1109 1112/1112/1112 1108/1108/1108
f 1112/1112/1112 1110/1110/1110 1113/1113/1113
f 1114/1114/1114 1111/1111/1111 1108/1108/1108
f 1114/1114/1114 1108/1108/1108 1112/1112/1112
f 1111/1111/1111 1114/1114/1114 1115/1115/1115
f 1081/1081/1081 1111/1111/1111 1116/1116/1116
f 1116/1116/1116 1111/1111/1111 1115/1115/1115
f 1116/1116/1116 1115/1115/1115 1117/1117/1117
f 1081/1081/1081 1116/1116/1116 1082/1082/1082
f 1116/1116/1116 1117/1117/1117 1118/1118/1118
f 1114/1114/1114 1112/1112/1112 1119/1119/1119
f 1114/1114/1114 1119/1119/1119 1120/1120/1120
f 1114/1114/1114 1120/1120/1120 1121/1121/1121
f 1119/1119/1119 1112/1112/1112 1122/1122/1122
f 1122/1122/1122 1112/1112/1112 1113/1113/1113
f 1119/1119/1119 1122/1122/1122 1123/1123/1123
f 1122/1122/1122 1113/1113/1113 1124/1124/1124
f 1123/1123/1123 1122/1122/1122 1125/1125/1125
f 1125/1125/1125 1122/1122/1122 1124/1124/1124
f 1125/1125/1125 1124/1124/1124 1126/1126/1126
f 1127/1127/1127 1121/1121/1121 1120/1120/1120
f 1128/1128/1128 1127/1127/1127 1129/1129/1129
f 1127/1127/1127 1128/1128/1128 1130/1130/1130
f 1127/1127/1127 1130/1130/1130 1121/1121/1121
f 1130/1130/1130 1128/1128/1128 1131/1131/1131
f 1121/1121/1121 1130/1130/1130 1132/1132/1132
f 1121/1121/1121 1132/1132/1132 1118/1118/1118
f 1118/1118/1118 1132/1132/1132 1116/1116/1116
f 1132/1132/1132 1130/1130/1130 1133/1133/1133
f 1133/1133/1133 1130/1130/1130 1131/1131/1131
f 1116/1116/1116 1132/1132/1132 1134/1134/1134
f 1133/1133/1133 1131/1131/1131 1135/1135/1135
f 1116/1116/1116 1134/1134/1134 1082/1082/1082
f 1133/1133/1133 1135/1135/1135 1136/1136/1136
f 1136/1136/1136 1135/1135/1135 1137/1137/1137
f 1136/1136/1136 1137/1137/1137 1138/1138/1138
f 1133/1133/1133 1136/1136/1136 1139/1139/1139
f 1136/1136/1136 1138/1138/1138 1140/1140/1140
f 1136/1136/1136 1140/1140/1140 1141/1141/1141
f 1136/1136/1136 1141/1141/1141 1139/1139/1139
f 1141/1141/1141 1140/1140/1140 1142/1142/1142
f 1139/1139/1139 1141/1141/1141 1143/1143/1143
f 1143/1143/1143 1141/1141/1141 1142/1142/1142
f 1139/1139/1139 1143/1143/1143 1134/1134/1134
f 1143/1143/1143 1142/1142/1142 1092/1092/1092
f 1134/1134/1134 1143/1143/1143 1144/1144/1144
f 1144/1144/1144 1143/1143/1143 1092/1092/1092
f 1134/1134/1134 1144/1144/1144 1082/1082/1082
f 1144/1144/1144 1092/1092/1092 1084/1084/1084
f 1144/1144/1144 1084/1084/1084 1082/1082/1082
f 1145/1145/1145 1146/1146/1146 1147/1147/1147
f 1145/1145/1145 1147/1147/1147 1146/1146/1146
f 1145/1145/1145 1147/1147/1147 1148/1148/1148
f 1145/1145/1145 1148/1148/1148 1147/1147/1147
f 1149/1149/1149 1150/1150/1150 1151/1151/1151
f 1149/1149/1149 1151/1151/1151 1150/1150/1150
f 1149/1149/1149 1151/1151/1151 1152/1152/1152
f 1149/1149/1149 1152/1152/1152 1151/1151/1151
o trunk
usemtl trunk
v -36.33159117435846 480.9070196677381 32.590998439338264
v -35.26228854036707 516.987410117322 1.1699217716305275
v -43.40847646157573 473.09274748554384 18.993842554843333
v -26.748347000812924 592.64021595632 14.515417063330103
v -46.602159034548784 481.463717663382 5.151722140199556
v -23.64977607576866 592.8486726415439 3.4365600605649274
v -50.9906190586841 392.55206040510046 13.816655855479203
v -31.6135526642086 519.8310867069274 -15.865776717193484
v -56.67807549003541 335.246784480538 -7.654502987861633
v -44.90292447758472 458.17983432078927 -17.572518174103866
v -24.43118123557624 453.62450006439934 -49.03319783098116
v -25.809250009341504 363.1877148245263 -50.77436214356911
v -19.926069759008453 581.0713955736536 -16.96762724185553
v -38.293025155705735 299.43775942945103 -47.80485404758003
v -14.685784268566943 597.8992041640395 -15.002458583651565
v -18.12162831073671 631.6139191154421 7.145468174941897
v -6.67527904660683 708.528879120594 -1.7671861986475668
v -15.007055650545857 619.3477900948112 21.325110450504333
v -6.147755060608931 719.5190369613528 11.695147029996857
v -4.584872288497414 738.3309011384258 1.266276771862676
v 3.512440410655315 751.3501324991541 7.4690603834437574
v -9.142188575324111 635.0083989421214 21.758091262006385
v 2.43410438768507 723.6642161692222 14.922246923596841
v 8.734649443250941 726.811266320897 10.627971624764871
v -0.23235832744344015 650.9503041665386 23.729791791420283
v 7.025535533747336 605.8704946923444 22.561815310650925
v 13.982912921530056 649.7669219970703 14.623847064070814
v -5.155713187427971 604.561745651125 28.85589918752355
v 10.388081702660388 588.7773844200796 33.909333503152446
v -6.714246756448521 550.0912854051966 43.88953287770429
v 15.16494929321169 491.88324785608006 50.02172443810411
v -16.156802261908226 480.3288827730915 49.57661384672631
v 2.5473156665253827 388.89201607291153 58.93574924919549
v -21.832655733964575 516.0974517581969 37.68723076722753
v -31.579162661484848 463.80673806498373 46.026547124066695
v -38.36097210411012 435.7266613817591 45.76835576004869
v -27.92288703242625 374.0603154099833 54.091909738976184
v -45.01996547218383 351.29096564345474 39.39459173698125
v -10.697450928800688 309.58491047536296 62.10358593407579
v 27.210972909852277 369.28064241184023 54.74680521356778
v 14.312445648073211 285.59538323109547 59.41650998873974
v 42.42467129324365 277.52915705282857 44.93497488066906
v 3.79488840112536 233.12088072769285 57.40236109635961
v 32.1995273349792 182.54527895469366 31.815588943601593
v -24.605076613388665 301.9784003730834 64.6124064453005
v -39.774315563712534 322.83050807442254 57.13315929953508
v -25.07322651194775 243.12130109531674 58.20195975266104
v 10.947492413633451 160.88572074109175 36.85605338239294
v 21.21083379730465 149.41486786669634 16.064680232776432
v 2.514612897643893 131.59592320599896 15.66338492190744
v -14.387045319624773 160.03665022962676 37.182480331480974
v -20.66350593341617 136.8735437318096 -5.676752821666988
v -44.91218901056005 217.12449591929519 40.17671262185405
v -49.34168237400806 324.10531532107376 43.67331820210134
v -51.80337297634816 223.62001298919438 25.15638907124677
v -45.80999922564649 175.74890392033134 8.18452907828834
v -59.83745957922748 248.3139826556829 6.405023608620711
v -46.0864192857517 195.22464181494527 -19.065817510049175
v -25.540083412110338 176.6140066732572 -37.331794659922444
v -55.61658716577245 257.0005289212925 -17.370923062947792
v -24.43118123557624 453.62450006439934 -49.03319783098116
v -19.926069759008453 581.0713955736536 -16.96762724185553
v 7.478556060415554 582.9565919290378 -29.811281857528087
v -14.685784268566943 597.8992041640395 -15.002458583651565
v -5.606408780954016 411.6503647931918 -54.79937463294803
v -25.809250009341504 363.1877148245263 -50.77436214356911
v -0.7416117995038746 620.8263607475701 -18.43355068071621
v -6.67527904660683 708.528879120594 -1.7671861986475668
v 0.5130360900299756 706.9008744607761 -5.759744076278266
v -4.584872288497414 738.3309011384258 1.266276771862676
v 4.398351696532543 743.79207581047 -0.8669241852178349
v 3.512440410655315 751.3501324991541 7.4690603834437574
v 10.142248915875053 724.67661279393 -0.21978862598303736
v 8.734649443250941 726.811266320897 10.627971624764871
v 12.634808388281995 612.5586051640548 -22.836632615937962
v 26.938204220899447 625.0232786644162 1.3981727281893332
v 13.982912921530056 649.7669219970703 14.623847064070814
v 19.58214978533467 609.0390212892547 -15.904147793927532
v 25.630346902712123 521.4867253941813 -32.59601790135301
v 34.371177981218956 452.0504493413009 -48.78709635396642
v 36.04042717790979 560.5384871715636 -21.3433978125805
v 22.410954546740676 607.5069097083385 12.964131090584702
v 7.025535533747336 605.8704946923444 22.561815310650925
v 10.388081702660388 588.7773844200796 33.909333503152446
v 33.54319202618336 581.754361550639 -0.01868802442684711
v 22.940513655895323 585.8677766454501 22.670506961702362
v 51.077529201357386 481.5605869443398 19.13132629995271
v 44.485335274944156 464.6730422973633 33.86968468117902
v 15.16494929321169 491.88324785608006 50.02172443810411
v 2.5473156665253827 388.89201607291153 58.93574924919549
v 55.31075432544618 390.38053647739684 24.93176403946764
v 27.210972909852277 369.28064241184023 54.74680521356778
v 2.5473156665253827 388.89201607291153 58.93574924919549
v 58.49525215118889 459.6112844512219 1.458546190749942
v 51.06103232526404 428.7224867212491 -32.906903056647835
v 60.03438487766296 379.6963804350125 -0.03304748885758867
v 47.55070359688106 327.1339071078563 34.99604350938572
v 42.42467129324365 277.52915705282857 44.93497488066906
v 56.517227428165945 316.2376523956539 12.474379201573651
v 56.966158348744315 306.41537013016347 31.588854282859742
v 59.19420813012311 269.434621014933 22.263972778019944
v 32.1995273349792 182.54527895469366 31.815588943601593
v 51.9606447595311 298.0574472682683 -9.513620551176897
v 48.11707913406252 349.3079613512895 -29.198309098641705
v 53.26174375579113 234.09488632923038 9.187060430293947
v 36.259141024642105 184.90081696998416 -0.8227294090929933
v 21.21083379730465 149.41486786669634 16.064680232776432
v 35.51408296494972 212.03825792928382 -32.61909710140679
v 10.679826492399682 139.94739750238855 -7.3515541675522575
v 2.514612897643893 131.59592320599896 15.66338492190744
v -20.66350593341617 136.8735437318096 -5.676752821666988
v 3.0388636147882058 153.0045881046085 -29.45810791075699
v -25.540083412110338 176.6140066732572 -37.331794659922444
v 0.7095602964322398 226.04531190526768 -52.056232775290184
v -38.293025155705735 299.43775942945103 -47.80485404758003
v 49.38587898344506 303.0888302119698 -28.73374486532737
v 23.809042502575974 252.2129524411179 -51.03523336996244
v 41.029706714660165 308.0182751332681 -44.55134155243401
v 19.33177155772532 306.5547605199138 -56.16080103896734
v 40.94960182670533 353.3151956993764 -42.41012212798351
v 28.61185102012214 360.2593339334323 -45.24857040465348
v -9.569951633768758 330.55500721368264 -56.896782296849054
vt 0.8308969140052795 0.7227088212966919
vt 0.8008667230606079 0.7233497202396393
vt 0.8209784030914307 0.7185888290405273
vt 0.7982726693153381 0.7437055706977844
vt 0.8096560835838318 0.7171544432640076
vt 0.7875301241874695 0.7420880794525146
vt 0.8279366493225098 0.7034516334533691
vt 0.7855464220046997 0.7213355004787445
vt 0.82528156042099 0.6889858841896057
vt 0.7969908714294434 0.7096774280071259
vt 0.7676320672035217 0.7055574059486389
vt 0.7777031660079956 0.6861781775951385
vt 0.7698293924331665 0.7347025871276855
vt 0.7994933724403381 0.6729026138782501
vt 0.7674794793128967 0.7402874827384949
vt 0.7820062637329102 0.7578356266021729
vt 0.7676320672035217 0.7674489617347717
vt 0.8034302592277527 0.7517929673194885
vt 0.7797479033470154 0.7699819952249527
vt 0.7697988748550415 0.7723014056682587
vt 0.7777642011642456 0.7764519155025482
vt 0.7961058616638184 0.7625660002231598
vt 0.7860957384109497 0.7728507369756699
vt 0.7885067462921143 0.776024654507637
vt 0.7987914681434631 0.7666249573230743
vt 0.8163396120071411 0.7649769634008408
vt 0.8062379956245422 0.7729422897100449
vt 0.8200933933258057 0.7538377046585083
vt 0.8388317227363586 0.7565233260393143
vt 0.8399914503097534 0.7414776980876923
vt 0.8711508512496948 0.7386394739151001
vt 0.8517715930938721 0.7287819981575012
vt 0.8887295126914978 0.7188329696655273
vt 0.8352000713348389 0.7314676344394684
vt 0.843775749206543 0.7229529619216919
vt 0.8449049592018127 0.717856377363205
vt 0.8656575083732605 0.7104098498821259
vt 0.8526261448860168 0.7018036544322968
vt 0.8927884697914124 0.7020477950572968
vt 0.9142124652862549 0.7192296981811523
vt 0.9154332280158997 0.700521856546402
vt 0.9427472949028015 0.7011017203330994
vt 0.9140903949737549 0.6886806786060333
vt 0.9441511034965515 0.6769005358219147
vt 0.8846095204353333 0.6990569829940796
vt 0.869716465473175 0.700277715921402
vt 0.8924222588539124 0.6880398094654083
vt 0.9244361519813538 0.6716818809509277
vt 0.9372234344482422 0.6644794940948486
vt 0.9166844487190247 0.6595354974269867
vt 0.904416024684906 0.669789731502533
vt 0.8819239139556885 0.6529740393161774
vt 0.8790856599807739 0.6790978610515594
vt 0.8581499457359314 0.6978362500667572
vt 0.869533360004425 0.6768395006656647
vt 0.8699911236763 0.665120393037796
vt 0.8520767688751221 0.6770226061344147
vt 0.8485671281814575 0.6617633700370789
vt 0.8419141173362732 0.6512649953365326
vt 0.8346506953239441 0.6733604073524475
vt 0.8991057872772217 0.6091189384460449
vt 0.8653828501701355 0.6331675052642822
vt 0.844721794128418 0.6226996779441833
vt 0.8540299534797668 0.6353648602962494
vt 0.8945585489273071 0.5978575944900513
vt 0.9204687476158142 0.5914182066917419
vt 0.8246101140975952 0.6376537382602692
vt 0.8069398999214172 0.6502273678779602
vt 0.8026368021965027 0.6467787623405457
vt 0.7967772483825684 0.651936411857605
vt 0.7920163869857788 0.6483962535858154
vt 0.7846919298171997 0.6499832272529602
vt 0.790734589099884 0.6449476480484009
vt 0.7793206572532654 0.6442457437515259
vt 0.8192388415336609 0.6321909129619598
vt 0.7978453636169434 0.6228522658348083
vt 0.7781609296798706 0.6338999569416046
vt 0.8119144439697266 0.6300546228885651
vt 0.8467055559158325 0.6075319647789001
vt 0.8599810600280762 0.5963316857814789
vt 0.82631915807724 0.6112552285194397
vt 0.7877742648124695 0.617603063583374
vt 0.7694936990737915 0.6249275207519531
vt 0.765892505645752 0.6107974350452423
vt 0.8050477504730225 0.6125064790248871
vt 0.7820978164672852 0.6111941933631897
vt 0.8026062846183777 0.5884884297847748
vt 0.7926877737045288 0.5837580561637878
vt 0.764671802520752 0.586870938539505
vt 0.7590563893318176 0.5644398331642151
vt 0.8106326460838318 0.5708182156085968
vt 0.7819452285766602 0.5606250166893005
vt 0.7602160573005676 0.5643482804298401
vt 0.8174993395805359 0.58732870221138
vt 0.8472243547439575 0.5885799825191498
vt 0.8300729393959045 0.5736258924007416
vt 0.8116703033447266 0.556810200214386
vt 0.8140202164649963 0.5444807410240173
vt 0.8324228525161743 0.5598010122776031
vt 0.8215277791023254 0.5539109408855438
vt 0.8351390361785889 0.5494247376918793
vt 0.8532059788703918 0.5293130278587341
vt 0.8519546985626221 0.5611133277416229
vt 0.8582720160484314 0.573809027671814
vt 0.8518021106719971 0.5458540618419647
vt 0.8745384216308594 0.539017915725708
vt 0.8810388445854187 0.5271767377853394
vt 0.887508749961853 0.551377922296524
vt 0.9024323225021362 0.5327921509742737
vt 0.9016693830490112 0.5228736102581024
vt 0.9301126003265381 0.5294961333274841
vt 0.9154332280158997 0.5413678288459778
vt 0.9405499696731567 0.5476241409778595
vt 0.9165623784065247 0.5590685606002808
vt 0.9414349794387817 0.5775627791881561
vt 0.8642536401748657 0.5658741891384125
vt 0.8965727686882019 0.5620899200439453
vt 0.8760338425636292 0.5698721408843994
vt 0.8941923379898071 0.5730460584163666
vt 0.868556797504425 0.5773796737194061
vt 0.8758201599121094 0.5811639726161957
vt 0.9126560091972351 0.5815607309341431
vn -0.8770751357078552 0.2413831353187561 0.4152988791465759
vn -0.9720873832702637 0.2337324172258377 -0.020376652479171753
vn -0.9202099442481995 0.185743510723114 0.3445470929145813
vn -0.9266377091407776 0.3413929045200348 0.15745878219604492
vn -0.9619837403297424 0.26602697372436523 0.06177866458892822
vn -0.9345759749412537 0.25156259536743164 -0.2515624761581421
vn -0.9738179445266724 0.06002161279320717 0.21926212310791016
vn -0.9005820155143738 0.21456333994865417 -0.37804004549980164
vn -0.9869264960289001 0.057230133563280106 -0.15066686272621155
vn -0.9055814146995544 0.1130233108997345 -0.40883713960647583
vn -0.49013110995292664 0.11642414331436157 -0.8638381958007812
vn -0.4996359944343567 0.06857744604349136 -0.8635163903236389
vn -0.7449668645858765 0.25781238079071045 -0.6152698397636414
vn -0.6350369453430176 -0.023778870701789856 -0.7721154689788818
vn -0.6962369680404663 0.25533968210220337 -0.6708617210388184
vn -0.9757276773452759 0.21535788476467133 0.039702773094177246
vn -0.8083650469779968 0.2538796663284302 -0.5311222076416016
vn -0.7513088583946228 0.28552931547164917 0.5949855446815491
vn -0.78570955991745 0.36623427271842957 0.49853020906448364
vn -0.7390853762626648 0.5798978209495544 -0.34274059534072876
vn 0.1271706223487854 0.9583679437637329 0.2556522786617279
vn -0.6422755122184753 0.2584960460662842 0.7215688228607178
vn 0.06585808098316193 0.391116738319397 0.9179816246032715
vn 0.7484331130981445 0.4260311424732208 0.5082764625549316
vn 0.1290292739868164 0.28067150712013245 0.9510912895202637
vn 0.41961321234703064 0.4487755000591278 0.789002537727356
vn 0.559572696685791 0.25549113750457764 0.788417637348175
vn -0.0868670865893364 0.3461320996284485 0.9341554045677185
vn 0.3265882134437561 0.40088310837745667 0.8559395670890808
vn -0.2689874768257141 0.20001637935638428 0.9421459436416626
vn 0.3008496165275574 0.10735154151916504 0.947610080242157
vn -0.25565218925476074 0.12717053294181824 0.9583681225776672
vn 0.055448126047849655 0.10976484417915344 0.9924097061157227
vn -0.6630622148513794 0.22729073464870453 0.7132229804992676
vn -0.5905424952507019 0.17458200454711914 0.7878961563110352
vn -0.76003098487854 0.09518694877624512 0.6428778171539307
vn -0.428132563829422 0.09006017446517944 0.8992171287536621
vn -0.8912062644958496 0.16321930289268494 0.4232146143913269
vn 0.09171944856643677 0.07360202074050903 0.9930609464645386
vn 0.4548507332801819 0.09097003936767578 0.8859091401100159
vn 0.26691508293151855 -0.05917447805404663 0.9619014263153076
vn 0.5994664430618286 -0.11959803104400635 0.7914139032363892
vn 0.19550587236881256 -0.2182702124118805 0.9561042785644531
vn 0.7225428819656372 -0.40416213870048523 0.5608781576156616
vn -0.1818051040172577 0.01968589425086975 0.9831373691558838
vn -0.6271995306015015 0.12010201811790466 0.7695426940917969
vn -0.31858333945274353 -0.1802510917186737 0.9305986762046814
vn 0.28074827790260315 -0.5378381013870239 0.7949278950691223
vn 0.7041196823120117 -0.6808556318283081 0.20162010192871094
vn 0.08328983187675476 -0.9513254165649414 0.29671984910964966
vn -0.3445861339569092 -0.5802699327468872 0.7379343509674072
vn -0.46972253918647766 -0.871306300163269 -0.14207664132118225
vn -0.7435357570648193 -0.25786447525024414 0.6169764995574951
vn -0.9111618399620056 0.13618291914463043 0.38889339566230774
vn -0.9369076490402222 -0.15523549914360046 0.3132183253765106
vn -0.8546372056007385 -0.4990260601043701 0.1434151530265808
vn -0.994499683380127 -0.09010563790798187 0.053395986557006836
vn -0.8549922108650208 -0.3268176317214966 -0.40271371603012085
vn -0.45142585039138794 -0.4530614912509918 -0.7687326073646545
vn -0.9233726263046265 -0.08800476044416428 -0.37368160486221313
vn -0.49013110995292664 0.11642414331436157 -0.8638381958007812
vn -0.7449668645858765 0.25781238079071045 -0.6152698397636414
vn -0.06002151966094971 0.21926216781139374 -0.9738178253173828
vn -0.6962369680404663 0.25533968210220337 -0.6708617210388184
vn -0.034372568130493164 0.03228936344385147 -0.998887300491333
vn -0.4996359944343567 0.06857744604349136 -0.8635163903236389
vn -0.3558526337146759 0.2386995404958725 -0.9035436511039734
vn -0.8083650469779968 0.2538796663284302 -0.5311222076416016
vn -0.1290292739868164 0.280671626329422 -0.9510912895202637
vn -0.7390853762626648 0.5798978209495544 -0.34274059534072876
vn 0.28552910685539246 0.751308798789978 -0.5949854850769043
vn 0.1271706223487854 0.9583679437637329 0.2556522786617279
vn 0.7878783345222473 0.3931301236152649 -0.4740212559700012
vn 0.7484331130981445 0.4260311424732208 0.5082764625549316
vn 0.28650617599487305 0.31001412868499756 -0.9065346717834473
vn 0.9446021318435669 0.32751262187957764 -0.021496906876564026
vn 0.559572696685791 0.25549113750457764 0.788417637348175
vn 0.6495298147201538 0.2870762348175049 -0.7040581703186035
vn 0.38986077904701233 0.2694404721260071 -0.8805736899375916
vn 0.40883710980415344 0.1130233034491539 -0.9055813550949097
vn 0.7449668049812317 0.2578122019767761 -0.6152698397636414
vn 0.751308798789978 0.28552907705307007 0.5949854850769043
vn 0.41961321234703064 0.4487755000591278 0.789002537727356
vn 0.3265882134437561 0.40088310837745667 0.8559395670890808
vn 0.9737720489501953 0.20375454425811768 0.10125233232975006
vn 0.7783535718917847 0.3116609454154968 0.5450072288513184
vn 0.8770751953125 0.24138307571411133 0.4152986407279968
vn 0.6777055263519287 0.1206464171409607 0.7253681421279907
vn 0.3008496165275574 0.10735154151916504 0.947610080242157
vn 0.055448126047849655 0.10976484417915344 0.9924097061157227
vn 0.8757521510124207 -0.020209670066833496 0.4823373556137085
vn 0.4548507332801819 0.09097003936767578 0.8859091401100159
vn 0.055448126047849655 0.10976484417915344 0.9924097061157227
vn 0.9897258877754211 0.1429726779460907 0.0011083334684371948
vn 0.8279800415039062 -0.02345949411392212 -0.5602664947509766
vn 0.9948345422744751 -0.07233130931854248 -0.07121862471103668
vn 0.812102198600769 0.11895179748535156 0.5712617039680481
vn 0.5994664430618286 -0.11959803104400635 0.7914139032363892
vn 0.9988394975662231 0.04814913868904114 0.0010244464501738548
vn 0.8678845763206482 0.19137972593307495 0.45842093229293823
vn 0.9663203954696655 -0.1489635705947876 0.20984427630901337
vn 0.7225428819656372 -0.40416213870048523 0.5608781576156616
vn 0.974083423614502 -0.1011548638343811 -0.2023095190525055
vn 0.8896011710166931 0.02274179458618164 -0.456171452999115
vn 0.949286699295044 -0.3117630183696747 -0.040720075368881226
vn 0.854637086391449 -0.4990260601043701 -0.14341521263122559
vn 0.7041196823120117 -0.6808556318283081 0.20162010192871094
vn 0.7185766100883484 -0.37241286039352417 -0.5873296856880188
vn 0.45532315969467163 -0.8373581171035767 -0.3025093674659729
vn 0.08328983187675476 -0.9513254165649414 0.29671984910964966
vn -0.46972253918647766 -0.871306300163269 -0.14207664132118225
vn 0.22916771471500397 -0.689072847366333 -0.6875030994415283
vn -0.45142585039138794 -0.4530614912509918 -0.7687326073646545
vn 0.019425779581069946 -0.25617799162864685 -0.9664342403411865
vn -0.6350369453430176 -0.023778870701789856 -0.7721154689788818
vn 0.9510973691940308 -0.0846867561340332 -0.29705503582954407
vn 0.4079229235649109 -0.21726341545581818 -0.8867892622947693
vn 0.7054725885391235 -0.06794506311416626 -0.7054725885391235
vn 0.23659563064575195 -0.04024572670459747 -0.9707740545272827
vn 0.6039969325065613 0.5498570799827576 -0.5769269466400146
vn 0.43580323457717896 0.11423974484205246 -0.8927622437477112
vn -0.1429726481437683 0.0011083707213401794 -0.9897258281707764
f 1153/1153/1153 1154/1154/1154 1155/1155/1155
f 1154/1154/1154 1153/1153/1153 1156/1156/1156
f 1155/1155/1155 1154/1154/1154 1157/1157/1157
f 1154/1154/1154 1156/1156/1156 1158/1158/1158
f 1153/1153/1153 1155/1155/1155 1159/1159/1159
f 1159/1159/1159 1155/1155/1155 1157/1157/1157
f 1157/1157/1157 1154/1154/1154 1160/1160/1160
f 1160/1160/1160 1154/1154/1154 1158/1158/1158
f 1159/1159/1159 1157/1157/1157 1161/1161/1161
f 1157/1157/1157 1160/1160/1160 1162/1162/1162
f 1157/1157/1157 1162/1162/1162 1161/1161/1161
f 1162/1162/1162 1160/1160/1160 1163/1163/1163
f 1162/1162/1162 1163/1163/1163 1164/1164/1164
f 1163/1163/1163 1160/1160/1160 1165/1165/1165
f 1165/1165/1165 1160/1160/1160 1158/1158/1158
f 1162/1162/1162 1164/1164/1164 1166/1166/1166
f 1162/1162/1162 1166/1166/1166 1161/1161/1161
f 1165/1165/1165 1158/1158/1158 1167/1167/1167
f 1167/1167/1167 1158/1158/1158 1168/1168/1168
f 1167/1167/1167 1168/1168/1168 1169/1169/1169
f 1168/1168/1168 1158/1158/1158 1170/1170/1170
f 1170/1170/1170 1158/1158/1158 1156/1156/1156
f 1169/1169/1169 1168/1168/1168 1171/1171/1171
f 1169/1169/1169 1171/1171/1171 1172/1172/1172
f 1172/1172/1172 1171/1171/1171 1173/1173/1173
f 1171/1171/1171 1168/1168/1168 1174/1174/1174
f 1174/1174/1174 1168/1168/1168 1170/1170/1170
f 1173/1173/1173 1171/1171/1171 1175/1175/1175
f 1173/1173/1173 1175/1175/1175 1176/1176/1176
f 1171/1171/1171 1174/1174/1174 1177/1177/1177
f 1171/1171/1171 1177/1177/1177 1175/1175/1175
f 1176/1176/1176 1175/1175/1175 1178/1178/1178
f 1178/1178/1178 1175/1175/1175 1177/1177/1177
f 1176/1176/1176 1178/1178/1178 1179/1179/1179
f 1177/1177/1177 1174/1174/1174 1180/1180/1180
f 1177/1177/1177 1180/1180/1180 1178/1178/1178
f 1180/1180/1180 1174/1174/1174 1170/1170/1170
f 1178/1178/1178 1180/1180/1180 1181/1181/1181
f 1181/1181/1181 1180/1180/1180 1182/1182/1182
f 1182/1182/1182 1180/1180/1180 1170/1170/1170
f 1181/1181/1181 1182/1182/1182 1183/1183/1183
f 1183/1183/1183 1182/1182/1182 1184/1184/1184
f 1183/1183/1183 1184/1184/1184 1185/1185/1185
f 1182/1182/1182 1170/1170/1170 1186/1186/1186
f 1182/1182/1182 1186/1186/1186 1184/1184/1184
f 1186/1186/1186 1170/1170/1170 1153/1153/1153
f 1153/1153/1153 1170/1170/1170 1156/1156/1156
f 1184/1184/1184 1186/1186/1186 1187/1187/1187
f 1187/1187/1187 1186/1186/1186 1153/1153/1153
f 1184/1184/1184 1187/1187/1187 1185/1185/1185
f 1187/1187/1187 1153/1153/1153 1188/1188/1188
f 1188/1188/1188 1153/1153/1153 1159/1159/1159
f 1185/1185/1185 1187/1187/1187 1189/1189/1189
f 1189/1189/1189 1187/1187/1187 1188/1188/1188
f 1188/1188/1188 1159/1159/1159 1190/1190/1190
f 1188/1188/1188 1190/1190/1190 1189/1189/1189
f 1190/1190/1190 1159/1159/1159 1161/1161/1161
f 1185/1185/1185 1189/1189/1189 1191/1191/1191
f 1185/1185/1185 1191/1191/1191 1192/1192/1192
f 1192/1192/1192 1191/1191/1191 1193/1193/1193
f 1192/1192/1192 1193/1193/1193 1194/1194/1194
f 1194/1194/1194 1193/1193/1193 1195/1195/1195
f 1195/1195/1195 1193/1193/1193 1191/1191/1191
f 1194/1194/1194 1195/1195/1195 1196/1196/1196
f 1191/1191/1191 1189/1189/1189 1197/1197/1197
f 1191/1191/1191 1197/1197/1197 1195/1195/1195
f 1197/1197/1197 1189/1189/1189 1198/1198/1198
f 1198/1198/1198 1189/1189/1189 1190/1190/1190
f 1195/1195/1195 1197/1197/1197 1199/1199/1199
f 1199/1199/1199 1197/1197/1197 1198/1198/1198
f 1196/1196/1196 1195/1195/1195 1200/1200/1200
f 1196/1196/1196 1200/1200/1200 1201/1201/1201
f 1201/1201/1201 1200/1200/1200 1202/1202/1202
f 1200/1200/1200 1195/1195/1195 1203/1203/1203
f 1200/1200/1200 1203/1203/1203 1202/1202/1202
f 1203/1203/1203 1195/1195/1195 1199/1199/1199
f 1202/1202/1202 1203/1203/1203 1204/1204/1204
f 1199/1199/1199 1198/1198/1198 1205/1205/1205
f 1199/1199/1199 1205/1205/1205 1203/1203/1203
f 1206/1206/1206 1198/1198/1198 1190/1190/1190
f 1198/1198/1198 1206/1206/1206 1205/1205/1205
f 1206/1206/1206 1190/1190/1190 1161/1161/1161
f 1205/1205/1205 1206/1206/1206 1207/1207/1207
f 1203/1203/1203 1205/1205/1205 1208/1208/1208
f 1203/1203/1203 1208/1208/1208 1204/1204/1204
f 1208/1208/1208 1205/1205/1205 1207/1207/1207
f 1207/1207/1207 1206/1206/1206 1209/1209/1209
f 1207/1207/1207 1209/1209/1209 1208/1208/1208
f 1209/1209/1209 1206/1206/1206 1161/1161/1161
f 1204/1204/1204 1208/1208/1208 1210/1210/1210
f 1210/1210/1210 1208/1208/1208 1209/1209/1209
f 1204/1204/1204 1210/1210/1210 1211/1211/1211
f 1209/1209/1209 1161/1161/1161 1212/1212/1212
f 1209/1209/1209 1212/1212/1212 1210/1210/1210
f 1212/1212/1212 1161/1161/1161 1166/1166/1166
f 1211/1211/1211 1210/1210/1210 1166/1166/1166
f 1166/1166/1166 1210/1210/1210 1212/1212/1212
f 1213/1213/1213 1214/1214/1214 1215/1215/1215
f 1215/1215/1215 1214/1214/1214 1216/1216/1216
f 1213/1213/1213 1215/1215/1215 1217/1217/1217
f 1213/1213/1213 1217/1217/1217 1218/1218/1218
f 1215/1215/1215 1216/1216/1216 1219/1219/1219
f 1219/1219/1219 1216/1216/1216 1220/1220/1220
f 1219/1219/1219 1220/1220/1220 1221/1221/1221
f 1221/1221/1221 1220/1220/1220 1222/1222/1222
f 1221/1221/1221 1222/1222/1222 1223/1223/1223
f 1223/1223/1223 1222/1222/1222 1224/1224/1224
f 1223/1223/1223 1224/1224/1224 1225/1225/1225
f 1223/1223/1223 1225/1225/1225 1221/1221/1221
f 1225/1225/1225 1224/1224/1224 1226/1226/1226
f 1219/1219/1219 1221/1221/1221 1227/1227/1227
f 1227/1227/1227 1221/1221/1221 1225/1225/1225
f 1219/1219/1219 1227/1227/1227 1215/1215/1215
f 1225/1225/1225 1226/1226/1226 1228/1228/1228
f 1228/1228/1228 1226/1226/1226 1229/1229/1229
f 1227/1227/1227 1225/1225/1225 1230/1230/1230
f 1230/1230/1230 1225/1225/1225 1228/1228/1228
f 1215/1215/1215 1227/1227/1227 1231/1231/1231
f 1231/1231/1231 1227/1227/1227 1230/1230/1230
f 1215/1215/1215 1231/1231/1231 1232/1232/1232
f 1231/1231/1231 1230/1230/1230 1233/1233/1233
f 1233/1233/1233 1230/1230/1230 1228/1228/1228
f 1231/1231/1231 1233/1233/1233 1232/1232/1232
f 1234/1234/1234 1228/1228/1228 1229/1229/1229
f 1234/1234/1234 1229/1229/1229 1235/1235/1235
f 1234/1234/1234 1235/1235/1235 1236/1236/1236
f 1228/1228/1228 1234/1234/1234 1237/1237/1237
f 1228/1228/1228 1237/1237/1237 1233/1233/1233
f 1234/1234/1234 1236/1236/1236 1238/1238/1238
f 1234/1234/1234 1238/1238/1238 1237/1237/1237
f 1237/1237/1237 1238/1238/1238 1239/1239/1239
f 1239/1239/1239 1238/1238/1238 1236/1236/1236
f 1237/1237/1237 1239/1239/1239 1233/1233/1233
f 1239/1239/1239 1236/1236/1236 1240/1240/1240
f 1240/1240/1240 1236/1236/1236 1241/1241/1241
f 1240/1240/1240 1241/1241/1241 1242/1242/1242
f 1239/1239/1239 1240/1240/1240 1243/1243/1243
f 1244/1244/1244 1240/1240/1240 1245/1245/1245
f 1240/1240/1240 1244/1244/1244 1243/1243/1243
f 1233/1233/1233 1239/1239/1239 1246/1246/1246
f 1246/1246/1246 1239/1239/1239 1243/1243/1243
f 1233/1233/1233 1246/1246/1246 1247/1247/1247
f 1233/1233/1233 1247/1247/1247 1232/1232/1232
f 1246/1246/1246 1243/1243/1243 1248/1248/1248
f 1246/1246/1246 1248/1248/1248 1247/1247/1247
f 1243/1243/1243 1244/1244/1244 1249/1249/1249
f 1249/1249/1249 1244/1244/1244 1250/1250/1250
f 1248/1248/1248 1243/1243/1243 1251/1251/1251
f 1251/1251/1251 1243/1243/1243 1249/1249/1249
f 1249/1249/1249 1250/1250/1250 1252/1252/1252
f 1249/1249/1249 1252/1252/1252 1251/1251/1251
f 1252/1252/1252 1250/1250/1250 1253/1253/1253
f 1252/1252/1252 1253/1253/1253 1251/1251/1251
f 1253/1253/1253 1250/1250/1250 1254/1254/1254
f 1248/1248/1248 1251/1251/1251 1255/1255/1255
f 1255/1255/1255 1251/1251/1251 1253/1253/1253
f 1256/1256/1256 1247/1247/1247 1248/1248/1248
f 1247/1247/1247 1256/1256/1256 1232/1232/1232
f 1256/1256/1256 1248/1248/1248 1255/1255/1255
f 1253/1253/1253 1254/1254/1254 1257/1257/1257
f 1253/1253/1253 1257/1257/1257 1255/1255/1255
f 1257/1257/1257 1254/1254/1254 1258/1258/1258
f 1258/1258/1258 1254/1254/1254 1259/1259/1259
f 1255/1255/1255 1257/1257/1257 1260/1260/1260
f 1260/1260/1260 1257/1257/1257 1258/1258/1258
f 1258/1258/1258 1259/1259/1259 1261/1261/1261
f 1258/1258/1258 1261/1261/1261 1260/1260/1260
f 1261/1261/1261 1259/1259/1259 1262/1262/1262
f 1261/1261/1261 1262/1262/1262 1263/1263/1263
f 1261/1261/1261 1263/1263/1263 1264/1264/1264
f 1261/1261/1261 1264/1264/1264 1260/1260/1260
f 1264/1264/1264 1263/1263/1263 1265/1265/1265
f 1264/1264/1264 1265/1265/1265 1266/1266/1266
f 1264/1264/1264 1266/1266/1266 1260/1260/1260
f 1266/1266/1266 1265/1265/1265 1267/1267/1267
f 1268/1268/1268 1255/1255/1255 1260/1260/1260
f 1255/1255/1255 1268/1268/1268 1256/1256/1256
f 1260/1260/1260 1266/1266/1266 1269/1269/1269
f 1268/1268/1268 1260/1260/1260 1270/1270/1270
f 1270/1270/1270 1260/1260/1260 1269/1269/1269
f 1268/1268/1268 1270/1270/1270 1256/1256/1256
f 1269/1269/1269 1266/1266/1266 1271/1271/1271
f 1269/1269/1269 1271/1271/1271 1270/1270/1270
f 1256/1256/1256 1270/1270/1270 1272/1272/1272
f 1272/1272/1272 1270/1270/1270 1271/1271/1271
f 1256/1256/1256 1272/1272/1272 1273/1273/1273
f 1273/1273/1273 1272/1272/1272 1271/1271/1271
f 1256/1256/1256 1273/1273/1273 1232/1232/1232
f 1232/1232/1232 1273/1273/1273 1217/1217/1217
f 1217/1217/1217 1273/1273/1273 1271/1271/1271
f 1232/1232/1232 1217/1217/1217 1215/1215/1215
f 1274/1274/1274 1271/1271/1271 1266/1266/1266
f 1271/1271/1271 1274/1274/1274 1217/1217/1217
f 1274/1274/1274 1266/1266/1266 1267/1267/1267
f 1217/1217/1217 1274/1274/1274 1218/1218/1218
f 1218/1218/1218 1274/1274/1274 1267/1267/1267